case_id,ctx_DRY_lesion_median,ctx_DRY_background_median,ctx_DRY_lesion_minus_bg,ctx_DRY_inner_minus_outer,ctx_DRY_rim_minus_core,ctx_DRY_lesion_iqr,ctx_DRY_bg_iqr,ctx_DRY_moranI,ctx_DRY_gearyC,ctx_DRY_topo_components_mean,ctx_DRY_topo_components_sd,ctx_DRY_hot_largest_frac_mean,ctx_DRY_hot_largest_frac_q90,ctx_DRY_vascular_contact,ctx_DRY_vascular_component_frac,ctx_DRY_vascular_elongation,ctx_ART_lesion_median,ctx_ART_background_median,ctx_ART_lesion_minus_bg,ctx_ART_inner_minus_outer,ctx_ART_rim_minus_core,ctx_ART_lesion_iqr,ctx_ART_bg_iqr,ctx_ART_moranI,ctx_ART_gearyC,ctx_ART_topo_components_mean,ctx_ART_topo_components_sd,ctx_ART_hot_largest_frac_mean,ctx_ART_hot_largest_frac_q90,ctx_ART_vascular_contact,ctx_ART_vascular_component_frac,ctx_ART_vascular_elongation,ctx_VEN_lesion_median,ctx_VEN_background_median,ctx_VEN_lesion_minus_bg,ctx_VEN_inner_minus_outer,ctx_VEN_rim_minus_core,ctx_VEN_lesion_iqr,ctx_VEN_bg_iqr,ctx_VEN_moranI,ctx_VEN_gearyC,ctx_VEN_topo_components_mean,ctx_VEN_topo_components_sd,ctx_VEN_hot_largest_frac_mean,ctx_VEN_hot_largest_frac_q90,ctx_VEN_vascular_contact,ctx_VEN_vascular_component_frac,ctx_VEN_vascular_elongation,ctx_DEL_lesion_median,ctx_DEL_background_median,ctx_DEL_lesion_minus_bg,ctx_DEL_inner_minus_outer,ctx_DEL_rim_minus_core,ctx_DEL_lesion_iqr,ctx_DEL_bg_iqr,ctx_DEL_moranI,ctx_DEL_gearyC,ctx_DEL_topo_components_mean,ctx_DEL_topo_components_sd,ctx_DEL_hot_largest_frac_mean,ctx_DEL_hot_largest_frac_q90,ctx_DEL_vascular_contact,ctx_DEL_vascular_component_frac,ctx_DEL_vascular_elongation,ctx_rel_ART_minus_DRY,ot_W1_ART_DRY,ot_JSD_ART_DRY,ctx_rel_ART_minus_VEN,ot_W1_ART_VEN,ot_JSD_ART_VEN,ctx_rel_ART_minus_DEL,ot_W1_ART_DEL,ot_JSD_ART_DEL,ctx_rel_VEN_minus_DEL,ot_W1_VEN_DEL,ot_JSD_VEN_DEL,phys_APHE_washout_axis,phys_APHE_delayed_axis
CASE00001,46.867963790893555,52.1699333190918,-5.301969528198242,-2.2679691314697266,-1.9685211181640625,49.515082359313965,51.205156326293945,0.3011732834163785,0.7000715190708713,2179.25,1054.6782388482281,0.4287868307372676,0.005375210792574436,0.089116956600226,0.0003142989479256096,3.079973518513709,79.89948272705078,69.06433486938477,10.835147857666016,3.718372344970703,-4.320240020751953,32.34941482543945,30.04185676574707,0.6650970565333281,0.33735165741288325,961.75,201.02409681428742,0.7162310680801226,0.22639123102842917,0.139739962679787,0.007102053419792722,1.76486465295593,95.0,116.0,-21.0,-15.0,6.0,32.0,35.0,0.5588257561238521,0.43127487994416974,1400.5,672.0165548556078,0.5516329927064472,0.12131279573127825,0.10076446156621298,0.012075696420299736,2.5623292528111343,71.1942367553711,80.55913925170898,-9.36490249633789,-5.459545135498047,7.299076080322266,27.80223560333252,27.847501754760742,0.5188302153857813,0.47761279628118153,1372.75,658.1783098066967,0.5703561870457586,0.012963743676208932,0.10557996749530321,0.0010642052096428536,2.9791458245368276,16.137117385864258,33.07385386335332,0.20690466568082105,31.835147857666016,14.637781159341406,0.06600959800489051,20.200050354003906,8.887856201726791,0.0331657500831891,-11.63509750366211,23.427920373268453,0.182150053649472,31.835147857666016,20.200050354003906
CASE00002,-31.39461326599121,-33.10732650756836,1.7127132415771484,-0.0881195068359375,-6.037029266357422,35.96725821495056,57.17037582397461,0.7576480430755301,0.2113191219270408,157.0,39.17269457160179,0.6511795398919555,0.4426580921710326,0.09877585479098158,0.06276623743748597,1.2805498758838234,10.641546249389648,-23.998371124267578,34.63991737365723,19.243656635284424,-9.230285167694092,43.855783224105835,73.70244407653809,0.7132763106408504,0.22009456440986871,87.25,12.07010770457331,0.6645646127613725,0.3912111468339634,0.18671732095104351,0.0803123202744909,1.4146132383020378,32.15687561035156,8.627456665039062,23.5294189453125,4.7058868408203125,-18.823532104492188,69.01960754394531,120.78431701660156,0.7652320384791937,0.17381778680389037,95.0,22.93468988235943,0.6910179361551523,0.4508611955374786,0.14345011960029305,0.07935703354225396,1.8103817376623124,16.495112419128418,4.511563301086426,11.983549118041992,2.720942497253418,-11.096906185150146,58.74109125137329,87.51410484313965,0.8522325675737236,0.12133560292704085,98.5,32.96589146375386,0.7291525354257312,0.2958199356881477,0.12543970733071236,0.03678828701492033,1.43762414772036,32.92720413208008,46.56589405271702,0.3126819326935337,11.110498428344727,20.479562957734025,0.08617028730742424,22.656368255615234,13.054956734428595,0.0551693519376333,11.545869827270508,23.327254647015323,0.09230345915607949,11.110498428344727,22.656368255615234
CASE00003,43.22661781311035,12.746733665466309,30.479884147644043,13.043720245361328,-10.696733474731445,21.83277702331543,115.36325645446777,0.5464881074426025,0.3749383329126599,593.25,297.6595160581969,0.6260479543925862,0.03319919517095936,0.08657683187780546,0.02225689724492904,1.3731094017544612,88.98677062988281,27.790258407592773,61.19651222229004,23.839462280273438,-22.920429229736328,33.535634994506836,128.37300872802734,0.5503566485377673,0.4317529836405054,624.25,194.4625606640003,0.7270791415151541,0.28712273641793334,0.11861662136364662,0.0065956998717230575,2.978510220230604,93.0,33.0,60.0,20.0,-5.0,27.0,150.0,0.4865235664376707,0.43760976524518125,715.5,400.2452373233191,0.589433804082549,0.016836335160499538,0.10467873460175543,0.01512511726752167,1.75936376083248,74.6903190612793,33.86928939819336,40.82102966308594,15.538494110107422,0.9340591430664062,26.761677742004395,137.62924575805664,0.5813945606975839,0.33026442455215566,639.75,361.8047643412121,0.5404678068406926,0.022937625754481012,0.10167138974026853,0.0075242671976405275,2.917014019509263,30.716628074645996,46.58381806822151,0.5599121563315566,1.196512222290039,4.911415965779708,0.024895230248121323,20.3754825592041,16.410174075905456,0.08537212640702442,19.178970336914062,19.46476448389714,0.13223657809402414,1.196512222290039,20.3754825592041
CASE00004,-6.318567991256714,-5.282894134521484,-1.0356738567352295,2.797926902770996,0.8887181282043457,24.303014993667603,45.81247138977051,0.8079638397091131,0.1237270007835728,641.5,219.73449888444918,0.6329631560493687,0.10050614605918758,0.05719877927863388,0.04908083093900051,2.2777896677364473,42.734901428222656,40.97349548339844,1.7614059448242188,6.913249969482422,20.925959587097168,51.43202257156372,59.203956842422485,0.861378906156519,0.09600137814003822,292.5,49.59082576444962,0.7495443338626906,0.2629893606029718,0.0930735652017032,0.04561773754735575,2.3251296171205564,61.960784912109375,85.49020385742188,-23.5294189453125,-1.568634033203125,21.960784912109375,58.03919982910156,94.11764526367188,0.830825510171392,0.1276056068446937,575.75,90.10375963299201,0.7904774225346848,0.4417189952899904,0.09039518922467578,0.06998398128607211,1.6372275955759827,63.24412536621094,77.27496337890625,-14.030838012695312,-2.5021514892578125,20.087158203125,48.362688064575195,67.76352119445801,0.8689075983018894,0.0929278854360673,370.25,70.80386641985027,0.7667555659215178,0.3551286024167388,0.09326671731543115,0.05815810216379622,1.5454417997791827,2.7970798015594482,52.99848542119789,0.4419951715726182,25.29082489013672,18.165229252699195,0.04317111105898169,15.792243957519531,17.72676816298764,0.04681668398478648,-9.498580932617188,5.369761316629146,0.009535971518515532,25.29082489013672,15.792243957519531
CASE00005,-15.594310283660889,-31.78212833404541,16.18781805038452,9.749691009521484,1.4685754776000977,19.014859676361084,60.09632849693298,0.8162928742070307,0.1057199205291869,115.5,42.098099719583544,0.9178700615657442,0.9493844049182669,0.130306497260113,0.07953877585289343,1.385007610883826,28.569517135620117,-1.5759956240653992,30.145512759685516,28.89968991279602,9.138818740844727,29.52416729927063,66.25213098526001,0.7466419314823843,0.1965644896764447,72.25,21.405314760591587,0.8278005413387156,0.5971272229781319,0.06623712892149922,0.049126342205176726,1.7649721741842879,65.09805297851562,38.43138122558594,26.666671752929688,17.254913330078125,1.568634033203125,28.23529052734375,84.70588684082031,0.8154251518408361,0.1185143465233963,111.0,35.397740040855716,0.8809035780597496,0.8260572987665344,0.062022038899222,0.08002388215647664,1.187327838190067,35.10738945007324,12.59891653060913,22.50847291946411,21.040891647338867,-5.188240051269531,22.688858032226562,73.95747470855713,0.7405956022930763,0.1547206892651865,110.5,37.75248336202534,0.8184799070165755,0.541723666206965,0.09321370506407345,0.041187390967689946,2.11235352611827,13.957694709300995,44.18959933302293,0.5405370257029093,3.478841006755829,35.17341719138059,0.3759149688261167,7.637039840221405,6.388796232197237,0.03960970704409815,4.158198833465576,32.05341912419945,0.34821456506559995,3.478841006755829,7.637039840221405
CASE00006,-41.2249870300293,-67.13324737548828,25.908260345458984,8.576366424560547,12.306171417236328,23.21411943435669,160.81384325027466,0.6861460488100897,0.22596139900237924,1963.5,416.2646393822084,0.773940033112646,0.49048539737433067,0.0993662144544282,0.0684310937925836,2.0709592667120944,-37.95811462402344,-57.792118072509766,19.834003448486328,1.1980438232421875,14.568754196166992,25.930806159973145,179.85904893279076,0.6889765444347844,0.2324688992780398,1993.5,311.52006355931553,0.7969908607840772,0.6404294291235166,0.0677156613442362,0.04091133422217538,1.3614579346006959,-32.1568603515625,-35.29411315917969,3.1372528076171875,-7.8431396484375,23.529403686523438,31.372543334960938,208.62747192382812,0.7206322881638993,0.20111287747435627,1808.25,365.62096151615816,0.8538499124347557,0.7135714629100939,0.08024938364031957,0.06202749520589332,1.6834954662220214,-32.802391052246094,-40.9832706451416,8.180879592895508,-18.255644287914038,23.07780647277832,30.643192529678345,200.8726043701172,0.7374025163266512,0.17145895089899205,1578.5,292.67259864907066,0.8705064412981338,0.7731250635998915,0.11650811271312923,0.08135860397622022,1.9029216342388127,-6.074256896972656,4.940169897910962,0.01220291236088698,16.69675064086914,7.779739647203659,0.02564629727164414,11.65312385559082,7.542153504527637,0.019824794661793963,-5.04362678527832,1.1201056355133383,0.007862434860665339,16.69675064086914,11.65312385559082
CASE00007,,,,,,,,,,,,,,,,,16.076404571533203,-14.681182861328125,30.757587432861328,15.004983067512512,-17.698609352111816,33.73237383365631,50.19426250457764,0.7144987813246346,0.26739599304202116,541.75,83.0161881803784,0.8005408956458601,0.6407227241124839,0.12659470068691694,0.012829674031546917,3.269763448397302,36.862762451171875,0.784332275390625,36.07843017578125,15.686264038085938,-20.392166137695312,37.64704895019531,69.01962280273438,0.7410743785568633,0.23082554618950735,524.25,88.09476431661533,0.7918914558411342,0.6058718861196489,0.10461236506376237,0.052249684566414496,1.865713539357353,41.29233932495117,2.3093559741973877,38.982983350753784,16.435222625732422,-12.388139724731445,33.757948875427246,75.45474243164062,0.6929267186334961,0.2731818416281145,561.0,103.46738616588321,0.7326105354945098,0.40189946722167735,0.10363101079487154,0.04092265854365474,1.9470928298246257,,,,-5.320842742919922,19.762868267019993,0.09609001021908462,-8.225395917892456,22.953829887709592,0.13973066685487642,-2.904553174972534,4.690260001620981,0.012640831327444329,-5.320842742919922,-8.225395917892456
CASE00008,34.798072814941406,40.97400665283203,-6.175933837890625,-3.631153106689453,3.0246543884277344,23.479086875915527,21.149230003356934,0.5941446233154026,0.4080476158356754,34.0,4.123105625617661,0.6184071729807938,0.1582278480912514,0.07401091405158933,0.005882126792508599,1.5410726187282033,64.25755310058594,65.72809600830078,-1.4705429077148438,-1.2003517150878906,4.178592681884766,22.813844680786133,28.006765365600586,0.49271251183457315,0.4347445379340699,44.25,10.304731922762475,0.4848364978775068,0.28481012656425253,0.09754433833527441,0.04240513628847702,1.3390994149146185,94.0,93.0,1.0,0.0,2.0,25.0,28.0,0.47686670834009576,0.5083525648809443,47.25,7.8222439235810075,0.4793064628379688,0.12426035502223311,0.07912687585239044,0.05878282265193234,1.3128399849651657,74.42841339111328,81.67427825927734,-7.2458648681640625,-6.718376159667969,8.846988677978516,20.60760498046875,23.508834838867188,0.586007973423489,0.40750716467281173,44.75,9.364160400164021,0.47679324893355324,0.13291139239665117,0.0869713506136188,0.00511322132943558,1.2867629495316648,4.705390930175781,30.204069087065946,0.39543895105311677,-2.4705429077148438,28.584131834550774,0.37210422224253153,5.775321960449219,10.074434097391508,0.08273203683845595,8.245864868164062,19.123848387831146,0.21802070472064092,-2.4705429077148438,5.775321960449219
CASE00009,-7.621511220932007,-67.09387969970703,59.472368478775024,17.54470729827881,-6.480096340179443,55.22244453430176,204.5247483253479,0.7142148765069553,0.2327338816766395,1545.5,695.6121404920992,0.575051566204885,0.13643975962945873,0.10246592127430033,0.06757130519696582,2.1631052281575034,21.133225440979004,-12.75901985168457,33.892245292663574,10.031219482421875,5.438121795654297,51.225950956344604,231.52329635620117,0.48816313052354965,0.4861057995168072,1707.5,754.6209313291012,0.5568434563672515,0.027879026696849687,0.09242679513776404,0.03506415068779147,1.0570506783808118,65.09805297851562,50.98040771484375,14.117645263671875,-3.13726806640625,23.529403686523438,69.01960754394531,301.1764678955078,0.5073390364442397,0.4797763002141973,1913.25,555.1573538196175,0.5854209898243486,0.06026438569200985,0.07784848020717668,0.0420069879939704,1.1196804885302998,67.4886474609375,36.88478469848633,30.603862762451172,5.201118469238281,15.586105346679688,59.578556060791016,295.85064697265625,0.6597667343591939,0.2778804033798428,1289.5,479.1354192710032,0.5816101832178451,0.053787804157172894,0.06915997159525068,0.044628896879108704,1.3945615178256736,-25.58012318611145,35.64473601276382,0.09319936940998817,19.7746000289917,44.86324462301079,0.17778622093189128,3.2883825302124023,45.38906702879398,0.20063644992757787,-16.486217498779297,6.674395962069902,0.009296619579712092,19.7746000289917,3.2883825302124023
CASE00010,-9.450984001159668,-5.157358646392822,-4.293625354766846,0.7537040710449219,-4.760825157165527,18.55725371837616,29.438664197921753,0.9258974761533187,0.06021933448242871,196.0,32.977264895682296,0.7257896546583,0.5959735669270079,0.06024593076976896,0.07651522851238053,1.686005075772531,15.524118423461914,25.953880310058594,-10.42976188659668,-2.0263099670410156,1.7306041717529297,30.25174941122532,51.569559414405376,0.7979149543849524,0.15093148797248654,454.25,78.69363061900245,0.6341622244027925,0.2824650376513256,0.04237685691946231,0.06636571015572759,1.5858578506833023,47.8431396484375,88.62747192382812,-40.784332275390625,-10.980392456054688,0.0,43.92158508300781,78.43136596679688,0.8164124000377996,0.13660125212950916,395.5,68.31727453580098,0.6108889338024792,0.2649985783334305,0.07039590589237751,0.05552732323745481,1.553991674591836,,,,,,,,,,,,,,,,,-6.136136531829834,27.81606617875587,0.3318371086622492,30.354570388793945,28.423451515678625,0.21593127787760363,,,,,,,30.354570388793945,
CASE00011,3.6598832607269287,-17.650127410888672,21.3100106716156,-1.3538296222686768,5.692571014165878,21.003784894943237,84.94776344299316,0.7109156458762766,0.24540273906529267,331.25,62.79878581628788,0.7338509463458776,0.5226432532323353,0.14062383681971985,0.08432535217606078,1.6608907035610476,47.65174865722656,35.08862113952637,12.563127517700195,-4.1286163330078125,7.843433380126953,26.893683433532715,145.17343139648438,0.7225634526899929,0.2579239701316627,297.25,40.88016022473493,0.7598791179230051,0.5864140480564399,0.0026427454775542905,0.00041068454925961953,4.400977479248794,82.35293579101562,66.66668701171875,15.686248779296875,-4.70587158203125,17.254913330078125,37.647064208984375,192.94117736816406,0.6739869363378537,0.3156432250927351,349.0,109.54451150103323,0.5638480174457059,0.10781671158981215,0.031117397454019535,0.006649714208559867,3.9381826743105885,57.14682197570801,29.801593780517578,27.34522819519043,9.197467803955078,3.480060577392578,27.0612850189209,165.11947441101074,0.6592437849946662,0.2938791738802832,334.25,92.28048276856813,0.660024320914335,0.07902033271682524,0.05456711084640268,0.01134727035420072,2.235286817849703,-8.746883153915405,45.25889959314128,0.6245370217374008,-3.1231212615966797,31.67500588675479,0.28141983013249955,-14.782100677490234,7.838969270581643,0.03410766648392737,-11.658979415893555,24.41500106572397,0.20914926991136717,-3.1231212615966797,-14.782100677490234
CASE00012,46.5950813293457,12.395108222961426,34.19997310638428,21.83818244934082,-14.103202819824219,25.816397190093994,193.71572875976562,0.8256243161728426,0.07483169662842724,63.5,27.207535720825582,0.7867601214261621,0.5136026380859753,0.051666175169536026,0.034639614963214646,1.9060161095671289,116.7325439453125,47.34494400024414,69.38759994506836,44.55777359008789,-11.117504119873047,26.646240234375,181.97325134277344,0.6908128679306783,0.20700316935039026,230.25,57.96712430334974,0.7360759066867423,0.2327562517168652,0.042996166322593336,0.046182892471430766,1.2553910338127163,116.0,90.0,26.0,0.0,-2.0,26.0,201.0,0.7775480211651129,0.14069090181108634,368.0,110.01590794062466,0.7161276577145549,0.33735909822775806,0.058153936891738034,0.030648380028170427,1.4117069290443458,,,,,,,,,,,,,,,,,35.18762683868408,76.15108908732923,0.7295198562885722,43.38759994506836,6.798672028833385,0.02032091684638196,,,,,,,43.38759994506836,
CASE00013,-30.27755355834961,-22.097874641418457,-8.179678916931152,-3.030611038208008,1.8494949340820312,21.255748748779297,34.51235389709473,0.6135373310184482,0.36947873762158145,361.75,143.19283327038403,0.6392298157809215,0.1318275153998693,0.04566083683858442,0.0005287146763901068,1.569970828234435,-21.898279190063477,-14.890163898468018,-7.008115291595459,-5.081020832061768,5.313633918762207,24.71731472015381,26.100887954235077,0.6992618861283801,0.3012761097383453,324.75,93.37391230959534,0.6632752520469071,0.1416837782335044,0.1093646225370216,0.011002734731083774,2.204192342193161,3.9215850830078125,5.490203857421875,-1.5686187744140625,-6.2745208740234375,12.549026489257812,32.941192626953125,37.647064208984375,0.795978049745518,0.20089648992221273,238.5,62.315728351676995,0.8129510202771415,0.4960422163569693,0.20190391852988604,0.03953509571558436,1.4804678150219563,-4.062959671020508,16.584134101867676,-20.647093772888184,-16.280944287776947,5.386635363101959,30.33755397796631,33.63572323322296,0.7876200705338213,0.2142788467198597,251.5,66.94213919497942,0.6998214015100283,0.23285420944462895,0.07383218950626863,0.014612579762988642,2.380950027405337,1.1715636253356934,8.641376164616611,0.051253788413172276,-5.4394965171813965,23.962014077393786,0.2268022160133702,13.638978481292725,15.79667385802279,0.1285570974259077,19.07847499847412,8.19910872449719,0.04221754250141021,-5.4394965171813965,13.638978481292725
CASE00014,-29.620966911315918,-33.02587699890137,3.404910087585449,7.415061950683594,-7.138614654541016,34.949665546417236,51.066041231155396,0.4798326909215596,0.47836014330882637,709.5,285.2450700713336,0.4798308531483922,0.012692307692258877,0.06279340368331951,0.009657112161321476,1.157224432387221,-14.958005428314209,-12.20803689956665,-2.7499685287475586,3.787215232849121,3.40102481842041,27.424359053373337,55.76691198348999,0.5554184205322237,0.3917909010944518,537.5,144.74546625024217,0.5533970960256122,0.11807692307646894,0.09669782931424921,0.03557438692426798,2.2238445835034666,3.9215850830078125,22.745101928710938,-18.823516845703125,1.568634033203125,9.411773681640625,34.50981140136719,94.11766052246094,0.5245848697727915,0.4270296833903154,575.0,90.47651629014017,0.6060139350915155,0.2067271352977826,0.08514223809329328,0.04944441426596595,2.0800184663751153,12.320659637451172,16.136038780212402,-3.8153791427612305,2.431621551513672,2.136749267578125,31.424116134643555,74.2495231628418,0.6859475689581314,0.27273196494644136,339.0,127.79280104919839,0.6625867326236219,0.12076923076876628,0.09445090879906333,0.03570717221648615,2.3100801691673185,-6.154878616333008,17.972764772193074,0.07621522437175655,16.073548316955566,18.625322914096575,0.11800158027162494,1.0654106140136719,24.570004915459194,0.2095757342946419,-15.008137702941895,6.561390257397661,0.032178494981759356,16.073548316955566,1.0654106140136719
CASE00015,-16.350543975830078,-52.028743743896484,35.678199768066406,14.83411693572998,-4.3818254470825195,21.565481305122375,166.05511093139648,0.7349800328669336,0.18014415194932448,8402.0,4236.163181465039,0.6225763596935054,0.008715131801023611,0.039533717124905075,0.035628627653378694,1.9224555923868796,-9.838881969451904,-38.35752487182617,28.518642902374268,9.762170791625977,1.5853872299194336,21.149295777082443,154.48749041557312,0.5025208351024827,0.4938889644420391,10132.0,3930.46409473487,0.6234113040987366,0.09198453370974745,0.034445691899766234,0.03337924105972282,1.9579972108584074,10.196090698242188,-29.019607543945312,39.2156982421875,9.411758422851562,6.274505615234375,25.098037719726562,178.8235321044922,0.5816654199865098,0.38267899529113697,9523.75,3494.1792580661913,0.639237460863645,0.10777118428721429,0.03504287795905483,0.02979264243585067,1.9555090204557959,12.044261455535889,-31.474709510803223,43.51897096633911,10.551987648010254,8.290776252746582,24.619767114520073,194.94122791290283,0.6824886476175228,0.24308850265154003,9295.5,3385.6649642278544,0.6617784699419607,0.23830054929876357,0.03578936053316557,0.02910402654000142,1.2640835655643934,-7.159556865692139,10.333407477333697,0.03519151061413718,-10.697055339813232,19.115195350208428,0.21065216656051416,-15.000328063964844,21.864568248341442,0.2401590397789935,-4.303272724151611,2.964143532851699,0.007304147610213461,-10.697055339813232,-15.000328063964844
CASE00016,40.57680130004883,41.362300872802734,-0.7854995727539062,2.913928985595703,1.400899887084961,19.648242950439453,26.323976516723633,0.6220035780100911,0.35813638277636967,205.75,120.15068663973585,0.4965003732237761,0.04199247031554593,0.049339614705119314,0.03408297816114309,1.6080465169705198,74.74935913085938,52.63118362426758,22.118175506591797,14.058116912841797,-3.7237892150878906,28.668630599975586,33.061649322509766,0.6506655333055007,0.3315477393015891,255.5,107.37900167164901,0.7425361863728022,0.22820735592172545,0.10759653402872567,0.004865124914453427,2.0715322956178417,82.0,76.0,6.0,4.0,0.0,30.0,43.0,0.5861172651294284,0.39914456125937986,361.0,177.8890103407178,0.6513018556992959,0.06371035644102242,0.0849667704214331,0.003631903835859383,3.503580694721205,74.52177047729492,70.97543334960938,3.546337127685547,1.5137290954589844,1.13525390625,25.443132400512695,35.68088912963867,0.5883538901575222,0.39827071959177973,365.25,174.6029424150693,0.6250599041433649,0.038227628149324566,0.08303188357025194,0.0017549684579992169,1.597938840454165,22.903675079345703,33.72706376681252,0.44156755219948934,16.118175506591797,7.310951652486879,0.026154846327297428,18.57183837890625,1.923350035252622,0.0036425210277593613,2.453662872314453,7.3178369004973645,0.03351939306431995,16.118175506591797,18.57183837890625
CASE00017,45.36881637573242,52.31528663635254,-6.946470260620117,-5.745975494384766,0.0078582763671875,16.117504119873047,389.1356554031372,0.46249993426058794,0.4847185620505327,38.5,17.38533865071371,0.5673700291809665,0.09890109889566477,0.07329051756678016,0.00530385845580578,2.222086277647493,104.68817138671875,63.59980010986328,41.08837127685547,28.50790023803711,-12.045886993408203,26.352066040039062,629.388370513916,0.5444360667968295,0.39778533883473455,19.75,11.121488209767612,0.7172987285009558,0.17582417581451515,0.18058179070577793,0.039799182153107494,1.4033297411450754,91.0,94.0,-3.0,-8.0,3.0,21.0,630.0,0.3966764045330165,0.5729203192785991,59.0,20.223748416156685,0.42988098645261924,0.06565656565324966,0.09217982621801217,0.050933236163386804,1.44114827098383,73.75453186035156,86.1043586730957,-12.34982681274414,-13.200218200683594,11.213554382324219,25.32472801208496,789.3477592468262,0.5222099215890657,0.2875004180368014,29.75,11.121488209767612,0.6835845694321668,0.3131868131696051,0.09255761239103681,0.022632495242713213,1.5904327651796348,48.034841537475586,57.61652652754272,0.846448606292217,44.08837127685547,13.033872247037806,0.12479079122021748,53.43819808959961,35.64781978882377,0.27688159308516636,9.34982681274414,22.964458877193046,0.15613473536409747,44.08837127685547,53.43819808959961
CASE00018,40.32277488708496,-56.366432189941406,96.68920707702637,25.664062976837158,-4.617195129394531,26.251253604888916,152.39182472229004,0.5229394822528671,0.4257900672257477,122.25,53.881235138032984,0.5819934719380386,0.06455542021845852,0.13481920199480235,0.05686626348551054,1.3852124286630956,66.5790786743164,-10.828848838806152,77.40792751312256,28.27289581298828,-9.328178405761719,34.823774337768555,152.02976989746094,0.4469080099933827,0.531573042294069,162.0,56.20053380529406,0.5485709257643121,0.09378806333625106,0.17004364089749058,0.026627677720913002,1.4796341578201986,76.0,-39.0,115.0,23.0,-8.0,29.0,225.0,0.5496040047086642,0.306923121197633,126.25,42.00818372650738,0.7037995880538283,0.2106537530240841,0.06826683291759933,0.0777563633946794,1.8810921432245618,,,,,,,,,,,,,,,,,-19.28127956390381,26.201163919168643,0.21638792842766963,-37.59207248687744,10.614926791760553,0.045590583407802095,,,,,,,-37.59207248687744,
CASE00019,30.33319664001465,28.67434024810791,1.6588563919067383,-1.2173957824707031,6.497536659240723,26.193350791931152,94.24838924407959,0.4177466053875846,0.5869252532546273,75.0,25.32785028382788,0.3246751163997454,0.08016877636792537,0.09272608125788753,0.004499284204784068,1.8863681609927996,38.294517517089844,43.06633949279785,-4.771821975708008,-5.618320465087891,11.165454864501953,28.532094955444336,47.01049017906189,0.5367390922978937,0.45574360577903755,51.5,11.146748404803978,0.4237396650702195,0.12236286919314925,0.094364351244776,0.0010566500783962586,1.1350355335046178,44.0,55.0,-11.0,-11.0,17.0,31.0,94.0,0.46485171156602323,0.5298908995533533,68.25,19.803724397193573,0.4148511514046502,0.09917355371491018,0.09370904325002062,0.0038175744767864825,2.2465065830123674,,,,,,,,,,,,,,,,,-6.430678367614746,9.145946071547526,0.03419531301929645,6.228178024291992,5.117776637477465,0.027448843823353188,,,,,,,6.228178024291992,
CASE00020,41.466352462768555,37.74466323852539,3.721689224243164,1.6677780151367188,-2.723325729370117,20.190739631652832,25.137612342834473,0.5597794206878004,0.43163881715117464,82.25,34.368408458932166,0.473360404377014,0.08618127785904633,0.10001919754252252,0.005646512827122432,2.3330457549235426,98.43350982666016,59.8049430847168,38.62856674194336,25.936622619628906,-18.826786041259766,37.899620056152344,36.1506872177124,0.5584070842099137,0.39813579500109264,78.0,45.16082373030855,0.6973352501194812,0.20356612183947154,0.06565559608357524,0.09813072063939716,1.1531091226794303,86.0,79.0,7.0,3.0,-1.0,32.0,38.0,0.4229206886197553,0.5829570888004472,155.75,63.06494668197223,0.5120547329553955,0.0770308123238511,0.0938759838738839,0.06551501869277672,1.1270151694547628,74.43619918823242,82.67071914672852,-8.234519958496094,-3.3447952270507812,13.03580093383789,30.963387489318848,36.75394058227539,0.4978279731247632,0.49895406443298024,152.0,65.20352751193758,0.4554749166971709,0.041604754828505126,0.04665002879622451,0.08490395771558983,1.1568106558954347,34.906877517700195,55.92783517511145,0.6519541268128987,31.62856674194336,11.055981659110783,0.04768976600070363,46.86308670043945,22.745397860923262,0.14285581363880376,15.234519958496094,11.768153096905493,0.049854140643061116,31.62856674194336,46.86308670043945
CASE00021,50.130998611450195,50.054330825805664,0.07666778564453125,-0.07967948913574219,-0.9057464599609375,18.211891174316406,18.413609504699707,0.4809802887473242,0.5179176509958792,328.25,154.409156140431,0.5191579282404286,0.02826510721233789,0.09661941112312254,0.0028577675057775537,2.758618158227124,77.34388732910156,53.28950881958008,24.054378509521484,11.954395294189453,-17.51483154296875,22.885217666625977,14.354585647583008,0.731807035680497,0.2469642304633873,141.25,30.946526460977815,0.8873156666700701,0.8318713450251859,0.14874591057780942,0.023439940033727368,2.8780071599002315,92.0,90.0,2.0,-1.0,7.0,18.0,24.0,0.5514317354487087,0.43205879014821835,321.0,114.43120203860484,0.6146088001466918,0.1962117532773375,0.14002181025066518,0.02309638328439892,2.885040455103084,67.12935256958008,77.29561614990234,-10.166263580322266,-4.054805755615234,8.080787658691406,15.544670104980469,14.62144660949707,0.5086407301640538,0.474200742221418,330.25,133.8980489028873,0.5032348337186787,0.08723196881049107,0.08516902944374571,0.002123805359484958,1.5815705579866048,23.977710723876953,27.703504391863838,0.4271612621066615,22.054378509521484,14.331225485581049,0.15076638284245697,34.22064208984375,10.544813132416216,0.11104032203035706,12.166263580322266,24.830601351272836,0.45685951587640133,22.054378509521484,34.22064208984375
CASE00022,22.962696075439453,8.002460956573486,14.960235118865967,6.948760032653809,8.593222618103027,32.79709076881409,35.75036382675171,0.529216606529363,0.4681054577515531,8237.75,3198.2320409094773,0.64310622037941,0.1839970501474618,0.14841546931649333,0.03847277226144192,1.074209513080553,32.260250091552734,8.631090641021729,23.629159450531006,12.853400230407715,4.886862754821777,37.4764723777771,38.59302520751953,0.5745567923465211,0.42409301914093545,8139.75,2288.9445575417503,0.712189795477928,0.3695863502278812,0.15490801665099,0.045412513471974524,1.3408837708503563,48.0,12.0,36.0,21.0,3.0,41.0,46.0,0.5635584309921692,0.4304492115772415,8811.0,2663.4319026399003,0.695352987243595,0.3050039583057948,0.16490533100576305,0.058091794371424005,1.1368101211264203,,,,,,,,,,,,,,,,,8.668924331665039,10.08764373055011,0.026835336684789123,-12.370840549468994,15.570370096979163,0.05182717876556361,,,,,,,-12.370840549468994,
CASE00023,51.40290451049805,31.299017906188965,20.103886604309082,2.1480751037597656,-3.3154220581054688,60.738240242004395,117.3914442062378,0.4029827494626156,0.5921111703043123,4033.25,2154.3851065907415,0.5033247292963159,0.007615139078883896,0.10679863903493884,0.001980202475703096,1.7000893767263596,53.99857521057129,31.617932319641113,22.380642890930176,3.0185317993164062,-6.212066650390625,73.96352434158325,122.7359094619751,0.3920198910605943,0.588616941536538,4517.0,2439.45250004996,0.4893784617807503,0.0113087095303186,0.1053634395298354,0.0015054039275515583,5.879182083839585,143.0,108.0,35.0,14.0,19.0,50.0,142.0,0.8238584478335051,0.1573811038726727,810.25,122.11546789821509,0.8491083046948824,0.5806174180696267,0.19712960098976837,0.056631540575022524,1.5022508947609219,,,,,,,,,,,,,,,,,2.2767562866210938,8.536780337912745,0.010804193395884247,-12.619357109069824,89.2823976195262,0.4490288035542827,,,,,,,-12.619357109069824,
CASE00024,40.14602088928223,39.49347496032715,0.6525459289550781,-0.7079391479492188,-5.616832733154297,20.66083812713623,23.4379940032959,0.45091650609904765,0.552290985885688,21.5,3.840572873934304,0.3732366770892668,0.22413793099583829,0.1012558869693779,0.004038997214481867,1.4056254940652744,58.77114295959473,47.53687858581543,11.234264373779297,9.109899520874023,-25.47662353515625,28.7279691696167,27.158132553100586,0.6232843260432576,0.4061603302834104,13.25,4.763139720814412,0.8346301686111856,0.6724137929875148,0.10204081632572967,0.008983286908071738,1.3429851026125963,90.0,84.0,6.0,5.0,-15.0,27.0,30.0,0.5134879229739561,0.4813187133488534,19.0,1.8708286933869707,0.6607741157771576,0.5172413792211653,0.0871271585550461,0.013649025069628378,1.2349094085098156,81.78667449951172,82.48325729370117,-0.6965827941894531,-2.6547508239746094,4.047187805175781,21.570152282714844,25.44453239440918,0.47444273666071346,0.5451682229569099,23.25,5.717298313014636,0.34754254363711234,0.2068965516884661,0.1059654631074885,0.0026462395543157056,2.1358860449259796,10.581718444824219,19.397911161184314,0.19708965197846423,5.234264373779297,29.438390721086815,0.31471537992464704,11.93084716796875,22.174214355673346,0.2492656821048433,6.696582794189453,7.3470419517437895,0.07617982701533085,5.234264373779297,11.93084716796875
CASE00025,,,,,,,,,,,,,,,,,29.799165725708008,20.492658615112305,9.306507110595703,-0.4099235534667969,5.781286239624023,31.341850757598877,61.18577003479004,0.6821900090082019,0.24252981915893418,585.0,124.44476686466169,0.6090922457301944,0.2528510915599451,0.1841323319528827,0.0352712108084417,1.4298102436199538,50.98040771484375,60.39215087890625,-9.4117431640625,-7.8431396484375,10.980392456054688,37.64704895019531,76.86273193359375,0.6216309296409304,0.33582633485261165,720.75,175.9266537509311,0.5499488404268341,0.13035660773110472,0.12648276830206912,0.011653924154280643,1.1144789457165816,53.165225982666016,51.30430603027344,1.8609199523925781,-4.253528594970703,3.8696937561035156,29.94011878967285,79.5400915145874,0.6069755350085793,0.3872390663973059,687.0,180.32332073251092,0.5206803297911603,0.09677419354807178,0.13497578437562646,0.010049605347094133,1.4866286454337216,,,,18.718250274658203,22.23519804860366,0.13054627394393392,7.445587158203125,24.716287684635116,0.15958698985907274,-11.272663116455078,4.577653374409922,0.015645807056031937,18.718250274658203,7.445587158203125
CASE00026,,,,,,,,,,,,,,,,,-0.8543488383293152,19.897037506103516,-20.75138634443283,-12.67751693725586,37.25831413269043,33.428622245788574,53.45668148994446,0.7557073871676584,0.22031860198586337,1802.0,413.90457837525787,0.7818498426854644,0.42320782812145114,0.12725840712187317,0.028176382327929097,2.572668465580564,10.196090698242188,74.50982666015625,-64.31373596191406,-37.64704895019531,51.76470947265625,42.35295104980469,98.82354736328125,0.8558042279536272,0.10438126049547572,991.5,431.68767645139,0.8811140572470626,0.6627444744788982,0.08662497911643637,0.05056477429063613,1.6931225562342358,14.236783981323242,62.040414810180664,-47.80363082885742,-23.609905242919922,57.98130512237549,47.818087577819824,83.94719809293747,0.8547910290201212,0.11922801247193412,948.5,316.0454872324552,0.9297796498881539,0.8809827696230158,0.1107424998209849,0.03123511262093491,1.6270506828940718,,,,43.56234961748123,15.745516764600643,0.05546812484561333,27.05224448442459,17.874138140367666,0.06406497694672567,-16.51010513305664,3.1375880891642582,0.006251972426480063,43.56234961748123,27.05224448442459
CASE00027,35.15825653076172,6.5045247077941895,28.65373182296753,11.660806655883789,-13.218867301940918,24.33931589126587,79.60935974121094,0.6192721013114694,0.3159259869895286,1824.75,930.7455009292282,0.6024585078289099,0.07503957261571279,0.046836065833947525,0.07796418147370328,2.617720526647378,50.11294364929199,16.158658981323242,33.95428466796875,20.045299530029297,-18.003374099731445,35.94855308532715,101.95857620239258,0.5812361148967525,0.3823825402428079,3377.25,967.1433128032266,0.6965493803944744,0.37257617728513426,0.009856047740725658,0.047541476778123315,2.1770669291312776,86.0,35.0,51.0,24.0,-32.0,50.0,124.0,0.6120120013944325,0.33097985468074964,3495.75,1266.273938569376,0.6335653622865102,0.05195495626115124,0.03566270414397835,0.04907125300834499,3.07503487791789,,,,,,,,,,,,,,,,,5.300552845001221,16.864784358925757,0.11714388473819784,-17.04571533203125,33.35502095204023,0.2059158249283149,,,,,,,-17.04571533203125,
CASE00028,,,,,,,,,,,,,,,,,52.20149612426758,23.264904022216797,28.93659210205078,10.894920349121094,,44.71206092834473,33.24230074882507,0.8472641801125818,0.14762100500161995,98.5,20.982135258357285,0.19467762880747386,0.18210862619517398,0.28460346034596345,0.0797698963492769,1.4747351511584976,33.725494384765625,27.45098876953125,6.274505615234375,3.1372528076171875,,25.098037719726562,29.803924560546875,0.7397600885757286,0.24863202775443233,184.5,20.316249653910045,0.16455010344845547,0.16666666666423002,0.14811481148111108,0.02517704829621941,1.5404256674120484,27.538299560546875,23.539344787597656,3.9989547729492188,1.496262550354004,,25.969528198242188,32.52643656730652,0.6493138974860208,0.339260103063793,231.0,24.515301344262525,0.14819283560666774,0.09424920127644969,0.1122612261225842,0.019405534030644874,1.6908622860231353,,,,22.662086486816406,21.914525956697343,0.14009918273889263,24.937637329101562,28.60136554946939,0.19883198237185268,2.2755508422851562,6.9385443477271975,0.04460671737141002,22.662086486816406,24.937637329101562
CASE00030,-9.548430442810059,-1.1278797388076782,-8.42055070400238,-4.129637971520424,12.462275385856628,14.708173990249634,42.003957748413086,0.7301661936917434,0.17118129516719735,1767.5,555.2317083884889,0.7177122815098586,0.21800910454432074,0.07276406483842705,0.0277828391944535,3.8234265599020874,1.0561755895614624,10.648715019226074,-9.592539429664612,-4.120231628417969,21.759057998657227,25.948726654052734,40.650489807128906,0.640829747782519,0.33348500635613626,5363.75,925.3678660403116,0.6761545164299051,0.18324869089277604,0.07586265045002867,0.0233899426964994,1.3414430492514229,18.039230346679688,35.29412841796875,-17.254898071289062,-6.2745208740234375,37.647064208984375,37.64707946777344,59.60784912109375,0.7313154756206571,0.24182089428186598,4351.25,320.92318006027546,0.7306234221661266,0.22621483375953294,0.07602601125608249,0.033665651491092935,2.010732187330847,23.192596435546875,44.204402923583984,-21.01180648803711,-7.083286285400391,42.469462871551514,38.22329068183899,66.93048548698425,0.7807994877873564,0.18678629763105808,3293.0,415.3721223192524,0.7515643138368145,0.28003052390593375,0.07031365274761965,0.012772123452290928,5.949455020554146,-1.1719887256622314,11.337046636588338,0.14380978825437013,7.662358641624451,16.912164242141667,0.1240916424423912,11.419267058372498,22.05111228263473,0.16441393133935397,3.756908416748047,5.195907793367398,0.025140891080083373,7.662358641624451,11.419267058372498
CASE00031,-14.30549144744873,-22.65981960296631,8.354328155517578,3.7594852447509766,1.5166597366333008,12.71926212310791,80.97101217508316,0.8112299604705177,0.12252586461060297,2101.75,506.0861463229358,0.7957506635172162,0.46508018623893993,0.053522662749089546,0.034574147802953405,2.401953396085337,-6.048579692840576,2.360853433609009,-8.409433126449585,-0.05905027687549591,10.828342080116272,23.228792667388916,106.33137607574463,0.7248254092448841,0.2444678829655618,7469.5,1704.684208291964,0.8115016361149918,0.761395642926832,0.0067415932872474495,0.06519521798946759,1.3729423641836345,-3.92156982421875,10.196090698242188,-14.117660522460938,-1.568634033203125,15.686279296875,26.666671752929688,108.23530578613281,0.7785221866023783,0.19771451241505014,7193.5,2227.84610105815,0.8550008292975969,0.8306309930931629,0.025456724919559387,0.0534162691997499,1.4340682038380355,-2.3537092208862305,11.762904644012451,-14.116613864898682,-2.1279711723327637,22.200968742370605,29.717782020568848,103.87875652313232,0.8265753108330065,0.15288433211212044,5039.0,2182.599482268792,0.8953835017380695,0.8686555153186083,0.04794372391913477,0.03687866524101606,2.133388284523477,-16.763761281967163,10.560231400002639,0.1377076749842088,5.7082273960113525,4.813016194118467,0.02890719653449497,5.707180738449097,7.177396454123253,0.021304197960058634,-0.0010466575622558594,2.370297974715099,0.019918145014568834,5.7082273960113525,5.707180738449097
CASE00032,38.15096473693848,48.42096138000488,-10.269996643066406,-2.8284130096435547,6.841472625732422,22.233633518218994,30.836103916168213,0.5675673921463887,0.4185708403468318,448.25,201.68958203139795,0.5819069332397844,0.034217506631208976,0.05410531012937633,0.006644819032788955,1.8381489493975782,58.34748840332031,61.45261573791504,-3.1051273345947266,0.038909912109375,16.92586898803711,28.817373275756836,32.852736473083496,0.551314462984023,0.4518246472382129,509.75,190.42764373903282,0.5987554670067108,0.044031830238609994,0.03263052208833521,0.07779145769585218,1.2302950482801303,81.0,105.0,-24.0,-11.0,27.0,31.0,37.0,0.6266485263117921,0.36355254278365695,426.0,187.17104476921637,0.585264352157801,0.05938886150798574,0.03017626059793051,0.07032282594918883,1.2241420879421723,79.25918960571289,101.46252059936523,-22.203330993652344,-10.89992904663086,15.863426208496094,28.610422134399414,35.44159507751465,0.6395129023796657,0.3499511640484705,384.5,156.77611425213982,0.621197129101195,0.07851458885920819,0.013386880856752907,0.08450869982436635,1.2088390744426865,7.16486930847168,20.25025223262971,0.18635699901601352,20.894872665405273,22.665167113899788,0.16652109770680049,19.098203659057617,20.59638465332618,0.14560887581640086,-1.7966690063476562,2.483136620714261,0.010242046969130147,20.894872665405273,19.098203659057617
CASE00034,-7.811835050582886,-16.73740577697754,8.925570726394653,8.219745635986328,-3.7652220726013184,32.25904619693756,53.87325119972229,0.6753965526707161,0.2919239739394449,762.25,319.9080922702644,0.67207787456347,0.11396303901422747,0.0660695714922287,0.0298826002402323,1.581431105997562,38.0811653137207,30.892118453979492,7.189046859741211,9.637893676757812,19.55543804168701,51.60453534126282,87.44355201721191,0.8294306921118139,0.14799587935075675,391.25,79.71629381751262,0.8277450102539268,0.5664784394243243,0.05804698940933038,0.07611679917634001,1.5704596988566586,36.862762451171875,40.00001525878906,-3.1372528076171875,3.1372528076171875,15.686279296875,47.058807373046875,92.54904174804688,0.7754069442292212,0.20059630375778842,570.75,162.3166273060157,0.799104411931659,0.5201592832248381,0.05371734193602019,0.07684250414688279,1.2667827726160072,40.6498966217041,35.16831970214844,5.481576919555664,8.047588348388672,11.777850151062012,41.129326820373535,78.57168340682983,0.7710782691187121,0.20322594141648695,519.25,175.86553812501185,0.7047049633226894,0.14938398357270358,0.062228070547772095,0.04556569238688849,1.2465121902528764,-1.7365238666534424,48.773044887429215,0.34554793196459,10.326299667358398,3.5501084361776725,0.005472386982300691,1.7074699401855469,7.1205309808628625,0.01768263551173793,-8.618829727172852,4.266530050064434,0.012696147242112743,10.326299667358398,1.7074699401855469
CASE00035,-5.769923686981201,-19.850428581237793,14.080504894256592,5.1407060623168945,-8.767339706420898,32.32478737831116,47.62972050905228,0.7540811395634536,0.23776469447366302,157.75,47.47301865270419,0.6614764808347382,0.1869918699176133,0.08871037030668927,0.018339888479536843,1.3727829532987275,8.267354488372803,0.18753669410943985,8.079817794263363,8.936568703502417,4.865758895874023,61.448439598083496,58.0287880897522,0.8625885256853438,0.11347889128449931,83.5,9.5524865872714,0.8384993224908078,0.7665505226436321,0.13145459231887127,0.06536891367120971,1.1735252907880833,40.00001525878906,25.882369995117188,14.117645263671875,6.274505615234375,6.274505615234375,43.92155456542969,86.27450561523438,0.7248633036504484,0.2551770563740249,175.75,51.16334136860102,0.73324066480195,0.4994517543832267,0.05567488615858077,0.0747037737727724,2.1783391463227044,38.06624221801758,25.834091186523438,12.23215103149414,10.294244766235352,-2.9926071166992188,45.33632135391235,71.63671374320984,0.7730871899025096,0.20312323422761308,150.5,54.2655507665775,0.6863506581477711,0.3437862950038108,0.07569378812609516,0.03366772876630279,2.1511717548979084,-6.000687099993229,24.280640656977454,0.12754203250948767,-6.037827469408512,35.028721109220605,0.1535127968117274,-4.152333237230778,30.9776650941181,0.1199578884601224,1.8854942321777344,5.429936189946669,0.014148083107982294,-6.037827469408512,-4.152333237230778
CASE00037,-5.222479820251465,15.554129600524902,-20.776609420776367,-14.684967517852783,5.925987243652344,18.776560425758362,39.881317138671875,0.8167779967094152,0.0993558409821565,165.75,24.983744715314394,0.909083715665397,0.8779443254794488,0.07542243460267122,0.04419409055635325,1.620457369924856,16.164542198181152,22.26856803894043,-6.104025840759277,-4.677839279174805,0.20253753662109375,24.95336163043976,41.55980372428894,0.7361224766942396,0.17560575212757215,461.25,89.25350133188053,0.7303582694701809,0.24759100642332016,0.09468446721511044,0.019451171242838614,5.756948617323466,63.5294189453125,90.19607543945312,-26.666656494140625,-25.0980224609375,7.8431396484375,39.21568298339844,64.313720703125,0.7156373002940192,0.20772867386071558,482.75,54.39841449895392,0.796912841710374,0.66244411326214,0.11480861126161024,0.0320897530387568,1.6402139478943274,54.777915954589844,78.97160339355469,-24.193687438964844,-17.88205337524414,17.90639877319336,40.603179931640625,45.48358154296875,0.7720144737677537,0.17176206822375836,359.75,54.2373257084086,0.7545295626785421,0.4020342612408939,0.1111877432385558,0.022769725117669337,1.937280184192778,14.67258358001709,20.27716358273786,0.2161770137998041,20.562630653381348,48.54141958952128,0.5074957648367445,18.089661598205566,40.65465024500584,0.3967588209434408,-2.4729690551757812,8.301236327657715,0.02969943787242881,20.562630653381348,18.089661598205566
CASE00039,-6.481642246246338,-28.638501167297363,22.156858921051025,11.405242919921875,-7.662325620651245,12.460657984018326,68.7905900478363,0.8196865672868808,0.10689410159301385,455.0,139.4973118020559,0.8458021191871413,0.7058783829380402,0.08391038200824087,0.026802152133419577,2.892221643734539,13.679696083068848,4.070448160171509,9.609247922897339,9.762086868286133,3.2119884490966797,22.301989316940308,102.5119743347168,0.6717753946144949,0.2963606997286746,1717.5,254.98774480354933,0.7395770061413788,0.36410879395264617,0.0008762215380120875,0.09269663529039972,1.3310179619779892,27.45098876953125,25.882369995117188,1.5686187744140625,14.117660522460938,18.823532104492188,32.94117736816406,119.21571350097656,0.7906616168636343,0.17866680618686076,1119.5,253.31058011855723,0.8566738568070431,0.685235839615261,0.005196480510155019,0.08433083318369751,1.46725296018122,29.67844581604004,22.23337745666504,7.445068359375,11.810672760009766,20.368886947631836,34.34963512420654,106.16428661346436,0.7940967610023036,0.17466692676920523,1076.0,153.70914091230878,0.8556500416185816,0.6660592562592521,0.028258144600889823,0.06653917129450206,1.4601632819022188,-12.547610998153687,21.892357019684873,0.3779367691884181,8.040629148483276,15.543001301357544,0.11570691396058107,2.164179563522339,17.311263995011174,0.12616158801523084,-5.8764495849609375,2.121726382406861,0.014892485490388624,8.040629148483276,2.164179563522339
CASE00040,49.76362991333008,35.02224159240723,14.741388320922852,1.5262451171875,-1.7860069274902344,25.261951446533203,36.432565450668335,0.4693700211255485,0.5185380492927267,81.25,37.029549011566424,0.49777277517466895,0.06733167082126355,0.18980061349656863,0.0025838796760504082,1.8561475446335278,90.98197937011719,47.08707046508789,43.8949089050293,23.35749053955078,-14.514427185058594,38.653663635253906,35.4515962600708,0.7284995795636857,0.2471655261265533,26.0,8.717797887081348,0.7594508566894376,0.3441396508642359,0.2384969325148802,0.05794446586963788,1.435460117432318,132.0,105.0,27.0,8.0,1.0,31.0,46.0,0.5297687320401319,0.45038773247857256,72.25,19.803724397193573,0.5128409362012257,0.17961165048107738,0.20072852760697713,0.060566910913987554,1.592986231461185,,,,,,,,,,,,,,,,,29.153520584106445,40.40408826384311,0.4086678988154153,16.894908905029297,42.45657712246459,0.3792284852193807,,,,,,,16.894908905029297,
CASE00042,30.268795013427734,19.477622985839844,10.79117202758789,3.752744674682617,-2.4967575073242188,19.60695743560791,99.73778915405273,0.4562025342941185,0.5031772477552515,184.5,71.88010851410841,0.5828934942530821,0.06702127659503168,0.09353856562907047,0.014648025072792318,1.5644351288034797,68.30683135986328,31.643274307250977,36.663557052612305,21.537273406982422,-0.5298690795898438,29.59807777404785,99.20747375488281,0.47524030469728307,0.49203658843607256,159.5,41.18555572042218,0.5983587200418871,0.1138297872328316,0.11603518267910008,0.03436395563359169,1.750793543379225,78.0,57.0,21.0,7.0,-5.0,29.0,141.0,0.46545804474123104,0.4633051406801088,205.5,72.29972337429791,0.5648877830688573,0.04255319148893057,0.12009472259790241,0.04507768565648379,1.338245018659992,,,,,,,,,,,,,,,,,25.872385025024414,38.22936433555101,0.5100561313067067,15.663557052612305,8.855001251179152,0.036322871398219686,,,,,,,15.663557052612305,
CASE00043,2.202440023422241,7.535316705703735,-5.332876682281494,-0.9653120040893555,9.199222564697266,22.346830368041992,28.968926191329956,0.6547639852612559,0.3365862861980811,647.5,248.8538727848132,0.6596479263771604,0.2503251915013003,0.07649092480551416,0.012342215988779335,1.894490338843918,56.61945343017578,44.329477310180664,12.289976119995117,10.393863677978516,7.838428497314453,35.755126953125,34.74449920654297,0.8466895370321561,0.15171340839206202,264.5,35.27392804891454,0.7814287196803614,0.2913715854888114,0.07023609152525355,0.08972745536560063,1.264148403545422,82.35293579101562,98.03921508789062,-15.686279296875,-4.70587158203125,34.509796142578125,40.784332275390625,34.509796142578125,0.8580549536411116,0.13007150152122218,423.75,101.62523062704459,0.8197771719607181,0.5294281729420789,0.10640040030930574,0.05287896592244218,1.450676781424897,,,,,,,,,,,,,,,,,17.62285280227661,54.7673258837141,0.6335991955769863,27.976255416870117,24.85752933451737,0.12845316214749472,,,,,,,27.976255416870117,
CASE00044,,,,,,,,,,,,,,,,,59.79588317871094,22.865217208862305,36.93066596984863,11.88802719116211,1.894927978515625,26.459064483642578,97.48080444335938,0.5661903181396563,0.434543833140765,353.5,113.99671047885549,0.6540367483283629,0.36971046770436655,0.22744088788768307,0.015252357182470403,1.2151390310608554,80.0,51.0,29.0,-4.0,10.0,33.0,128.0,0.5283915638848532,0.4617351002213413,544.0,152.17259937321174,0.544452830982969,0.09660574412490598,0.14219076725085703,0.024595759204738984,1.589060652048357,,,,,,,,,,,,,,,,,,,,7.930665969848633,19.583073604927822,0.14958748185797477,,,,,,,7.930665969848633,
CASE00045,-12.458681106567383,-38.41382598876953,25.95514488220215,29.518892288208008,-6.607245445251465,30.161431312561035,70.04344415664673,0.6767104082645307,0.26073359476408947,48.75,18.73999733191016,0.6137215227776401,0.187050359708866,0.050636749545127716,0.06747554932321627,1.6531455786110623,39.75265121459961,-10.925353050231934,50.67800426483154,50.347755432128906,-20.828815460205078,43.350257873535156,72.75378322601318,0.723849420106422,0.20251142011806234,29.5,14.150971698084906,0.7640887290112685,0.2176258992766614,0.11491813220121798,0.04128391305897381,2.51479472557907,82.35293579101562,13.333343505859375,69.01959228515625,65.88235473632812,-25.098052978515625,48.62745666503906,108.23529052734375,0.7053092975104787,0.21126479589815766,44.75,14.939461168328663,0.7626387943264128,0.26351351350906227,0.03537497473212515,0.07529501241843928,1.7657612763145347,64.74459075927734,11.202412605285645,53.5421781539917,50.92625188827515,-4.928981781005859,36.894304275512695,89.68172073364258,0.6350773995933908,0.26403124913151715,70.5,28.709754439911183,0.6795938249352849,0.18884892085991278,0.09328886193643289,0.05202676205301881,2.0437001085843827,24.722859382629395,50.36216198122091,0.4560895849451719,-18.341588020324707,39.81934910557092,0.2363299891792919,-2.8641738891601562,23.983765843062773,0.10710727136198178,15.47741413116455,15.907663977598325,0.08054872174693777,-18.341588020324707,-2.8641738891601562
CASE00046,50.81476974487305,48.08974838256836,2.7250213623046875,3.694293975830078,-2.2226791381835938,80.26799964904785,75.46514225006104,0.020425360636721467,0.9820452672623715,651.5,208.98624356641275,0.23601265030931634,0.00790166812986917,0.10828985507233821,0.00016275511864845502,3.2209117531359714,79.4697151184082,61.832855224609375,17.636859893798828,12.84780502319336,-1.8450508117675781,28.70318031311035,27.97997283935547,0.4441094417832413,0.5372243609261442,258.5,73.2273855876338,0.5844215436544166,0.2563652326579775,0.1369275362317253,0.02192311448194689,1.2629387098601585,90.0,96.0,-6.0,-4.0,4.0,32.0,37.0,0.3237989052966615,0.6582440440321464,357.75,156.6371204408457,0.4083542306443835,0.035830618892216365,0.08707246376801497,0.03582240161452495,2.755657796730734,69.1568603515625,71.1267318725586,-1.9698715209960938,-1.6041259765625,1.6351165771484375,29.291040420532227,28.337810516357422,0.29343726736963677,0.7020104158168162,349.25,143.8808100477614,0.4279208562978842,0.02282704126406649,0.11443478260856296,0.0007812245695125841,1.8929839432113358,14.91183853149414,38.669838503021396,0.2732527911284465,23.636859893798828,10.631191472085003,0.04711387713551246,19.606731414794922,10.300222491131173,0.03775048526206884,-4.030128479003906,20.923873219613892,0.13943111472547523,23.636859893798828,19.606731414794922
CASE00047,-21.229982376098633,-19.017680168151855,-2.2123022079467773,-3.080350875854492,2.107912063598633,18.793248176574707,163.57791477441788,0.6325458355267212,0.2908458960121947,1527.25,363.65875144151283,0.6799552041190089,0.3147623019180027,0.05543825857193325,0.014918913935842654,5.705800194393724,-1.9725178480148315,-13.295961380004883,11.323443531990051,7.857915043830872,-2.8983752131462097,20.239749431610107,204.30884444713593,0.623642615563606,0.2615090310267065,1419.25,346.8864187309731,0.7416891739637956,0.5346955796492621,0.06955093775850779,0.013280035645602472,5.583038067967942,13.333343505859375,2.3529510498046875,10.980392456054688,3.1372528076171875,9.411758422851562,23.529403686523438,219.60784912109375,0.6169822554300308,0.3279871061608696,1709.5,502.3328080068034,0.6049546105685782,0.12174559880971836,0.1112222345692594,0.012335119881385867,6.004575142767322,9.8035306930542,7.369362831115723,2.4341678619384766,-1.851900577545166,12.275144934654236,23.80229389667511,138.36510515213013,0.642815224433917,0.29368220767498815,1575.0,325.1407387578493,0.66574990725605,0.14687239366126198,0.08345371707966522,0.01271411048600391,6.167697677027325,13.535745739936829,18.912020799333032,0.24773014518648245,0.34305107593536377,15.048805507849282,0.15007838223018055,8.889275670051575,11.883517088671528,0.08858899103066463,8.546224594116211,3.2278722487683815,0.025439245612181097,0.34305107593536377,8.889275670051575
CASE00048,3.3550264835357666,0.34710557758808136,3.0079209059476852,0.1593167781829834,9.842496156692505,20.949021100997925,72.54532432556152,0.6585119443013486,0.3237932688976546,585.5,325.3233007332859,0.6127233846136598,0.08402948402941521,0.08746137583345463,0.04776690448363343,1.5448409001780217,30.76951026916504,31.76231098175049,-0.9928007125854492,2.2373924255371094,27.626845359802246,31.555683135986328,64.25992798805237,0.7321688532968342,0.2651681332569004,1244.0,292.7003587288543,0.7110286620915801,0.17829647829633227,0.06181492925677967,0.017153057605200077,1.1527038792660056,47.8431396484375,69.80392456054688,-21.960784912109375,-4.705902099609375,51.76469421386719,42.352935791015625,94.11766052246094,0.780866635547066,0.21081599790561686,1240.5,139.53942095336356,0.7457483446379609,0.2825394473662623,0.056496991380703125,0.03162267924945105,2.93494217504262,45.91043472290039,57.76957702636719,-11.859142303466797,-4.167842864990234,42.1539249420166,36.74053955078125,89.90030765533447,0.790700223976001,0.20495089113741524,1092.25,166.8492957731617,0.7678187695799027,0.47051597051558514,0.09344608879491081,0.023595629749797255,3.6063095985949154,-4.0007216185331345,27.633204971874633,0.3073617502129657,20.967984199523926,17.442733191991923,0.1013191843673717,10.866341590881348,14.844672531220036,0.0682164610735928,-10.101642608642578,3.448395849095612,0.017527471119301162,20.967984199523926,10.866341590881348
CASE00049,-19.7530517578125,-29.206214904785156,9.453163146972656,3.692251205444336,2.4232568740844727,14.103063106536865,187.95931482315063,0.829559160445928,0.08070842502910822,2769.75,1268.7669949600674,0.652948485139322,0.08730811403504783,0.052016899126100816,0.03748237088671697,2.008494736188304,-6.29013204574585,-35.27681350708008,28.98668146133423,8.49013900756836,6.214380741119385,19.520768761634827,1018.6450583934784,0.8312874177008882,0.08184891350823909,1462.75,265.9486557589641,0.755917139293604,0.26466557017531767,0.09015568030556281,0.039325172456400395,1.977329070915563,18.039230346679688,16.470596313476562,1.568634033203125,1.5686187744140625,17.254898071289062,18.823532104492188,238.43138122558594,0.7483028539463842,0.22387374973832494,2446.5,679.9814335700645,0.7234930735922761,0.24777070063682993,0.035488164824349154,0.04406958759592061,1.2897229931016807,19.006071090698242,19.909385681152344,-0.9033145904541016,-1.0460433959960938,19.85056161880493,25.91798424720764,222.1522216796875,0.8498706407166774,0.14308271286192925,1434.0,246.06909598728566,0.8832844154281723,0.754842836256965,0.0639157358643366,0.03765706421471008,1.1432761556648592,19.533518314361572,29.11942246309531,0.1882192783788295,27.418047428131104,44.2698833034279,0.27687454632165404,29.88999605178833,47.70224793675912,0.2925667781587544,2.4719486236572266,3.673417819135867,0.045283983421163736,27.418047428131104,29.88999605178833
CASE00051,-23.018306732177734,-114.78559494018555,91.76728820800781,9.938796997070312,0.030200958251953125,22.820231437683105,164.8546323776245,0.6171222555641802,0.2421159682780796,8378.75,4003.23690124629,0.5755074007729089,0.012568201230670496,0.11518630318385727,0.03519552228220324,2.296186357674579,-7.334392547607422,-66.27385330200195,58.93946075439453,4.907097816467285,-3.472785234451294,29.552157878875732,160.9059638082981,0.7162888090703744,0.2695606316023076,5483.0,884.9720334564252,0.7811971387452383,0.55083933271732,0.07907784225096166,0.0309959178263439,1.3308231234265553,3.9215850830078125,-50.98039245605469,54.9019775390625,3.1372528076171875,6.274505615234375,37.647064208984375,163.13726806640625,0.7162145963389115,0.25723820429819944,6131.25,433.59853263128093,0.8069656739203375,0.6402588287654895,0.07912997690434442,0.022971092257589424,1.3872197642674262,4.782817840576172,-67.25469207763672,72.03750991821289,11.030642986297607,9.254678785800934,36.48326396942139,187.30249881744385,0.762365495953162,0.13257707275333938,5731.0,391.7237547047664,0.7775239020801954,0.614883120957935,0.08128835155439045,0.029240269230455862,1.42620159224573,-32.82782745361328,17.889942771621516,0.1244542074853826,4.037483215332031,11.501908208874925,0.061382685713201775,-13.09804916381836,15.61095477658169,0.05161476892388395,-17.13553237915039,4.524319739310528,0.007158338635610901,4.037483215332031,-13.09804916381836
CASE00052,-20.7739315032959,-3.2903335094451904,-17.483597993850708,-6.925764083862305,6.624517440795898,26.069700956344604,29.977802753448486,0.7123919973684811,0.2065144882995685,196.5,22.776083947860748,0.6683653475469491,0.3460736622630572,0.04439177794993647,0.017641657922349185,1.400987327829966,-6.786724090576172,13.28196907043457,-20.068693161010742,-19.44914722442627,14.431854248046875,27.962275743484497,39.60951852798462,0.7118605288022101,0.17729762246218628,165.5,23.350588857671234,0.5819283598458982,0.35719249478556503,0.12884554031259793,0.049784306867199354,2.504015369035372,0.784332275390625,30.588241577148438,-29.803909301757812,-28.23529052734375,23.5294189453125,40.78431701660156,51.76470947265625,0.7519379704607526,0.1820138221158971,150.25,11.299889379989523,0.6409951670911436,0.302182810366288,0.10541907843758014,0.009013932610469204,2.0333705917879223,1.9495863914489746,23.877965927124023,-21.92837953567505,-16.34589195251465,16.221097469329834,29.76511788368225,37.800059735774994,0.695536630636866,0.24301454569247014,204.0,27.586228448267445,0.3316316840023199,0.11674774148633255,0.0670434346656638,0.028448175352685345,2.0997816314581765,-2.585095167160034,15.287804427733521,0.09172953372394307,9.73521614074707,9.762649638547629,0.04592387919210062,1.8596863746643066,8.121668615265113,0.025805346815179996,-7.875529766082764,5.699934380891997,0.042899646591723364,9.73521614074707,1.8596863746643066
CASE00053,46.75546455383301,38.039207458496094,8.716257095336914,6.137912750244141,-7.6771392822265625,16.18138885498047,138.31669807434082,0.6032263179710264,0.32264285220798816,553.0,298.1652226534812,0.6681930734843898,0.07262793176962604,0.03434594421287498,0.03486652603250227,4.4189523912014606,81.33060836791992,47.231754302978516,34.098854064941406,15.485540390014648,-17.880809783935547,31.477676391601562,137.64289474487305,0.708626674658369,0.25596368063373676,688.25,60.51601027827264,0.8481305602690338,0.7148187633252734,0.10047290798328772,0.0271223026624691,5.460588683423761,78.0,62.0,16.0,9.0,-5.0,24.0,126.0,0.4995917978831284,0.4496854884962595,1223.25,484.59280586900996,0.6352200994241325,0.03942786069646837,0.049695415197158664,0.004730634185314378,2.1932915116893406,62.88735580444336,54.189247131347656,8.698108673095703,3.825582504272461,-0.7116489410400391,19.75634479522705,148.68947219848633,0.4709479644833293,0.47592684201152485,1222.5,587.256545301966,0.5820605478502783,0.02452025586350677,0.052861494068590545,0.00042050081647238913,2.482192064737119,25.382596969604492,35.22182316930344,0.5001496410971926,18.098854064941406,4.793302559137756,0.027765170336718204,25.400745391845703,18.667444605598302,0.18442029463706738,7.301891326904297,14.910569083422118,0.13701837104174688,18.098854064941406,25.400745391845703
CASE00054,51.47838592529297,30.773359298706055,20.705026626586914,12.292909622192383,-7.916576385498047,27.719968795776367,36.6928927898407,0.47442119665710375,0.5175219365517226,39.5,11.07925990308017,0.533764367804948,0.10919540229257498,0.1456542502380819,0.006324701195215974,1.699906095825867,54.47345733642578,30.586166381835938,23.887290954589844,18.553359985351562,-6.456718444824219,31.947824478149414,49.24987544119358,0.3651996331943707,0.6169991962017577,47.75,18.833148966649205,0.39643199232936893,0.07471264367386708,0.12607449856673317,0.0018924302788835196,2.4502515054477336,67.0,65.0,2.0,7.0,-7.0,29.0,46.0,0.4819269111096649,0.4933541660375023,37.0,15.763882770434446,0.5856365284413053,0.11413043477640596,0.029130850047616376,0.07888446215135514,1.4535457282330657,90.75035858154297,79.74204635620117,11.008312225341797,3.8560218811035156,-7.241706848144531,29.990070343017578,39.03084373474121,0.6899285853309162,0.3241616121366242,42.25,8.073877630977572,0.6804358237383084,0.31034482756837095,0.14040114613113466,0.0059760956175269045,1.1452520800876687,3.1822643280029297,2.8867776307093678,0.01554152871075535,21.887290954589844,12.882452870558472,0.07461620404303783,12.878978729248047,33.01539244807565,0.3164127484462065,-9.008312225341797,21.222231153032435,0.1889400894930048,21.887290954589844,12.878978729248047
CASE00056,,,,,,,,,,,,,,,,,58.35309028625488,48.01324462890625,10.339845657348633,1.9825763702392578,-10.47220230102539,27.65511417388916,81.4617280960083,0.5113100074252533,0.46692802009348583,380.25,65.25478909628013,0.7255152245562227,0.5340290381100997,0.0885424665949251,0.007048036968485218,1.5915064393810816,93.0,86.0,7.0,2.0,2.0,33.0,160.0,0.590027994303642,0.37580631023385125,328.25,107.89433488371853,0.697141023918814,0.417777777775921,0.10267240055283161,0.0340266967382869,1.3478902992675752,,,,,,,,,,,,,,,,,,,,3.339845657348633,33.255426803476894,0.29508836388443827,,,,,,,3.339845657348633,
CASE00057,0.30953407287597656,-3.8810606002807617,4.190594673156738,0.38191676139831543,1.1259968169033527,33.11237907409668,40.31082892417908,0.4590092181582851,0.5408678953728125,716.5,355.99754212634673,0.5402340552202644,0.020093770930966526,0.12086536221752829,0.0011013421440704343,2.04328530188818,17.985902786254883,4.922733306884766,13.063169479370117,2.823004722595215,-10.851699829101562,35.600211411714554,39.54803228378296,0.5695444854959376,0.4327631847402758,577.25,166.75187405243756,0.6946723599011093,0.3199374860452781,0.13676333566266693,0.02473353120158179,1.402067696047931,63.5294189453125,50.98040771484375,12.54901123046875,3.13726806640625,1.568634033203125,43.92156982421875,47.05882263183594,0.4568281729949613,0.5440646675259739,771.5,314.43958084185266,0.5945954941744656,0.04823503617617138,0.144828791055164,0.02995090627391546,1.5669423745749813,-25.096118927001953,-28.227603912353516,3.1314849853515625,-0.5205192565917969,19.810956954956055,53.34718632698059,55.824141919612885,0.5124251419393997,0.48417449793103234,664.0,255.58853651914828,0.5906684899898622,0.06162089752163068,0.13332750989979814,0.026082208657668044,1.6040751572160181,8.872574806213379,18.263266315287186,0.08017837131997851,0.5141582489013672,45.06907653017538,0.3239251374432721,9.931684494018555,43.021455446520804,0.2719104494998978,9.417526245117188,88.07982914466494,0.612695217801783,0.5141582489013672,9.931684494018555
CASE00058,34.198829650878906,31.97869110107422,2.2201385498046875,2.0209150314331055,-3.761808395385742,26.94780158996582,27.919591903686523,0.45045525923637186,0.5333964506023184,61.0,24.351591323771842,0.577871925622626,0.09558823529060337,0.09134615384589552,0.0011773584905656824,1.8251865205242286,59.81652069091797,37.758995056152344,22.057525634765625,13.801437377929688,-9.061853408813477,29.93480682373047,28.015426635742188,0.47245938316623964,0.5166628747006199,55.25,18.25342433627181,0.5721988691681408,0.09191176470250324,0.15695701357421676,0.0023547169811313647,1.998582721989916,66.0,55.0,11.0,1.0,-3.0,33.0,33.0,0.4214321337045567,0.5838015964571212,68.0,23.37733945512192,0.4308362770945328,0.0892857142825255,0.18806561085919665,0.00510188679245129,1.6035140311215053,50.946617126464844,57.3282356262207,-6.381618499755859,-5.40971565246582,1.2320919036865234,28.750843048095703,28.64566421508789,0.4638701420150924,0.5276409568556422,65.75,28.856325129856714,0.5002322437910176,0.058823529409602074,0.0933257918549397,0.0024150943396219126,2.526885605822067,19.837387084960938,25.126224972274215,0.2226574839357435,11.057525634765625,6.077243474129158,0.030398754991482015,28.439144134521484,9.11216728426406,0.033075701474287955,17.38161849975586,15.093394487989821,0.08451559071361192,11.057525634765625,28.439144134521484
CASE00059,40.5943603515625,47.6305046081543,-7.036144256591797,-5.101661682128906,-4.130939483642578,25.660700798034668,26.662612915039062,0.5548386392311737,0.44735674236445583,210.0,98.91157667330958,0.5671674048324753,0.14342001575931113,0.06826115061400354,0.002987403432659172,5.221694190920841,56.20850372314453,49.50768280029297,6.7008209228515625,1.8058967590332031,-8.021018981933594,31.682244300842285,30.179597854614258,0.531698106320786,0.4672647724933205,217.75,70.45344207347146,0.6279248495313076,0.06776989755659757,0.11053652230108528,0.0049853484035458796,1.4983535040511928,96.0,78.0,18.0,3.0,-7.0,36.0,36.0,0.6045752271812113,0.39503802714147096,189.0,40.527768258318886,0.729890264959144,0.4827067669136639,0.20116354233975287,0.02148266544886755,1.8970998142367885,72.67487335205078,92.50592041015625,-19.83104705810547,-18.367034912109375,3.7535171508789062,26.986653327941895,31.535232543945312,0.49532388453385856,0.48576061062805875,234.0,92.38776975336076,0.5280587590597563,0.14972419227620393,0.09709114414984216,0.0049853484035458796,2.5496885556715863,13.73696517944336,15.330632995890412,0.10246173852501625,-11.299179077148438,40.303229042627834,0.3421128434177397,26.53186798095703,17.605478799536858,0.10367162971650916,37.83104705810547,22.811028160619248,0.16517308042929377,-11.299179077148438,26.53186798095703
CASE00060,,,,,,,,,,,,,,,,,-27.60879898071289,-18.486114501953125,-9.122684478759766,-6.31257963180542,19.104536056518555,41.38763785362244,101.53619575500488,0.6615750338609898,0.30810411757481887,4783.75,1244.3276045720436,0.6179449923589726,0.09276299428000101,0.09483523396292605,0.045123178067915555,1.5328000497326832,-8.627456665039062,13.333343505859375,-21.960800170898438,-12.549026489257812,39.21568298339844,70.58824157714844,161.56861877441406,0.667780118415445,0.310473609445688,4621.0,659.8742304409227,0.7102904651008644,0.3295990918323686,0.08678645740922249,0.0199147162360885,1.4373627675558065,-3.7805023193359375,15.73949909210205,-19.52000141143799,-12.216771125793457,45.6092586517334,69.28609085083008,152.7965316772461,0.7246148460176076,0.25383510313398466,3345.25,365.0673739188425,0.721894030364963,0.3342452126335693,0.0941174572963132,0.01446559536196924,4.2904715633730675,,,,12.838115692138672,23.880332024107528,0.10157910936533528,10.397316932678223,26.879658399788383,0.11355791156289949,-2.440798759460449,5.325885607598032,0.003065613219891027,12.838115692138672,10.397316932678223
CASE00061,35.268869400024414,33.63277816772461,1.6360912322998047,2.9484987258911133,-2.194223403930664,27.45379400253296,35.10653114318848,0.4571241792363484,0.5311104210937054,342.75,161.63287877161628,0.4367834323952714,0.023433242506684288,0.07572203489218902,0.028595478310350024,1.769852721214977,88.77693176269531,95.25132751464844,-6.474395751953125,-20.33355712890625,-1.5951652526855469,50.60772705078125,101.80736351013184,0.5796520868056173,0.3472451378374016,269.75,60.143058618597045,0.5818205717664806,0.2583106267015896,0.10944143087515801,0.043462281710507124,2.218767344600561,81.0,90.0,-9.0,-12.0,-3.0,39.0,55.0,0.4587700091106369,0.5118332899346607,393.5,150.6560652612433,0.47104536688591825,0.05596234309594162,0.11772467380140908,0.029069698514501766,2.2337753026558365,,,,,,,,,,,,,,,,,-8.11048698425293,58.19308607064253,0.4709118124519132,2.525604248046875,12.580291013571104,0.03407124340634252,,,,,,,2.525604248046875,
CASE00062,47.597190856933594,36.943634033203125,10.653556823730469,-3.093944549560547,7.539127349853516,28.072181701660156,168.40326499938965,0.5583362176800942,0.35450448673290397,183.25,57.954184490854495,0.5768325950568017,0.18129218900500202,0.0904641850806904,0.016608778023362466,2.2543573219999704,75.14767456054688,63.914955139160156,11.232719421386719,1.1847610473632812,3.75860595703125,40.624229431152344,182.96183013916016,0.5499135239893411,0.4070965324090005,191.75,54.29721447735602,0.5706962420122195,0.17261330761646468,0.09580305501987868,0.002126091990316361,2.185305390378141,89.0,83.0,6.0,0.0,20.0,40.0,195.0,0.6076388244114106,0.3659740713686598,176.25,69.14613148976593,0.5803046959316475,0.08864265927895991,0.12546344357092473,0.0059362172402892465,2.3224422453028692,,,,,,,,,,,,,,,,,0.57916259765625,27.68605291432146,0.20001701513943787,5.232719421386719,13.597912437651447,0.03333480629945307,,,,,,,5.232719421386719,
CASE00063,38.534833908081055,-66.78556060791016,105.32039451599121,12.731605529785156,-5.34996223449707,18.20428705215454,524.5815124511719,0.5898976135013464,0.3616367427443994,2261.75,1224.424226932806,0.6693621835556613,0.018390662249599555,0.10353782563766473,0.05176587753545126,1.975390111311333,57.17401313781738,-61.506202697753906,118.68021583557129,14.09199333190918,-2.887918472290039,29.391061782836914,306.8095016479492,0.6679905468372529,0.3064407425063994,2619.75,550.3486962826386,0.7122537333456299,0.20105885631127865,0.13381737096860094,0.030536676325533033,1.3498781181710078,88.0,-52.0,140.0,22.0,3.0,32.0,629.0,0.6230337366808483,0.3701771584617368,3591.25,1414.804999814462,0.6823465135196406,0.16031783126894125,0.0945369010713963,0.03964550015097393,2.4418275942374983,,,,,,,,,,,,,,,,,13.359821319580078,19.64710721904214,0.21441774339967448,-21.31978416442871,30.236154875374684,0.24841202536851661,,,,,,,-21.31978416442871,
CASE00065,,,,,,,,,,,,,,,,,76.25844955444336,52.548973083496094,23.709476470947266,12.145687103271484,-6.811855316162109,28.897960662841797,59.59328055381775,0.5717306333571487,0.39584427252440446,220.75,72.87446397744549,0.7104732368186752,0.2906852248378443,0.10017788596563974,0.014399694373831583,1.0729332247619643,106.0,99.0,7.0,5.0,3.0,26.0,73.0,0.5826888568720053,0.4019101617282947,281.5,77.5515957282634,0.5862284641321049,0.2985301571196223,0.0580469993445763,0.03433886301188205,1.2007427279934646,,,,,,,,,,,,,,,,,,,,16.709476470947266,29.854064789707508,0.2950979890022868,,,,,,,16.709476470947266,
CASE00066,,,,,,,,,,,,,,,,,-3.0049843788146973,14.259360313415527,-17.264344692230225,-6.709874153137207,28.994953155517578,38.988529205322266,40.011351108551025,0.8453225315428103,0.14297699167719274,2169.25,90.61008497954298,0.8699952211633823,0.7229497441278775,0.11997835497834848,0.013434748870107455,1.8002893835405775,13.333343505859375,60.39215087890625,-47.058807373046875,-15.686279296875,56.47059631347656,65.88235473632812,56.47059631347656,0.8827552790775026,0.09435953040513499,1325.25,188.26493964623364,0.8423069343268503,0.5593335245494097,0.10211038961038407,0.0598997910039982,1.9591676577381234,17.078310012817383,72.56012344360352,-55.48181343078613,-19.381690979003906,62.9361252784729,70.50050926208496,65.88919591903687,0.8952218628021982,0.08491404576094017,1218.0,396.0852181033774,0.8810855863209042,0.6943183309275176,0.07452380952380548,0.037861001544537,3.065723601607899,,,,29.79446268081665,20.822269172962,0.09676452144029768,38.21746873855591,22.757396166798546,0.10870166552297798,8.423006057739258,2.8377147393071613,0.009687667695186591,29.79446268081665,38.21746873855591
CASE00067,31.03050422668457,52.72644233703613,-21.695938110351562,-9.436145782470703,23.744312286376953,25.51630210876465,21.5081148147583,0.7142197057343742,0.2807547904586597,131.5,41.403502267320334,0.7104515514009835,0.3349673202587013,0.03354224698231947,0.03840382631528988,2.631190553617818,36.697853088378906,57.83515739440918,-21.137304306030273,-8.612897872924805,31.727148056030273,34.429405212402344,25.877241134643555,0.723682389740009,0.27572375212434086,137.75,39.30251264232352,0.6379399248819226,0.26143790849459614,0.0443361188486022,0.04348369752101606,2.6676352928576623,50.0,95.0,-45.0,-25.0,43.0,39.0,37.0,0.7330554003142774,0.24702043546864683,122.5,65.67533783696891,0.6089657639085234,0.2017133956370583,0.046193129062156224,0.013770358560753107,1.3173685889436857,,,,,,,,,,,,,,,,,0.5586338043212891,7.002408787663575,0.046476603257030624,23.862695693969727,13.134849832298144,0.05391214213588113,,,,,,,23.862695693969727,
CASE00069,-7.416853666305542,-4.434865236282349,-2.9819884300231934,-0.8490390777587891,-3.5060653686523438,39.39492917060852,63.80191135406494,0.6027343004098931,0.36936490461441485,455.75,176.24042527184278,0.5322352265527441,0.03986013986000049,0.07826474520871245,0.02338772678088692,1.6073848321046176,24.26211929321289,25.760879516601562,-1.4987602233886719,0.3887758255004883,7.7862443923950195,51.27945747971535,78.60617113113403,0.6218135085225243,0.3534346677271663,415.75,133.16601480858395,0.6139715133895003,0.22762237762158175,0.08569306195213619,0.023319795624261935,1.5903793259879364,71.37255859375,91.76470947265625,-20.39215087890625,-9.411773681640625,31.37255859375,72.1568603515625,112.941162109375,0.6882063216488128,0.2929247484106328,359.25,124.73246369730697,0.6074600717414128,0.15900449360470445,0.08236517605108236,0.06144858339277011,1.643049275041055,62.11956596374512,67.8447494506836,-5.725183486938477,0.14232635498046875,26.623634338378906,61.17629289627075,89.22860336303711,0.6846518650940412,0.3020475850653168,369.25,152.92379638238125,0.5160320126167819,0.04720279720263216,0.09231912048727016,0.021902945786083722,4.156398573918838,1.4832282066345215,33.946620250294764,0.16155498447440023,18.893390655517578,43.957935908392734,0.17361209132361405,4.226423263549805,34.191174536061474,0.12630117106712097,-14.666967391967773,10.884315107767309,0.022112707474955764,18.893390655517578,4.226423263549805
CASE00071,14.019598007202148,16.253241539001465,-2.2336435317993164,-2.3492822647094727,5.82144832611084,19.33484411239624,25.136295080184937,0.513562753339783,0.48157205187720026,154.75,52.68004840544473,0.5920413599514047,0.15504807692121336,0.06325248647699942,0.03187962803512658,3.754308432324534,31.572978019714355,23.565345764160156,8.0076322555542,4.462444305419922,-4.561352729797363,23.29969072341919,24.01542019844055,0.6455831135997643,0.3501564057559826,95.5,12.5,0.8553891365900321,0.7307692307604475,0.09623102425397292,0.035646633373510886,3.617883591494493,71.37255859375,69.80392456054688,1.568634033203125,-1.568603515625,14.11767578125,23.5294189453125,37.647064208984375,0.5939115906712624,0.4170174694730264,135.0,60.02082971769051,0.5286929283619166,0.07311586051661287,0.08837899144993161,0.025884708110897853,1.3094871472412681,77.88357543945312,66.64213562011719,11.241439819335938,4.739971160888672,3.772541046142578,26.45271873474121,40.70957088470459,0.5907266835305719,0.398975632590095,106.0,43.73785545725808,0.4514443127018957,0.09374999999887319,0.10626417728135903,0.019986654038227573,2.3183921088979016,10.241275787353516,18.495024917117167,0.20718736848619262,6.438998222351074,39.209123495501586,0.5313727287884892,-3.2338075637817383,44.973138312101845,0.5811421077762572,-9.672805786132812,5.813539001923469,0.04275693977383168,6.438998222351074,-3.2338075637817383
CASE00072,42.463069915771484,49.09043884277344,-6.627368927001953,-5.105096817016602,3.460847854614258,21.14831829071045,24.481903076171875,0.46368962628830523,0.533942006667846,58.5,15.074813431681335,0.4399549807742468,0.1435643564285364,0.09280169371879746,0.006626575248015234,2.1294285503996546,83.3782844543457,57.924983978271484,25.45330047607422,18.67900848388672,-0.050571441650390625,32.227800369262695,31.64840316772461,0.5260742553970219,0.46201237281800267,41.5,15.724185193516387,0.5111746323183286,0.07920792078815803,0.18983768524985944,0.009614279695097247,3.489275871000252,96.0,96.0,0.0,-4.0,16.0,24.0,32.0,0.6196972981958777,0.3994469379332054,45.5,16.469669092000604,0.4440884527632633,0.10328638497167669,0.12350035285771525,0.044049488642875834,1.5074715512896075,,,,,,,,,,,,,,,,,32.08066940307617,40.19885370175261,0.502337566848929,25.45330047607422,12.019862215592347,0.07797067532779466,,,,,,,25.45330047607422,
CASE00073,-8.72637128829956,-13.794462203979492,5.068090915679932,3.193828582763672,-0.7898998260498047,11.671411156654358,27.873298048973083,0.7191333001755205,0.22399516299137137,157.25,76.48324980020135,0.5658518396047032,0.04908774978258433,0.03857915784519993,0.04201235842579221,1.2017180484735148,19.003156661987305,11.636219024658203,7.366937637329102,3.1183414459228516,-3.202260971069336,28.44302523136139,45.419459104537964,0.8151071680744963,0.17441213556493887,307.75,67.62534657951853,0.7432508154343168,0.7089487402228108,0.08082131935340228,0.049816300753138094,1.9906723745011146,41.568634033203125,40.00001525878906,1.5686187744140625,0.0,0.0,31.372543334960938,61.176483154296875,0.6547215354102133,0.2771661968002123,331.0,38.47726601514198,0.6751822909191825,0.35333596525719174,0.13042309372580219,0.05094312922887977,3.49714554666503,44.2286434173584,38.673147201538086,5.5554962158203125,1.5171928405761719,-3.982013702392578,28.199894428253174,53.81410050392151,0.6503501934822521,0.3063930391218902,332.25,93.57183069706396,0.5873446830157923,0.15421372719307466,0.12289545317064123,0.040796431884526765,3.4491512102278934,2.29884672164917,34.05672309579166,0.5075012051463682,5.798318862915039,22.498064443036515,0.17122002484829896,1.811441421508789,25.718514226222073,0.2274370612376337,-3.98687744140625,3.683228865562093,0.013531726312653673,5.798318862915039,1.811441421508789
CASE00074,,,,,,,,,,,,,,,,,99.0772476196289,56.47701835632324,42.600229263305664,28.22852897644043,-22.922462463378906,41.62544250488281,30.393125534057617,0.6439040999704183,0.336833518773682,261.25,73.90323064656917,0.7242419356630946,0.4541784416614688,0.1262252794495905,0.020026163437984298,1.451467130508367,132.0,89.0,43.0,34.0,-2.0,30.0,40.0,0.5790374921035861,0.37078476682826855,361.5,108.90936598842177,0.6671201405630953,0.30789980732058614,0.15546001719677088,0.03420730349587589,1.3827524623016838,93.72278594970703,92.33386993408203,1.388916015625,0.4333343505859375,3.384735107421875,21.50360107421875,34.842002868652344,0.47687185426761763,0.49762411346737634,460.75,209.38287298630706,0.48321214072164065,0.04481227291059826,0.10653482373163668,0.01050712536183332,2.357055197168576,,,,-0.39977073669433594,32.675762045774796,0.23405574359213116,41.211313247680664,12.477105321891324,0.11407701056196419,41.611083984375,38.194559732342825,0.4804545966807055,-0.39977073669433594,41.211313247680664
CASE00075,-29.215614318847656,-44.26930618286133,15.053691864013672,8.12076187133789,6.638608932495117,24.7864990234375,115.59761047363281,0.5129083545600254,0.4438228722928983,15698.5,6620.415564751203,0.591110117145841,0.010714082179288889,0.07644328074095522,0.009367118686173088,5.262193956928006,-11.321130752563477,-26.605977058410645,15.284846305847168,6.8662872314453125,18.677331924438477,35.19088268280029,120.80656886100769,0.7308173497640744,0.26708286422305294,9695.75,1399.811482843315,0.805104679511074,0.5567808362302619,0.06221173885891616,0.038882498330353725,2.3190338527389627,-3.92156982421875,-18.039215087890625,14.117645263671875,4.70587158203125,21.960784912109375,39.2156982421875,138.0392303466797,0.6929752495088624,0.30646520434773655,12937.5,2195.8463630226956,0.7934874497288998,0.5942733564013327,0.06706468335477406,0.02390878962821329,1.3774771478180388,-5.0265655517578125,-21.172334671020508,16.145769119262695,8.914000391960144,21.497918486595154,36.38258743286133,148.3042802810669,0.7579008852043604,0.14358770382262823,11125.5,2190.320809835856,0.7944445789345469,0.5933777853763613,0.047509950417200957,0.024036600798909607,1.4000984907183798,0.2311544418334961,18.3606112801225,0.12719512496308147,1.167201042175293,6.901917701006003,0.030571967960826844,-0.8609228134155273,8.826503913988867,0.0103860136948785,-2.0281238555908203,5.183939547795515,0.009754368859181257,1.167201042175293,-0.8609228134155273
CASE00076,43.494075775146484,34.956817626953125,8.53725814819336,0.21241378784179688,5.431610107421875,22.464224815368652,83.53432083129883,0.5174903458658349,0.48266767767721974,256.5,122.1668940425351,0.5410195138322116,0.10269953051582924,0.09619450317116261,0.014099633739980985,1.1969256144156804,62.32843208312988,35.341753005981445,26.986679077148438,8.546981811523438,1.6767845153808594,28.545605659484863,104.56086254119873,0.47790370436266805,0.48330806282675687,276.25,97.07567924047711,0.5193972726317517,0.11032863849700512,0.14191331923877562,0.014540247294355392,1.3111676952187212,95.0,57.0,38.0,5.0,5.0,31.0,134.0,0.532398165824125,0.4104946498942066,263.0,124.01008023543892,0.517521852540391,0.0992907801413023,0.14464411557422072,0.042119901963478354,1.5279203225935223,85.73527908325195,60.63884925842285,25.0964298248291,2.8449783325195312,6.296684265136719,27.25023651123047,121.01022005081177,0.5324946445660903,0.4428888176219147,236.5,105.45496669194866,0.5440515618774097,0.12089201877863327,0.1295806906270881,0.039627681546548124,1.3834565876055218,18.449420928955078,19.041966065735988,0.17446556663808327,-11.013320922851562,31.443222524581635,0.29320806243091996,1.890249252319336,23.60110386379437,0.19327149692367196,12.903570175170898,9.044070182716693,0.0405846789570871,-11.013320922851562,1.890249252319336
CASE00077,,,,,,,,,,,,,,,,,66.90942764282227,43.85869216918945,23.050735473632812,14.220664978027344,-10.514690399169922,28.632064819335938,35.37721824645996,0.7729740382950753,0.21800373750055876,152.25,51.99218691303531,0.7957637501021784,0.44092707744363785,0.12652617157588486,0.03277853857227941,1.2470357169538946,101.0,70.0,31.0,16.0,-9.0,28.0,50.0,0.7334795317933521,0.24254178377919156,179.75,102.78466568511084,0.7926510324474003,0.43422459892932025,0.1889027682636141,0.05321464939077605,1.3711437401142574,80.77952575683594,76.87239074707031,3.907135009765625,-0.08672332763671875,5.553794860839844,24.653532028198242,44.17045211791992,0.6857188561755695,0.2993741662404571,220.0,100.2496882788171,0.6971848828776829,0.17128321085310547,0.1294677035902287,0.021717756943711638,1.7830094494410633,,,,-7.9492645263671875,33.32329137215548,0.34214756481579595,19.143600463867188,14.254898062882312,0.09008817074723853,27.092864990234375,19.0845933949153,0.16871427064309089,-7.9492645263671875,19.143600463867188
CASE00078,33.31399917602539,35.6647834777832,-2.3507843017578125,-1.6470222473144531,4.832978248596191,23.650806427001953,27.240013122558594,0.5140853753137202,0.48597604766201496,506.25,241.58784634165684,0.5368855753449507,0.0491512541169264,0.09544671071524313,0.011209371769839072,1.8121174584973998,56.94757843017578,50.509456634521484,6.438121795654297,2.9214344024658203,10.024864196777344,33.3543586730957,35.04906940460205,0.5679885289692329,0.43749760419021017,591.25,155.6155117589503,0.6515245539575929,0.31086901444056025,0.10492674518808896,0.0027908579304005065,2.0931863291059796,78.0,72.0,6.0,1.0,12.0,35.0,42.0,0.4470287401507077,0.5591644842783915,805.25,314.3114498391683,0.5078847901475062,0.03525407245311147,0.11613042229236128,0.0009302859768001688,3.1478704930459016,57.025718688964844,54.27115058898926,2.754568099975586,-0.988555908203125,5.254543304443359,29.255813598632812,35.78217887878418,0.4531232820884646,0.5461019035227644,691.0,331.7325730162777,0.5011525566190252,0.020268558398732536,0.10384946854344738,0.0033995635695413576,2.2693069927457,8.78890609741211,24.14237101792602,0.2151555590402937,0.4381217956542969,20.889474262528683,0.11189087813021295,3.683553695678711,2.365817732600297,0.004900637256255081,3.245431900024414,21.445406829608984,0.13875772917978865,0.4381217956542969,3.683553695678711
CASE00079,,,,,,,,,,,,,,,,,67.199951171875,59.79975509643555,7.400196075439453,4.806913375854492,3.127483367919922,33.13746643066406,35.22260570526123,0.5835837693776514,0.42004686397342345,1066.5,211.5874523689909,0.6462541296051133,0.15372520561181213,0.06307585510536946,0.05802371093084928,1.4731203490539113,106.0,116.0,-10.0,-4.0,14.0,33.0,39.0,0.7028156536223529,0.2940500479873819,793.75,246.1832396813398,0.7032384691915767,0.1944943147813351,0.07535024611887058,0.03414260593340324,1.2945408470936386,89.0281982421875,93.30744171142578,-4.279243469238281,-2.335784912109375,6.52423095703125,25.07195281982422,30.59545135498047,0.6221961594782784,0.3689740285186796,894.5,365.07841623410167,0.6369044961227928,0.07268988872753665,0.047141234380901446,0.06944806852345173,1.4856490021385034,,,,17.400196075439453,36.79179496987668,0.2996768744262851,11.679439544677734,20.67891895405031,0.1543389490783764,-5.720756530761719,16.153486180763025,0.12105849784966344,17.400196075439453,11.679439544677734
CASE00080,45.665313720703125,49.80681610107422,-4.141502380371094,-2.7736740112304688,1.5480079650878906,14.391302108764648,14.33619499206543,0.5468278317113202,0.4508498065537153,105.0,49.040799340956916,0.5325969124171538,0.06738544474302716,0.08330248056265173,0.0024282594419581197,1.3320031886393373,70.68601989746094,55.97482490539551,14.71119499206543,8.591888427734375,-16.801597595214844,31.25492286682129,15.220235824584961,0.84662628391717,0.16417371789347737,29.75,3.766629793329841,0.8727935560025384,0.5741239892105913,0.12612612612597046,0.03466760335374171,1.1461081190757851,115.0,97.0,18.0,15.0,-3.0,21.0,19.0,0.6092281901380313,0.37457430091472554,76.25,30.177599308096063,0.6360652781372015,0.11689961880410547,0.12427495989124487,0.03485086821728572,1.2878374775931138,80.6363296508789,83.52485656738281,-2.8885269165039062,-2.807117462158203,4.314334869384766,16.736454010009766,15.382427215576172,0.6097831808640611,0.3823449223858671,105.25,37.405714804024264,0.5694002017644367,0.07277628032246933,0.1327903245709826,0.002214450434490109,1.7779297149232978,18.852697372436523,26.925710019427562,0.38058095992307805,-3.2888050079345703,42.006896628207706,0.5597920004396418,17.599721908569336,11.249007636080213,0.14913308162954042,20.888526916503906,33.919224141435805,0.61513778554896,-3.2888050079345703,17.599721908569336
CASE00081,36.062801361083984,20.40507221221924,15.657729148864746,4.609387397766113,-1.930410385131836,20.913790702819824,44.457478284835815,0.6200467550325863,0.37971080390236217,1326.25,850.9307771493519,0.6729276910695292,0.031179891030616188,0.12015322934971989,0.03390763981966531,1.2041355098670794,66.64630126953125,25.948019981384277,40.69828128814697,19.52425765991211,-8.554109573364258,28.257007598876953,50.466400027275085,0.7297808954150514,0.25581106079805327,1073.25,402.36511715107713,0.7689137520596865,0.2954077194266309,0.15528888400700855,0.012611185573290785,2.2282005247950027,86.0,44.0,42.0,18.0,-3.0,26.0,64.0,0.6564708134869367,0.33256088142149853,1789.25,856.9475990397546,0.6926104389884874,0.08777085709268893,0.13639608963091274,0.029930547093943462,1.5018412326174113,,,,,,,,,,,,,,,,,25.040552139282227,30.63172354290405,0.3550068792981182,-1.3017187118530273,19.036650076317134,0.13848776508678493,,,,,,,-1.3017187118530273,
CASE00082,,,,,,,,,,,,,,,,,27.730180740356445,21.565906524658203,6.164274215698242,1.9839439392089844,6.866643905639648,33.35828733444214,122.76249122619629,0.7708217085470573,0.20601918696125648,796.0,171.07454515502883,0.8039404287735656,0.6328410354126841,0.1160470063823027,0.03525348300426615,1.741627061810495,47.8431396484375,54.11766052246094,-6.2745208740234375,3.1372528076171875,36.07843017578125,59.60783386230469,241.56861877441406,0.7153873032890963,0.22522751138480526,729.25,145.96467894665477,0.7861915516285547,0.44045454545387813,0.06676121973455913,0.06192192092459184,1.4457261330325086,,,,,,,,,,,,,,,,,,,,12.43879508972168,20.42477728023361,0.11717276311776607,,,,,,,12.43879508972168,
CASE00083,-6.327807426452637,-22.36100196838379,16.033194541931152,6.7084736824035645,-30.40425443649292,35.03628158569336,112.8246945142746,0.9090416033135301,0.06524840466543058,617.75,347.50278775860204,0.926710290347618,0.9461002739542046,0.09447888813797817,0.020729004689431993,1.2245544208452115,3.9892776012420654,-0.45674455165863037,4.446022152900696,-1.2116388082504272,-18.072336316108704,36.636359214782715,160.49813079833984,0.7085937230858753,0.28668438601521146,4365.75,517.9538468821329,0.7453433233212164,0.6987490510609305,0.048981870537416684,0.026362445361379813,1.1597219729333745,7.058837890625,3.9215850830078125,3.1372528076171875,1.5686187744140625,-15.686279296875,39.2156982421875,144.31373596191406,0.6916952941222946,0.2854553041411191,5433.25,174.08528800562098,0.688057042678514,0.5585515215895274,0.050633208944257005,0.05570874095478241,2.581756381360891,8.111227989196777,3.8844332695007324,4.226794719696045,2.6517090797424316,-14.025411605834961,37.76194477081299,137.13606643676758,0.7082585198123625,0.2707248142720562,4752.75,217.162813345195,0.6784630766521469,0.5422649107170537,0.053083771633411506,0.020032324023850967,1.7235432295314728,-11.587172389030457,7.989027240343032,0.023199491965575744,1.3087693452835083,3.7365202813023335,0.008199871957126483,0.21922743320465088,3.6635221186482765,0.0037056220537941575,-1.0895419120788574,0.9190317976655232,0.0046898680013721375,1.3087693452835083,0.21922743320465088
CASE00084,-22.730836868286133,-74.21379852294922,51.482961654663086,15.846887588500977,0.7448081970214844,33.54520225524902,133.1759433746338,0.511967852697827,0.46814610444869603,30865.0,16905.73420470108,0.5917714549732193,0.0018675398753564226,0.14156260181356878,0.032914737037902445,2.1530840846156094,-8.928200721740723,-69.28675842285156,60.35855770111084,17.19045925140381,1.0939421653747559,33.98637104034424,148.10318088531494,0.5754202780984164,0.3964046312389988,28592.25,12364.00605335908,0.643897518563008,0.11563959015527132,0.10395962465825842,0.02854642317176107,1.958272706039343,3.9215850830078125,-60.39215087890625,64.31373596191406,17.254913330078125,6.2745208740234375,37.647064208984375,144.313720703125,0.5459364554215457,0.4360594411405575,32775.5,14617.859393563751,0.6285305402360215,0.10372733543554954,0.1207051114713137,0.025607505162899495,1.53616686382813,0.41023701429367065,-90.28562927246094,90.69586628675461,31.621008157730103,-3.28828164935112,41.143226623535156,1004.0544281005859,0.9715839151418428,0.019211733254047413,21298.25,11767.679579573027,0.7076479322724876,0.26678356395900427,0.12607985624176382,0.04409617063085127,1.2240727786998333,8.875596046447754,13.831518044448872,0.05006988387111844,-3.9551782608032227,12.92111504430379,0.04347948970448494,-30.33730858564377,115.73498255829996,0.09654270099461756,-26.382130324840546,114.26681520069867,0.059851273048508964,-3.9551782608032227,-30.33730858564377
CASE00085,41.07744216918945,11.928511142730713,29.14893102645874,9.121583938598633,-4.793790817260742,24.35233974456787,93.26325511932373,0.5715930304271997,0.37422034471562443,330.5,129.20236065954833,0.6676617038320832,0.365213523130048,0.14728514922679087,0.024391852527670364,1.3907806118906647,72.67013549804688,29.04448890686035,43.62564659118652,16.437992095947266,-4.975444793701172,24.695798873901367,102.24117374420166,0.5283850676474392,0.441961940264984,289.0,119.5449706177554,0.6080751530343612,0.08629893238395775,0.18583243437599004,0.04667318874830481,1.1992455715309118,64.0,34.0,30.0,6.0,-2.0,26.0,112.0,0.5437322301895546,0.40112693548517514,355.75,153.7585363483927,0.6414974530685683,0.17523652817698382,0.14771664868741624,0.03827509260989104,1.6904715290895218,52.802490234375,25.416518211364746,27.385972023010254,5.671930313110352,0.4550304412841797,23.30584716796875,106.06775379180908,0.538447918586203,0.41469710833090234,338.25,125.08472128921262,0.6523427260733642,0.30160142348620284,0.14030924128001415,0.027139920635790054,1.3293313441664798,14.476715564727783,31.89984018542663,0.3810120537517144,13.625646591186523,8.862920345245751,0.03964234735601378,16.23967456817627,19.703576464338443,0.17649748881402272,2.614027976989746,11.087930483115649,0.06996171091629294,13.625646591186523,16.23967456817627
CASE00086,42.94789695739746,37.568084716796875,5.379812240600586,0.9447154998779297,-1.484506607055664,19.295183181762695,87.32132053375244,0.7829977117059137,0.15826921293569826,125.0,51.3176382932808,0.6316906005192137,0.07832898172221503,0.10005600149318639,0.018434904083613535,1.6356686725174883,57.9098014831543,44.811241149902344,13.098560333251953,3.2335205078125,-14.787574768066406,21.16364097595215,86.4603590965271,0.7058226379061054,0.19455633139444609,84.0,17.146428199482248,0.8158181026926958,0.7415143603036356,0.1358969572519397,0.021428393244687448,1.5087803239825577,89.0,77.0,12.0,2.0,-7.0,28.0,121.0,0.8057436825749853,0.13343854021364698,137.5,25.811818998280614,0.7361583557021897,0.3924528301837427,0.15008400223977958,0.0445281512709745,1.5943304835530285,,,,,,,,,,,,,,,,,7.718748092651367,19.145177835566464,0.17730482403134704,1.0985603332519531,29.934430988599228,0.4055443338221175,,,,,,,1.0985603332519531,
CASE00087,,,,,,,,,,,,,,,,,20.614574432373047,34.10848426818848,-13.49390983581543,-3.148191452026367,19.658828020095825,33.43980997800827,26.524933338165283,0.7914822643042783,0.19771549101264205,242.5,20.006249023742555,0.8518693423681418,0.6592279855227405,0.09744082160894357,0.04913098480079958,1.5824167237769533,30.588241577148438,98.03921508789062,-67.45097351074219,-40.78431701660156,42.352935791015625,40.78431701660156,40.7843017578125,0.7865056836965029,0.17645509574048693,240.75,25.625914617823888,0.8112618159003679,0.5187069739583398,0.06061871164361014,0.02414796627385824,1.572973010819231,,,,,,,,,,,,,,,,,,,,53.95706367492676,12.868649976561294,0.04289504424022237,,,,,,,53.95706367492676,
CASE00088,,,,,,,,,,,,,,,,,65.8257827758789,36.343666076660156,29.48211669921875,12.40180778503418,-10.990703582763672,31.800922393798828,143.01011276245117,0.7317021663511035,0.24416916551790263,733.5,156.2281984790198,0.8022951896705097,0.5364488116995698,0.0879186602870504,0.03498627039250299,1.3768826780415484,88.0,77.0,11.0,3.0,-8.0,32.0,133.0,0.6981106390411833,0.23972396390050094,1197.75,415.50172983996106,0.7178626616739567,0.42028830752758106,0.08281733746127116,0.03706024874818045,1.3497410435459027,,,,,,,,,,,,,,,,,,,,18.48211669921875,21.216592907390226,0.1397669051827948,,,,,,,18.48211669921875,
CASE00090,-15.650697708129883,-57.49710273742676,41.846405029296875,7.431848526000977,1.9234180450439453,19.66638422012329,182.029700756073,0.43924211114112544,0.5423718006944284,694.25,229.54778914204337,0.5324615027133246,0.10524719441884972,0.15101301718536642,0.056993700696235834,1.6200612778756707,-8.698972702026367,-28.25059223175049,19.55161952972412,2.6864147186279297,1.3996667861938477,21.71858251094818,133.92034542560577,0.426582440545209,0.5705773763208113,655.0,298.68461627609815,0.515032175503313,0.13133151349672026,0.12378284191461143,0.03139652985722465,1.192886772478782,7.058837890625,-36.86274719238281,43.92158508300781,12.549026489257812,-6.274505615234375,23.5294189453125,205.49020385742188,0.4791909267963053,0.500108893980675,721.75,223.3398475418124,0.5973661945623545,0.1367395156522837,0.08708872868902692,0.04053762478883699,1.199594309643379,8.836267471313477,-30.599441528320312,39.43570899963379,9.269201904535294,3.0427699089050293,21.839799284934998,210.9299771785736,0.44863195175519127,0.5313136159824352,710.75,297.6191988094854,0.5252542395525918,0.07703973309045484,0.10611910212166246,0.030465053862466226,1.1886746528464724,-22.294785499572754,7.116134350195805,0.034852695672246234,-24.36996555328369,16.005714563357273,0.16128093340906016,-19.884089469909668,17.319305426559943,0.17553751964135922,4.485876083374023,1.6234479714592558,0.018563945123162364,-24.36996555328369,-19.884089469909668
CASE00091,-16.463053703308105,13.567238807678223,-30.030292510986328,-15.01305341720581,26.65489101409912,38.536455899477005,31.487197637557983,0.7328758934403096,0.26042975470778507,823.0,231.78977544318042,0.6818390003036481,0.17474087426749127,0.08355173752667358,0.004268111803277048,1.8945428040675403,33.30720329284668,42.953128814697266,-9.645925521850586,1.728769302368164,35.56269550323486,53.28431844711304,36.47714042663574,0.8561929141051092,0.1531500634713195,430.0,36.932370625238775,0.7344021510726942,0.32706173952193884,0.08784701999609594,0.023390492382481996,1.5472992320011247,52.54902648925781,98.03921508789062,-45.49018859863281,-23.529388427734375,45.490203857421875,56.47059631347656,53.33331298828125,0.840926661757213,0.12514741386115663,530.0,152.2547207806707,0.8422393659435492,0.5252580716005653,0.05462531547271049,0.03571223008841563,2.1356922176156172,37.422903060913086,79.48736572265625,-42.064462661743164,-28.63042449951172,46.90529441833496,55.38409686088562,35.09428787231445,0.8302422549014666,0.1540439838194128,518.25,131.6669567507353,0.8034837884881452,0.4166948293337651,0.11621529800036008,0.02956685749199598,2.4858745970420895,20.384366989135742,52.005334166199326,0.3398168707943361,35.84426307678223,17.034003673556978,0.039547317932872875,32.41853713989258,3.5070433445311693,0.0026033013099882444,-3.4257259368896484,14.480211479459145,0.027453100872544833,35.84426307678223,32.41853713989258
CASE00092,41.812116622924805,39.082183837890625,2.7299327850341797,0.051471710205078125,-3.44451904296875,21.75936794281006,23.948715209960938,0.511504046076018,0.4869481790034982,1148.75,541.660121755331,0.5644982882240457,0.01984807645182572,0.10344720012475325,0.0007963848952331057,1.8526689408568895,60.06210136413574,47.37779235839844,12.684309005737305,4.183326721191406,-10.01617431640625,27.349506378173828,25.388221740722656,0.5993332850975411,0.3994441668034953,918.0,232.67574003320587,0.7375817434688674,0.4105611369757283,0.13745125565430122,0.00661240791799609,1.204000587802134,93.0,80.0,13.0,6.0,4.0,29.0,33.0,0.519725293979996,0.4762507117705249,1220.0,549.623052646084,0.5898774104034835,0.028076171874965725,0.1498362189985494,0.02378898213563739,2.0228388995402677,74.96764755249023,82.01378631591797,-7.046138763427734,-7.757476806640625,10.43893814086914,26.30582332611084,31.84713363647461,0.5009378668293624,0.4868370756424732,1344.0,644.2646971548263,0.47361216000905765,0.03626562117123712,0.14178755264384907,0.0013212749398185616,1.0436964712294015,9.954376220703125,19.035940650791254,0.16984238610259064,-0.3156909942626953,31.887775186960887,0.326906024513926,19.73044776916504,14.73032318617424,0.09046988238754021,20.046138763427734,17.360886588019994,0.1242351874802328,-0.3156909942626953,19.73044776916504
CASE00094,,,,,,,,,,,,,,,,,59.734243392944336,31.390214920043945,28.34402847290039,17.47528839111328,-11.260242462158203,51.47738838195801,122.09861755371094,0.8282320490006084,0.12777476040707095,115.25,26.337947907914163,0.879852471000367,0.6885075402980317,0.11423390752487107,0.04767455414383613,1.4118163230775223,128.0,73.0,55.0,30.0,-34.0,52.0,118.0,0.6248441918944798,0.3565833874885601,215.75,42.12704000995085,0.7756930942249516,0.39103554868422963,0.10191456455650262,0.035267805105487576,2.074886124531867,,,,,,,,,,,,,,,,,,,,-26.65597152709961,73.48456419598303,0.4326898442594457,,,,,,,-26.65597152709961,
CASE00095,39.6848030090332,27.36788845062256,12.316914558410645,2.4788894653320312,-2.6372909545898438,22.981834888458252,39.67923450469971,0.42665699024877085,0.5756046503528668,389.25,133.2485928631143,0.5483958289132084,0.08845338983003997,0.15424985738716,0.004378299821555883,1.2474350475219071,57.609636306762695,47.50493621826172,10.104700088500977,1.5556983947753906,-10.559375762939453,26.868562698364258,45.331478118896484,0.4152195764652223,0.5768549868486061,419.0,104.51554908242123,0.5883727762783217,0.14300847457551374,0.09652025099817851,0.019978292463065917,2.2156512268083857,73.0,62.0,11.0,1.0,-7.0,24.0,59.0,0.44499657512551183,0.5489916975680166,396.5,141.6500970702103,0.5807740360966186,0.048893463715651606,0.10382201939520384,0.030280174396138584,3.16586932920442,66.09846878051758,54.46055603027344,11.63791275024414,2.919342041015625,3.3461074829101562,19.88212299346924,48.938011169433594,0.4627002175215214,0.5338656495477703,361.5,168.96967183491836,0.4564120495453815,0.027542372881210052,0.1548203080431776,0.007413675748264793,2.801268202240949,-2.212214469909668,18.25655098780814,0.1538165214572924,-0.8952999114990234,15.03521696822394,0.11277365594856642,-1.533212661743164,8.578499333185446,0.06258492397772486,-0.6379127502441406,7.072821522840989,0.05521220188730852,-0.8952999114990234,-1.533212661743164
CASE00096,-17.893171310424805,-16.76300621032715,-1.1301651000976562,-2.271280288696289,-8.53597354888916,35.3408260345459,42.17152673006058,0.8194766647126849,0.1654554347608314,50.5,7.88986691902975,0.7106880540912796,0.4209039547963149,0.08069164265123038,0.033225950339492175,1.5237484166615491,-4.373791694641113,-5.314253091812134,0.9404613971710205,-1.5109350681304932,-4.905379086732864,38.61165523529053,51.40025329589844,0.7944606040368007,0.17060518224315346,57.75,14.905955185763842,0.7738234228032257,0.28813559321626925,0.11041580897479586,0.015453238836297225,2.5365807327257692,32.15687561035156,41.568634033203125,-9.411758422851562,-3.13726806640625,9.411758422851562,36.07843017578125,76.86274719238281,0.7608584583310825,0.18812843384403766,54.5,9.656603957913983,0.7533175809762048,0.33149931223753093,0.08991354466851385,0.05534023888585465,4.384972707471308,29.526742935180664,21.923762321472168,7.602980613708496,2.169139862060547,-2.042377471923828,35.04107427597046,57.15329170227051,0.8029139957901767,0.16780046303990115,46.25,20.94486810653149,0.6436012017775273,0.18079096044942386,0.11757925072036428,0.021975516677402787,1.3060858628074092,2.0706264972686768,16.120815609342714,0.05930795641030353,10.352219820022583,38.32431258000008,0.28476922402002763,-6.662519216537476,33.13097929878829,0.24651009245830816,-17.01473903656006,6.796983239434629,0.02913080757600211,10.352219820022583,-6.662519216537476
CASE00097,,,,,,,,,,,,,,,,,76.02234649658203,57.565969467163086,18.456377029418945,7.789888381958008,-12.25838851928711,17.769380569458008,53.90305161476135,0.780637012708472,0.16692089276544567,50.25,2.277608394786075,0.8208593317520395,0.44087523277262164,0.0560969515241678,0.09269294200799491,1.451755249219709,103.0,103.0,0.0,-4.0,9.0,14.0,99.0,0.7170848521155003,0.193336806325335,115.25,17.711225254058512,0.7869041939311978,0.5665620797823103,0.06321839080451871,0.051798997004467745,1.711159048723727,,,,,,,,,,,,,,,,,,,,18.456377029418945,28.559603817391938,0.5148577921764944,,,,,,,18.456377029418945,
CASE00098,,,,,,,,,,,,,,,,,12.743152618408203,27.161165237426758,-14.418012619018555,-12.726041793823242,25.599100798368454,28.963514387607574,41.72005295753479,0.6729488716632688,0.2906088542425288,2111.25,214.37394314608295,0.7023723540028947,0.23587816986432583,0.09745352560123881,0.05349172595406749,1.1109180329447612,35.29412841796875,85.49020385742188,-50.196075439453125,-28.235275268554688,42.35295104980469,42.352935791015625,76.86273193359375,0.7215041335591121,0.2375194782663304,1766.25,149.20853695415687,0.7810063063596708,0.4266571724492318,0.04937827306345718,0.04725419278311463,1.049124076736209,42.9215087890625,82.34681701660156,-39.42530822753906,-21.875364303588867,40.99705219268799,41.3521614074707,50.845947265625,0.7723062542760224,0.19620806233919597,1468.5,251.95287257739292,0.7545042312276025,0.3450288474437508,0.0537464942542933,0.06122971407715529,1.0022249585179448,,,,35.77806282043457,22.220776194371716,0.1327489013120097,25.007295608520508,28.652270292778333,0.19744460504064457,-10.770767211914062,6.477099002139142,0.020405282013483385,35.77806282043457,25.007295608520508
CASE00099,-0.053892023861408234,-90.44927978515625,90.39538776129484,4.057672373950481,,30.584702491760254,206.64643335342407,0.6161504786913096,0.42070988605767123,14.75,2.8613807855648994,0.6057600253758036,0.38709677413111343,0.14263404476797858,0.04635133572336155,1.783524222060479,16.767324447631836,-59.87651062011719,76.64383506774902,12.828395366668701,,32.233816385269165,223.2379150390625,0.5682942466740206,0.4165820544969472,16.5,3.2015621187164243,0.2856923981530769,0.24193548383194588,0.06324830817266203,0.0008095293165257756,1.7332644740419934,52.54902648925781,-72.94116973876953,125.49019622802734,9.411758422851562,,47.058807373046875,258.82354736328125,0.6736632473903069,0.32954157692066477,6.75,1.920286436967152,0.5151274128358125,0.6451612902185223,0.07964601769890774,0.023360703134029524,1.5281919860568456,41.91650390625,-28.878774642944336,70.79527854919434,8.433259963989258,,20.91448974609375,241.75368881225586,0.6333062810018796,0.3370508761274955,12.5,1.118033988749895,0.6571637774439141,0.49999999991935484,0.07496095783426611,0.0015959292240079576,6.815936809183664,-13.751552693545818,21.218740032505718,0.13387749372095184,-48.84636116027832,34.742366507825665,0.24771390433591584,5.8485565185546875,24.233609346402464,0.29010716053227326,54.69491767883301,17.303053118908387,0.16349374278782955,-48.84636116027832,5.8485565185546875
CASE00100,,,,,,,,,,,,,,,,,30.56613254547119,7.333503246307373,23.23262929916382,7.123424530029297,7.358476638793945,40.05357813835144,190.29672622680664,0.7227284107766003,0.25201155853474017,146.5,6.224949798994366,0.7200365372633983,0.2690498588874031,0.12413708839872677,0.019017839743474495,1.7030243848710576,51.76471710205078,19.60784912109375,32.15686798095703,-3.1372528076171875,14.117645263671875,64.31370544433594,274.5098114013672,0.6364523293906331,0.31745507978927273,210.25,53.45266597654415,0.6335571275520882,0.11200716845777772,0.09646282607361692,0.0471327085584666,2.21465063514001,39.52400016784668,22.20240592956543,17.32159423828125,-6.134346008300781,12.109733581542969,40.33822965621948,260.73866271972656,0.6240085863025233,0.2946150060194856,203.25,70.14761221880613,0.578857753152964,0.11947318908636433,0.07453112590868438,0.04977235282654085,2.020196816040961,,,,-8.924238681793213,23.092275838876038,0.1149002489010499,5.911035060882568,9.060217672612662,0.018433512703950432,14.835273742675781,16.110771773561613,0.0763127617097691,-8.924238681793213,5.911035060882568
CASE00101,,,,,,,,,,,,,,,,,73.01007843017578,49.260955810546875,23.749122619628906,19.196765899658203,4.242733001708984,21.544041633605957,36.726388931274414,0.4921553554607124,0.48843949548323623,64.5,21.277922830953212,0.6074918643686579,0.15104166666273328,0.09117082533545504,0.033693148457597355,1.9390863190717296,87.0,80.0,7.0,8.0,4.0,25.0,59.0,0.5639383458003339,0.33059735843272103,74.5,20.414455662593603,0.6059812498588034,0.3067632850167448,0.11564299424128771,0.01797570118783344,2.3113484958016985,,,,,,,,,,,,,,,,,,,,16.749122619628906,13.147752251701592,0.11739945169704126,,,,,,,16.749122619628906,
CASE00102,-10.378688335418701,-27.95806884765625,17.57938051223755,12.806900024414062,-8.760179996490479,20.850408226251602,146.6913423538208,0.8511501652966279,0.06411760899295374,247.0,180.44666802132977,0.7486379214203865,0.18292898884330985,0.08015277739335193,0.04154271338328001,1.2891280768562385,11.562463760375977,-19.166915893554688,30.729379653930664,25.29809284210205,-10.8391695022583,41.29759454727173,111.97204303741455,0.5994570467745376,0.365073311433675,682.5,226.3288536620994,0.7013858202203515,0.29537807685444417,0.08286512966702199,0.02351439694432094,1.2175497258460075,80.78433227539062,29.019622802734375,51.76470947265625,36.07843017578125,-32.941162109375,75.29411315917969,249.41177368164062,0.7786720801201862,0.17726880809810608,805.75,464.1106414423181,0.6514054164098249,0.01949860724230589,0.0646259444797917,0.024551931834874734,2.7922087768139794,55.81054878234863,35.40863037109375,20.401918411254883,8.799354553222656,-15.325359344482422,67.80023145675659,263.6675720214844,0.8329802036888421,0.12688430595813655,614.25,370.0239012550405,0.6605767146268294,0.07543828581534366,0.06830699399405821,0.0343488320846172,1.4538518182418785,13.149999141693115,32.192111535958134,0.26320120263358493,-21.035329818725586,70.9159034357441,0.42020261640200646,10.327461242675781,50.90156391006846,0.27722310423944496,31.362791061401367,27.109878561422093,0.05048704081206108,-21.035329818725586,10.327461242675781
CASE00103,52.423255920410156,60.64818000793457,-8.224924087524414,-8.56507682800293,1.640249252319336,15.748497009277344,30.328380584716797,0.5993915871402654,0.34955567766002893,104.0,37.33630940518894,0.6814194890337557,0.4452736318352578,0.08836524300428812,0.010465505693232907,1.9538516893960924,70.31574249267578,71.25116348266602,-0.9354209899902344,-1.7724189758300781,-9.120967864990234,24.57835578918457,30.326881408691406,0.6223971464439042,0.37633751322338693,90.0,6.96419413859206,0.6989422899179674,0.3184079601950447,0.044624447717165505,0.07880525787004379,1.7008268964523408,141.0,126.0,15.0,5.0,-13.0,25.0,31.0,0.7171569767941842,0.2718854667283792,64.25,8.757139944068497,0.8050683357769517,0.4578754578698672,0.11075110456537444,0.008288680509040462,1.3537190519641953,111.00645446777344,108.24873352050781,2.757720947265625,-0.6172218322753906,1.7334976196289062,20.661998748779297,27.936010360717773,0.7236631324620513,0.2520448244403301,73.25,21.579793789561567,0.7394866673078205,0.6480099502406964,0.1285714285712392,0.0573091091761434,1.776983990002395,7.28950309753418,18.121206808234124,0.22989916130838753,-15.935420989990234,69.41888197959857,0.8711959078637735,-3.6931419372558594,40.370800784041364,0.6152048486137414,12.242279052734375,29.0480811955572,0.40419145463950973,-15.935420989990234,-3.6931419372558594
CASE00104,45.62873458862305,42.64076614379883,2.9879684448242188,-1.5843734741210938,0.37334442138671875,24.765819549560547,54.30602836608887,0.6620629440807636,0.3328408927815095,178.5,84.76290462224617,0.6914301113896505,0.12360761767831978,0.10415609576082653,0.008272400754864464,1.1854105362607523,104.3836898803711,48.75697708129883,55.626712799072266,33.31927490234375,-12.646781921386719,35.971946716308594,66.40724162757397,0.7831796247098638,0.1912833999268564,92.25,36.99577678600627,0.8614504731090287,0.758174631689694,0.20406845334184967,0.020549103428682127,1.4154157397357785,108.0,88.0,20.0,11.0,3.0,29.0,75.0,0.7148830318354789,0.27547934283830167,152.25,74.5498993963104,0.693040678906561,0.22132526067870392,0.14410258775767143,0.02205748067180132,1.5846572457871264,,,,,,,,,,,,,,,,,52.63874435424805,58.319303146561104,0.6437289701215095,35.626712799072266,4.982576389764534,0.02408735291396572,,,,,,,35.626712799072266,
CASE00106,,,,,,,,,,,,,,,,,-5.6335530281066895,-26.253843307495117,20.620290279388428,24.005340576171875,-6.501977562904358,48.9153470993042,71.64317440986633,0.5751755985125401,0.40196811344727246,2138.25,701.965588544054,0.651489224505982,0.2544787260510982,0.07955869592164627,0.010789727474397732,1.5312971805487343,29.019622802734375,-0.7843170166015625,29.803939819335938,42.35295104980469,-4.7058868408203125,75.29412841796875,117.64706420898438,0.47984833826306184,0.49599978821452034,2561.25,1124.2658437842892,0.5649340714777136,0.027256317689514285,0.059613239122342926,0.05146334891989284,1.8489254781103253,25.329561233520508,7.404015064239502,17.925546169281006,30.166182279586792,1.399754524230957,71.38839101791382,116.36902809143066,0.4946578869394226,0.48520177405635234,2494.0,1061.7184184142234,0.5612826768139964,0.014866882309022849,0.06866245196478633,0.038475387586650485,1.8551145556733497,,,,-9.18364953994751,33.90563800672944,0.12982280628401194,2.694744110107422,30.772961032621446,0.10868617512193555,11.878393650054932,3.542104174531383,0.004964005986474189,-9.18364953994751,2.694744110107422
CASE00107,20.9882869720459,23.465579986572266,-2.477293014526367,-0.6154546737670898,6.783128261566162,35.29087069630623,117.15008926391602,0.8412633752028682,0.0742493279754594,44.25,16.69393602479655,0.598205377271964,0.21064814814327204,0.06416972236764776,0.0011624812672444765,1.7390588661141992,37.13528823852539,25.600385665893555,11.534902572631836,6.411214828491211,-5.550987243652344,33.46532869338989,152.89803504943848,0.8591350554169074,0.06856602637391992,48.25,23.573024837725004,0.6301795619506231,0.26157407406801914,0.08944473546347637,0.010070169049985285,3.177678061533509,94.9019775390625,68.23529052734375,26.66668701171875,10.98040771484375,-4.70587158203125,28.23529052734375,158.43136596679688,0.7765268461810325,0.09486693640544483,58.25,23.53056522908024,0.6956354436983146,0.2417582417529284,0.112362493451922,0.02315158475608578,1.5632587798691746,55.489240646362305,39.56876754760742,15.920473098754883,5.866691589355469,2.4135379791259766,29.41360092163086,121.55075454711914,0.7075669496913364,0.1513666660505771,50.75,24.762623043611516,0.6500054006388207,0.16203703703328617,0.08407543216332625,0.018823793050320198,1.6203797366415151,14.012195587158203,14.828420355741455,0.09092958206537965,-15.131784439086914,63.93692186998449,0.6131370436637408,-4.385570526123047,31.611066446154712,0.1064579079333744,10.746213912963867,40.251241591303504,0.44538371979618085,-15.131784439086914,-4.385570526123047
CASE00108,25.581680297851562,-46.32211494445801,71.90379524230957,21.811591625213623,-11.752979278564453,26.78890895843506,116.1213698387146,0.7080189752401264,0.2305864103145982,9703.0,2782.5816250381586,0.6696912216090658,0.21206076415525366,0.09098158196704485,0.05520936333366854,1.36566281730428,43.80170440673828,-32.39862251281738,76.20032691955566,27.85384178161621,-10.216194152832031,33.813520431518555,140.77195167541504,0.7817564948200597,0.16684341637423764,5113.0,815.1321978673153,0.8397755751242246,0.638192419824975,0.08591516424528017,0.020944405206335972,1.3168461418904447,,,,,,,,,,,,,,,,,51.0,-28.0,79.0,21.0,-9.0,33.0,141.0,0.7495822964314015,0.19321154724839643,8301.5,1865.4131579894038,0.7922819083511554,0.6307655192170458,0.0967773304548985,0.06522853395217304,1.2634783426543288,4.296531677246094,19.06689940802403,0.13207837984524262,,,,-2.799673080444336,6.378678486626251,0.014158835343314115,,,,,-2.799673080444336
CASE00109,41.59908676147461,26.130735397338867,15.468351364135742,5.16667366027832,-5.579059600830078,20.98546028137207,171.8547019958496,0.8158943368345405,0.0813702870643633,490.0,228.51367573954957,0.7112241071694482,0.21086261980796986,0.13492240844192802,0.025725029001159017,1.588493939816892,63.12744140625,37.518436431884766,25.609004974365234,11.958599090576172,-11.242931365966797,16.564701080322266,142.6198902130127,0.871305504321852,0.10020901454127264,87.75,4.9180788932265,0.9128880945091019,0.8608626198069316,0.15687150837984934,0.06401856074242714,2.300077010330289,84.0,63.0,21.0,8.0,-3.0,23.0,205.0,0.7154131101685287,0.16370110247129604,638.5,252.01438451009102,0.6875427401114445,0.21437253114522278,0.120223463687121,0.08150326013040195,1.751785285720362,70.11988067626953,53.58661651611328,16.53326416015625,5.768890380859375,2.3446197509765625,14.496196746826172,123.55338287353516,0.7550012396872827,0.22529275489146347,231.5,102.82630986279727,0.61640917784945,0.25878594249159936,0.1484047175666919,0.04766590663626354,1.3147594277523658,10.140653610229492,30.991060338520896,0.4124666232633603,4.609004974365234,20.59319188302306,0.30480534968817957,9.075740814208984,6.1579256280892265,0.05184692268099898,4.46673583984375,15.374027797015804,0.21883414474653423,4.609004974365234,9.075740814208984
CASE00110,-10.580103874206543,-1.081061840057373,-9.49904203414917,-3.0535433292388916,4.0173492431640625,21.567417338490486,27.743324279785156,0.8038383344771571,0.1543584174461129,68.5,19.62778642639052,0.6221647540443808,0.3707440100835972,0.05860391446992951,0.052161162505247244,1.4902752882664179,5.688985347747803,16.969335556030273,-11.28035020828247,-2.1630563735961914,2.047831416130066,38.086730003356934,31.713455572724342,0.8465619179894578,0.14399625954506087,67.0,8.972179222463181,0.7297208694238774,0.4678436317721583,0.07257608326729688,0.04515911131613477,1.3302645740332333,52.54902648925781,74.50982666015625,-21.960800170898438,-7.8431243896484375,18.823532104492188,53.333343505859375,51.76469421386719,0.8446472855927418,0.15998580120787073,57.75,13.007209539328564,0.7917790851218163,0.5528967254338426,0.061601991175437486,0.06769747843779561,1.9133224008295788,55.312625885009766,79.74696350097656,-24.434337615966797,-8.243928909301758,2.7754669189453125,45.73520088195801,44.05458450317383,0.8993222985250504,0.09827438157209967,34.75,0.4330127018922193,0.8237328496884864,0.6784363177720247,0.041973073877111675,0.051666900068368715,1.8726969100563657,-1.7813081741333008,18.167401676823044,0.16661912004151933,10.680449962615967,48.01665635989685,0.2916046415812132,13.153987407684326,47.737517923437515,0.33165517320794297,2.4735374450683594,4.308738516242707,0.018504282876397604,10.680449962615967,13.153987407684326
CASE00113,40.15092086791992,36.14325714111328,4.007663726806641,-0.42016029357910156,2.869659423828125,15.03017520904541,25.803556442260742,0.5833730066242644,0.42095109725002305,265.0,92.91124797353655,0.5460255720684701,0.09916492693058891,0.11483499537358399,0.013031297526612818,2.043621028233914,53.18187141418457,44.422685623168945,8.759185791015625,0.5351142883300781,-12.557043075561523,21.15172290802002,34.28366661071777,0.5539187877078595,0.45165032288633905,286.75,61.12845082283699,0.7170516890107393,0.40187891440291296,0.10815256502507642,0.011350356199469887,1.1370495111316188,96.0,82.0,14.0,3.0,-1.0,23.0,35.0,0.5943131406538695,0.42414876873425233,261.0,56.960512638142575,0.6903938882217605,0.1706693919255459,0.1675747918164207,0.011702553429918883,1.4109216714597312,84.192138671875,82.53519821166992,1.6569404602050781,-2.4501075744628906,10.717655181884766,19.421781539916992,34.24814033508301,0.6563393776180052,0.3385484292737411,216.0,94.41927769264072,0.5702082454146736,0.11273486430003793,0.16521023953925648,0.028832146001756372,1.744050308686389,4.751522064208984,13.606127511692907,0.17247116258257178,-5.240814208984375,42.66536448839158,0.6372363329517087,7.102245330810547,30.190600515098726,0.46225326007385087,12.343059539794922,12.483736702244176,0.10818663788433928,-5.240814208984375,7.102245330810547
CASE00114,47.267255783081055,37.64571762084961,9.621538162231445,3.132242202758789,-11.195089340209961,29.375973224639893,511.7597141265869,0.8192417013981821,0.06452129341968943,330.0,154.71102093903977,0.7859941460143451,0.4348198970834265,0.05494964690148554,0.06697495014135257,1.2171589727920662,74.07870483398438,40.25682067871094,33.82188415527344,21.39209747314453,4.364276885986328,43.72462749481201,569.7218589782715,0.5435075621656115,0.37820446564127425,908.0,157.15279189374905,0.7139839900231245,0.3855060034299807,0.07471480506452939,0.03514577717387077,3.3826667100007692,91.0,63.0,28.0,8.0,12.0,43.0,633.0,0.6383416401612916,0.18798238180035995,1275.0,407.7762867063263,0.629116978142892,0.07143863604329796,0.1110693243073373,0.03368471805211352,3.6404851130309313,,,,,,,,,,,,,,,,,24.200345993041992,47.6723140790359,0.21550377576293855,5.8218841552734375,22.924180483953325,0.05391556272909534,,,,,,,5.8218841552734375,
CASE00115,-9.954401016235352,-9.531517028808594,-0.4228839874267578,3.647578716278076,-6.599549651145935,19.732715845108032,51.43902778625488,0.8187542610374856,0.11759249181852754,19.75,2.680951323690902,0.8019056894610842,0.5527272727071736,0.0320263394192876,0.010873732803703684,1.6474895233294684,27.82183074951172,25.26548957824707,2.5563411712646484,3.2989511489868164,-7.015449523925781,25.547122955322266,63.171016693115234,0.6956333318811512,0.24988055817727145,39.5,7.762087348130012,0.7902831815554223,0.5781818181607934,0.14711164322037248,0.06330997040012526,1.804273972308817,72.94119262695312,87.058837890625,-14.117645263671875,6.274505615234375,6.274505615234375,29.803924560546875,101.96078491210938,0.6503665557341046,0.24168549564101366,48.75,8.317902379807062,0.7400651089557398,0.531914893598159,0.14561508530358333,0.06015060656717327,2.041824043582256,82.38916015625,82.82635498046875,-0.43719482421875,14.451061248779297,5.834049224853516,29.78173065185547,90.67892074584961,0.6645485873542648,0.22393836750718543,32.25,8.954747344286158,0.8269120377594392,0.6399999999767273,0.12750673451043473,0.04777387543517204,2.172566881944235,2.9792251586914062,39.67021407161404,0.5693244639440321,16.673986434936523,43.54150665859218,0.45858035331855823,2.9935359954833984,53.46258939009003,0.5767135659435337,-13.680450439453125,9.93299776122164,0.03475679806733613,16.673986434936523,2.9935359954833984
CASE00116,27.3295841217041,-3.282549500465393,30.612133622169495,6.9313507080078125,3.6071090698242188,33.58961248397827,90.70029973983765,0.46098584444699525,0.5135079111610785,230.0,97.28052220254577,0.5228127748521989,0.058666666666145194,0.1654447702832778,0.006676036542514695,2.3026291026260353,90.54045486450195,21.242934226989746,69.2975206375122,37.180137634277344,-16.481746673583984,38.633901596069336,104.11820888519287,0.6451397943546548,0.2663521767909374,93.75,35.695763053897586,0.7227718172711806,0.2026666666648652,0.1889051808404339,0.06388247498576718,1.3941606615644389,98.0,54.0,44.0,9.0,7.0,42.0,133.0,0.75904572061983,0.1609689886019586,135.25,48.56632063477735,0.6765467730473699,0.16252220248523516,0.14980449657850708,0.034066191480100046,1.730999124241999,,,,,,,,,,,,,,,,,38.68538701534271,62.050399023167344,0.5733631451600816,25.297520637512207,11.34241703468756,0.03201343845385526,,,,,,,25.297520637512207,
CASE00117,38.93791580200195,-30.95290756225586,69.89082336425781,27.819162845611572,-4.914022445678711,82.18855059146881,884.7657413482666,0.13339910448638131,0.8445163536079306,7938.0,3243.652416643929,0.3789155278997357,0.0018057589067829157,0.09641230854145214,0.00016767909270366867,3.5184189630213445,45.02965545654297,31.554075241088867,13.475580215454102,3.78656005859375,-1.24102783203125,25.62262535095215,809.6723613739014,0.6333435954934463,0.35729269551019505,1841.5,614.5911242444037,0.7357704978036558,0.31542215714967525,0.08780184904097037,0.014095206156362936,1.4589804015666126,60.0,60.0,0.0,-1.0,4.0,30.0,860.0,0.6613720725740847,0.29014579930168743,1437.75,538.9301322991691,0.7529855731602143,0.2614668431380304,0.06718642196770151,0.017992474765566386,1.1679809496998883,58.486427307128906,46.85927963256836,11.627147674560547,1.6783599853515625,5.471996307373047,25.124664306640625,867.3918113708496,0.6083845412146675,0.2927047468049923,1647.5,667.9889594896011,0.7076490564501617,0.24387506100524944,0.11290189043740681,0.047194042819141656,1.2174150456000783,-56.41524314880371,36.32201533208294,0.25276858947226505,13.475580215454102,14.17056609781655,0.08885339655409635,1.8484325408935547,12.954245266865627,0.07673171288906706,-11.627147674560547,2.4902485531621945,0.012336840313972515,13.475580215454102,1.8484325408935547
CASE00118,32.624271392822266,3.5191075801849365,29.10516381263733,10.340126991271973,-10.920330047607422,123.66510009765625,142.0705337524414,0.09581401748405764,0.9027010304991098,916.0,366.4887447112121,0.3179832492439881,0.007309941520432213,0.10288631454928049,0.00023162971945550235,2.942905147518308,54.12980651855469,18.192272186279297,35.93753433227539,16.167879104614258,-2.368030548095703,187.94622039794922,191.68986129760742,0.00028212669148296085,0.9992736378497313,1203.25,423.8840495937539,0.2238027745745067,0.004385964912259328,0.11083840565471152,0.00023162971945550235,4.145360899455125,77.0,62.0,15.0,-1.0,7.0,36.0,105.0,0.29548877524015904,0.6970930605087982,646.0,285.1981767122644,0.4525224118609247,0.04191616766447759,0.10268996662075133,0.00848854795416341,1.7134556140484856,,,,,,,,,,,,,,,,,6.8323705196380615,41.30585481898127,0.04763912577229019,20.93753433227539,92.24118022387914,0.4297916539583367,,,,,,,20.93753433227539,
CASE00119,41.1224422454834,35.81670379638672,5.30573844909668,1.1645317077636719,-0.4018402099609375,24.49370574951172,37.72025775909424,0.4120549660352663,0.579143631108294,10655.5,4844.336822517608,0.48530883450888374,0.004353821907012539,0.10933735981280221,0.007141431642733221,1.3989233404304062,51.751163482666016,46.64353561401367,5.107627868652344,2.4181442260742188,6.665395736694336,32.10999011993408,43.708885192871094,0.46990314037373043,0.5158588727918161,9497.25,3198.2277416563065,0.5938945925134813,0.10003940110321119,0.12201615970675987,0.030216714896086835,1.8753639058361067,72.0,77.0,-5.0,2.0,15.0,35.0,55.0,0.5658369994960567,0.42828724749828356,7710.0,2412.1647953653583,0.6400906989858391,0.07662264150941951,0.08690741018221892,0.03024166114825262,1.9496946353509403,70.03881072998047,76.69281005859375,-6.653999328613281,-2.23016357421875,7.810394287109375,28.66415309906006,49.033504486083984,0.5585943172280159,0.43579187040947576,6758.25,3311.260060384868,0.6019889928167567,0.009948778565797883,0.07332956811396243,0.02202527282128455,1.1770820706454388,-0.19811058044433594,11.683155616176865,0.06527987559529906,10.107627868652344,19.22979324601232,0.09952424518073207,11.761627197265625,17.60966015035548,0.10009375673151011,1.6539993286132812,3.739699025457305,0.01710180479696338,10.107627868652344,11.761627197265625
CASE00120,-17.323596954345703,-11.243273735046387,-6.080323219299316,-0.533203125,0.6212215423583984,19.768823385238647,32.373317554593086,0.5735243982027516,0.36947466743069857,85.25,27.985487310390006,0.38264913898905134,0.07011070110571752,0.05508422476324224,0.0025149932288639786,1.6854133361414438,8.042327880859375,-5.878859519958496,13.921187400817871,7.895856440067291,-4.108703851699829,31.181642055511475,29.462371349334717,0.7186536181098784,0.28718733693849346,59.25,4.968651728587948,0.5762223247184285,0.42804428043490694,0.18836837575287302,0.013203714451535887,1.378165582568006,46.27452087402344,30.588241577148438,15.686279296875,6.274505615234375,10.980377197265625,29.803909301757812,36.07843017578125,0.7464613226555659,0.2697678173524491,64.25,11.431863365173676,0.5544976770258018,0.1554770317993732,0.20177056436714402,0.03240472044882434,2.0363678074409286,28.338077545166016,37.58954620361328,-9.251468658447266,-10.4815034866333,-1.4190340042114258,21.72309684753418,27.526884078979492,0.5991970751344743,0.37615507468747017,91.75,27.48977082479954,0.3698108856063412,0.1512915129123378,0.07414238288445328,0.007851292964466395,2.937370199721665,20.001510620117188,26.67150509439602,0.28991167109252,-1.765091896057129,35.65163758417292,0.32319474703536044,23.172656059265137,19.677456306899824,0.1994422611746042,24.937747955322266,16.78993284925528,0.17469921329895124,-1.765091896057129,23.172656059265137
CASE00121,,,,,,,,,,,,,,,,,62.689985275268555,51.022769927978516,11.667215347290039,5.742759704589844,-3.009319305419922,30.75980854034424,56.74442768096924,0.6172876896786851,0.3365447578326813,783.0,367.5057822674359,0.5350948441687152,0.02445277065662699,0.10496987269510036,0.0016102546115458756,1.8778840762773128,126.0,119.0,7.0,1.0,12.0,34.0,93.0,0.5641119505427233,0.407663188608119,759.75,287.42074994683315,0.5819973463514556,0.041033434650377974,0.12087165315085359,0.03973024249477546,1.425578885795352,88.85350036621094,95.50657653808594,-6.653076171875,-6.6890869140625,6.2506866455078125,29.116928100585938,69.7042465209961,0.5470839154559795,0.4253626196425897,703.5,305.315001269181,0.5291587858040963,0.08933149280203248,0.10632899922978012,0.019785405672558726,1.3624003562429232,,,,4.667215347290039,65.56955360951672,0.6643270574775187,18.32029151916504,28.67336089118637,0.21163916334141122,13.653076171875,36.92363247864633,0.340774923991181,4.667215347290039,18.32029151916504
CASE00122,44.00246810913086,43.64625549316406,0.3562126159667969,-0.03662872314453125,1.4551868438720703,21.30318832397461,27.68162727355957,0.45648108823752137,0.5412975430019066,584.25,264.748347492482,0.4710543421732283,0.030577223088828154,0.05564387917326145,0.029794896322761184,5.779539413515962,93.422119140625,58.15000534057617,35.27211380004883,12.998821258544922,-9.40713882446289,35.02278137207031,36.12263488769531,0.6011048484149757,0.38586496092307937,342.75,98.05961197149415,0.6726599063954625,0.13135725428976175,0.1690514043454324,0.07524219490006703,1.135467492629329,119.0,88.0,31.0,12.0,0.0,27.0,54.0,0.5907915140175627,0.35778746665500677,430.25,188.758277964173,0.6391497082072469,0.060747663551212625,0.16200317965015262,0.02442112370930756,2.0569332756651333,92.62632751464844,88.86103057861328,3.7652969360351562,0.7010765075683594,4.420429229736328,24.52007293701172,47.62509536743164,0.5535375177478014,0.40701089959912656,443.25,206.1872631856779,0.5285231409251013,0.02901716068633692,0.07037625861151543,0.023436400979093545,5.422356481484079,34.91590118408203,49.528530750886546,0.6010860696899988,4.272113800048828,24.964056639111895,0.1903630725155141,31.506816864013672,6.237038774887553,0.036136273142031015,27.234703063964844,25.90781277729723,0.2699112703523676,4.272113800048828,31.506816864013672
CASE00123,-22.624778747558594,-85.54032516479492,62.91554641723633,14.187068939208984,-8.00267219543457,21.696545600891113,156.6735110282898,0.7375993923043116,0.21328658726632574,29580.75,13140.991465163503,0.673736515794999,0.22557956448240923,0.07864006472910115,0.05812247137809496,2.472276776084807,-13.483635902404785,-79.42653274536133,65.94289684295654,19.427221298217773,-6.464898109436035,23.350990533828735,177.22797894477844,0.7878395696591021,0.11683016992537204,26521.75,8395.914910687221,0.7355128967122991,0.36627356322756305,0.07323482800202226,0.041494622065944266,2.52249237024133,2.3529510498046875,-54.117645263671875,56.47059631347656,12.54901123046875,-3.13726806640625,26.66668701171875,169.41177368164062,0.700620944403054,0.26078078256717524,29509.75,9771.145617966196,0.7328202827763541,0.391748962776822,0.06906443710867603,0.037801145890440375,2.481902190502,3.704139232635498,-74.32599639892578,78.03013563156128,22.578665928915143,-3.1854339074343443,24.77615451812744,188.7283113002777,0.7751625580574112,0.13005391447855116,26669.5,10590.521103798434,0.7011148978876887,0.308630825117579,0.07242125628846194,0.03967217262770604,2.515678809937588,3.027350425720215,10.47067502986926,0.05108249199880085,9.47230052947998,17.86844670998446,0.1105489305024421,-12.087238788604736,16.835045827639448,0.13975409784626383,-21.559539318084717,4.087836187204975,0.011561013089978582,9.47230052947998,-12.087238788604736
CASE00125,,,,,,,,,,,,,,,,,32.00649642944336,42.51622772216797,-10.50973129272461,-3.789958953857422,20.002541542053223,30.989944458007812,39.37020301818848,0.8099532575055659,0.17489325720245805,768.0,153.84082683085137,0.7431835755124839,0.28806509945724407,0.033909907063681924,0.09956140238578412,1.3614720545336565,52.54902648925781,87.058837890625,-34.50981140136719,-12.54901123046875,39.21568298339844,43.92156982421875,40.7843017578125,0.8939205753223993,0.10556507313724123,534.5,150.73237873794733,0.8058951892525347,0.4578421668312266,0.02264170813258265,0.06167506906696073,1.4254983783654287,,,,,,,,,,,,,,,,,,,,24.000080108642578,19.33426155346044,0.12397388868846884,,,,,,,24.000080108642578,
CASE00126,42.80732727050781,30.826923370361328,11.980403900146484,4.069438934326172,-0.66943359375,21.75904655456543,47.77851343154907,0.47295679439131527,0.5058905048091172,343.5,165.8952983058893,0.47652710430983997,0.02061248527667484,0.11449211908906635,0.005016290013961572,1.7299008368724598,70.53924560546875,48.3095760345459,22.22966957092285,11.830341339111328,-9.631759643554688,28.77819061279297,50.37955188751221,0.5339616557647786,0.45212307115869516,286.25,75.35706668919644,0.6361529978022361,0.1460541813890103,0.09391418563902383,0.05494647566839351,2.693986057900678,84.0,74.0,10.0,2.0,-2.0,29.0,72.0,0.4335199296855817,0.5534589668426851,425.25,183.91489200170824,0.5161238787303642,0.03757225433504294,0.09041155866880383,0.03351088586646494,3.2141942664349425,,,,,,,,,,,,,,,,,10.249265670776367,28.208335375898315,0.32111051979780153,12.229669570922852,12.592194571750499,0.06567256483645509,,,,,,,12.229669570922852,
CASE00128,52.282304763793945,41.74367141723633,10.538633346557617,3.0351200103759766,-3.775968551635742,17.682129859924316,30.90652370452881,0.607454774602151,0.29203136815902364,180.0,94.25497334358543,0.5160920986912372,0.09009009008966293,0.14380313199092276,0.005907568653716557,1.423549796610594,73.48746871948242,48.067115783691406,25.420352935791016,12.489234924316406,-26.483497619628906,40.72225284576416,45.41374111175537,0.42314647688487306,0.5490680579293069,505.25,64.60021284794657,0.658386527094896,0.27833096254016915,0.10747203579408726,0.0135565974547872,1.2500355012982387,127.0,102.0,25.0,12.0,14.0,40.0,57.0,0.4912225614891766,0.5071852424389777,459.75,79.60959427104248,0.6229770317837702,0.26028037383055946,0.17485458612959742,0.03264567983924546,1.8847707112275274,97.22980117797852,81.73461151123047,15.495189666748047,6.384365081787109,11.866336822509766,35.26431083679199,50.41523551940918,0.5155172781904034,0.4093743283286405,458.25,149.30568475446606,0.5669161819617157,0.05689900426715553,0.15131991051440596,0.017963831212321774,2.077752882074372,14.881719589233398,23.431916122871275,0.26654266923844205,0.4203529357910156,53.251515756173696,0.40024233602816567,9.925163269042969,21.620548293027234,0.11128226606151331,9.504810333251953,32.36588448814448,0.18576888006652914,0.4203529357910156,9.925163269042969
CASE00129,16.692955017089844,39.42157173156738,-22.72861671447754,-8.422195434570312,16.121495246887207,27.496604442596436,17.553454399108887,0.7861493195671267,0.19681645210005558,183.25,32.5681976781031,0.8780435203143243,0.7445280437731036,0.07353274416492549,0.006424372734996235,1.065624059342497,42.95452117919922,48.60540962219238,-5.650888442993164,-13.328104019165039,-11.760566711425781,23.26215362548828,19.81404209136963,0.7540576992466341,0.24813182060874714,250.5,52.77546778570513,0.7601261294999128,0.43809849521054006,0.13788805801034562,0.06906417436839407,1.4869647581152505,64.0,87.0,-23.0,-18.0,9.0,29.0,23.0,0.729462012644137,0.2347942918845744,228.0,19.0,0.7119620302593046,0.31514740765735294,0.13477226376606913,0.043089247628787165,1.6815217231387947,44.29353332519531,64.97405242919922,-20.680519104003906,-14.607654571533203,11.727304458618164,28.457748413085938,20.444047927856445,0.770878727665449,0.20416770395658929,199.0,10.793516572461451,0.7752044577019953,0.4469904240750787,0.13443235893942077,0.029989075965387284,2.6119006820864055,17.077728271484375,24.95666163318426,0.27289458769032976,17.349111557006836,22.179139943612622,0.20680863854083442,15.029630661010742,3.344776932619635,0.015348030225892427,-2.3194808959960938,18.861873109726755,0.14016262680696398,17.349111557006836,15.029630661010742
CASE00130,,,,,,,,,,,,,,,,,-20.53992462158203,-23.857900619506836,3.3179759979248047,3.211398124694824,-9.880120277404785,41.005720138549805,83.41061270236969,0.8640572389737143,0.10298887741420483,556.0,174.26847104396137,0.7557970017011978,0.31320049813161494,0.07475017885576729,0.0639714384716287,1.408242153502741,11.76470947265625,32.15687561035156,-20.392166137695312,-7.8431396484375,34.50981140136719,45.490203857421875,116.07844543457031,0.7640113408537591,0.20111761457580898,629.5,52.41421562896844,0.8378191390331651,0.5732368896918948,0.09775911010590622,0.07010733933166685,1.7789204612025737,16.2196102142334,22.64599895477295,-6.426388740539551,-6.090982437133789,38.76999759674072,48.36542367935181,191.67975234985352,0.8379968295333634,0.0793324415024194,572.75,95.20340067455574,0.8070880535252747,0.5810709838099862,0.09706676513348479,0.06586360079268107,1.7912575889750098,,,,23.710142135620117,42.3691943507845,0.2129626940013057,9.744364738464355,59.80543303142922,0.2568049911492631,-13.965777397155762,22.16462184241692,0.014102482756321776,23.710142135620117,9.744364738464355
CASE00131,6.943866014480591,24.6466121673584,-17.702746152877808,3.009500741958618,3.4284825325012207,44.84570264816284,53.00472807884216,0.6568297653511903,0.2722925878062871,1059.75,492.6390032265005,0.5621252371013532,0.02469888702542354,0.03258286916214845,0.024882709938448547,4.900727639518671,15.914839744567871,30.39417839050293,-14.479338645935059,-4.719799041748047,-0.7521858215332031,44.44977271556854,48.60131788253784,0.5232968925610728,0.4760801664300782,971.0,461.29329065140325,0.5594530455901683,0.07104741576448995,0.04672223736999051,0.022011793569490724,4.9021969777907675,76.07843017578125,71.37255859375,4.70587158203125,3.13726806640625,-17.254913330078125,69.01959228515625,61.176483154296875,0.6111634504552127,0.39758200133377347,948.0,152.2136656151477,0.617514343657292,0.2669614270463989,0.07013204533944804,0.01936900098997033,5.61904402102473,95.61521911621094,134.5916290283203,-38.976409912109375,-18.51099395751953,8.497146606445312,57.681806564331055,64.81315231323242,0.5773922129030312,0.42383086792277497,1030.75,441.2433427259838,0.5006242367859566,0.03293184936723139,0.04785182876951509,0.017690354237506232,4.9510501647183744,3.223407506942749,15.141002936687766,0.02389780157437553,-19.18521022796631,60.126427355786014,0.3178733950919635,24.497071266174316,77.92653715685758,0.4956858832313697,43.682281494140625,17.936483180826862,0.03358543916242814,-19.18521022796631,24.497071266174316
CASE00132,39.65801811218262,35.321882247924805,4.3361358642578125,2.3889198303222656,4.115203857421875,22.011349201202393,42.4417929649353,0.6185085232187109,0.38667528572245136,1522.5,811.1376270399494,0.6105700552665795,0.08901222425172894,0.06745103954544902,0.04002413226780879,1.3307600257606251,59.099809646606445,43.74789047241211,15.351919174194336,13.220012664794922,1.2168006896972656,32.76399517059326,45.17330074310303,0.6563234548600237,0.3312539696936697,1399.5,226.41389091661316,0.7329267364524114,0.28073626528011747,0.07537018880255542,0.05848723240235488,1.3465691888695672,96.0,62.0,34.0,32.0,9.0,36.0,65.0,0.7018988278653152,0.29421855423162036,1143.75,464.7651960936834,0.7157038237737213,0.17459016393430696,0.08482288759833954,0.025128202672743218,2.5139507624121844,76.94929885864258,75.90164184570312,1.0476570129394531,2.7335968017578125,15.260978698730469,28.332533836364746,73.35345792770386,0.6762896452172015,0.3214996136519505,1352.75,586.998030235196,0.6815605826423117,0.19804692988604886,0.10058576564343702,0.011199479049456248,1.6299627380602413,11.015783309936523,21.015716721935796,0.18213337200191276,-18.648080825805664,34.77141645881737,0.2655130259808177,14.304262161254883,16.697611402153083,0.09507321592246687,32.95234298706055,18.57226995545667,0.11910385224643097,-18.648080825805664,14.304262161254883
CASE00133,-28.066832542419434,-64.25090408325195,36.18407154083252,8.286867141723633,3.1974058151245117,28.126193284988403,134.72929525375366,0.5744168376462921,0.34634813476106446,1641.25,738.4143061317271,0.5292570751176372,0.04186549023134792,0.10439534847612844,0.026676690593642128,2.5876653150347866,-12.671637058258057,-48.66619110107422,35.99455404281616,10.542263984680176,2.133639335632324,31.52184122800827,139.81122469902039,0.6780134562687031,0.3042818414357272,1256.5,237.82924546825606,0.6625907835896706,0.39902764022652465,0.10908413420483022,0.02547862534886268,2.366739558849083,7.058837890625,-35.29411315917969,42.35295104980469,12.549026489257812,9.411758422851562,39.2156982421875,160.00001525878906,0.6917432236273391,0.27882537145498315,1193.5,225.2615146890387,0.7031899586862864,0.29425715737735536,0.1043487711344526,0.05897982513053216,1.5869804653484139,8.238240242004395,-41.62058639526367,49.858826637268066,6.027914047241211,12.15156602859497,34.49853873252869,179.05712985992432,0.6795744546505308,0.2859072691329704,1011.25,295.62761626749284,0.6935885027457653,0.2364274781667089,0.11015541306337466,0.023769065200151603,1.3336666030237947,-0.18951749801635742,18.272242598307066,0.0884923402956842,-6.358397006988525,18.077657878835765,0.0894754279267958,-13.864272594451904,19.505553364648513,0.1085535875746069,-7.505875587463379,4.381517903201583,0.011801517928802923,-6.358397006988525,-13.864272594451904
CASE00134,,,,,,,,,,,,,,,,,-8.629019737243652,-3.7151583433151245,-4.913861393928528,-2.7547402381896973,-3.438539981842041,54.89431190490723,52.838995933532715,0.9152649138338382,0.09443527377680769,148.5,31.196954979612993,0.8495097297829506,0.7912885662408007,0.09154744141136618,0.040225465229262576,1.8112718759825455,14.9019775390625,30.588241577148438,-15.686264038085938,-1.568634033203125,-9.411758422851562,84.70588684082031,75.29412841796875,0.9111424813265071,0.08217476625792569,79.0,22.135943621178654,0.769494884027111,0.7183648932951057,0.15170133707827857,0.0398340325395674,2.26142777906385,22.528278350830078,23.506303787231445,-0.9780254364013672,0.26226234436035156,7.1567840576171875,43.136394411325455,62.581849098205566,0.880295780417633,0.10404631589757832,173.5,49.1553659329274,0.6782050312554345,0.351784633997726,0.1260130489481477,0.027068721765037825,1.7388417111196515,,,,10.77240264415741,37.97824501395414,0.1095587455327251,-3.9358359575271606,37.79329613903917,0.15668165819392205,-14.70823860168457,23.4291282853154,0.14425481044371735,10.77240264415741,-3.9358359575271606
CASE00136,40.79777908325195,38.5674934387207,2.23028564453125,2.5890331268310547,-3.8709983825683594,23.784382343292236,26.0140323638916,0.3827215801009804,0.6147278210375023,1020.75,443.547841275324,0.547647820203356,0.01392572944294004,0.07849829351531216,0.0008863146829362898,1.265575660213784,70.787353515625,48.507530212402344,22.279823303222656,11.181367874145508,-1.3443222045898438,43.11083984375,42.99081802368164,0.27858375087615816,0.7160136452479078,1352.5,615.3269456150933,0.44144574651698376,0.012378426171502258,0.15299517476747498,0.0014840617946840203,1.5923437503784679,78.0,64.0,14.0,-3.0,0.0,30.0,43.0,0.38735535124055526,0.6051728176375101,1039.25,490.1068123378821,0.4843585676901935,0.019902604276900483,0.1670001176884977,0.03185579866227991,2.2656945809453877,,,,,,,,,,,,,,,,,20.049537658691406,30.07205538217416,0.2722963089554926,8.279823303222656,9.79643347810551,0.045222616620250115,,,,,,,8.279823303222656,
CASE00137,48.288108825683594,32.84406661987305,15.444042205810547,6.057435989379883,-8.805187225341797,20.94030475616455,153.90104293823242,0.56611199104796,0.23256550696533104,1222.25,524.0211708509495,0.6439332224446104,0.10720579596621577,0.10821590002655991,0.0028981145264955193,1.6356386926182047,56.3834114074707,37.55325889587402,18.83015251159668,5.722898483276367,-13.726036071777344,32.475502014160156,124.98103523254395,0.6476904136600579,0.1803261490537367,1122.5,204.5464494925297,0.8011291373274437,0.6025063638137825,0.09199680935918852,0.04539893978523634,1.098050324771721,103.0,67.0,36.0,16.0,-18.0,34.0,115.0,0.6349037582646759,0.23616252349145503,946.5,173.9116154832678,0.817889218065196,0.5963338157254255,0.08939111938311901,0.043195013495405575,1.9091742363843964,88.08691787719727,75.30908966064453,12.777828216552734,6.047573089599609,-1.6145820617675781,25.064701080322266,135.9792366027832,0.5963841355874888,0.23019467644868702,1089.25,416.9750442172769,0.6845609181927553,0.1789700411198561,0.10709917575110155,0.0067088681333614866,2.8365297322040965,3.386110305786133,13.86870096801691,0.07588449295541365,-17.16984748840332,49.286131240336815,0.3838975523583691,6.052324295043945,34.64271658696331,0.2922207684238717,23.222171783447266,14.799268355345596,0.08711915632276117,-17.16984748840332,6.052324295043945
CASE00138,50.83281135559082,47.999210357666016,2.8336009979248047,0.4570884704589844,-5.614494323730469,22.087096214294434,44.29222869873047,0.4702275086587658,0.5063407471580409,981.5,357.79079082614743,0.564927759097357,0.025157232704358566,0.07645039858277433,0.01577996085445765,1.4314284072198065,83.6119499206543,67.88230895996094,15.72964096069336,5.779911041259766,-11.947090148925781,26.32632827758789,41.07018280029297,0.6598295813589224,0.3177533813725348,530.25,50.67728781219453,0.7761432596917344,0.42959468902790077,0.07932905225859205,0.005131999138423022,2.1664670374150323,108.0,106.0,2.0,3.0,-1.0,26.0,49.0,0.5439593474343636,0.43944716346066187,937.5,262.4199878058072,0.6753431971542637,0.26955655206731516,0.057185562444609615,0.006508648542343066,3.0165070254499122,,,,,,,,,,,,,,,,,12.896039962768555,33.637176286613,0.439569043204566,13.72964096069336,23.569071769837773,0.2248232580731921,,,,,,,13.72964096069336,
CASE00140,39.524152755737305,33.523738861083984,6.00041389465332,2.798349380493164,-1.3772907257080078,18.672021865844727,798.4453048706055,0.5752606955672944,0.20676254785010106,286.5,93.80964769148214,0.6286849323283462,0.07479752262946739,0.09134213605207141,0.014042191888183132,1.838283974014621,50.0586051940918,36.01764678955078,14.040958404541016,3.887998580932617,-24.134281158447266,27.177271842956543,837.6423454284668,0.6337825172802368,0.15931822259666806,208.0,28.600699292150182,0.8063200450540249,0.5531205335847874,0.09426709008850553,0.0353079485337293,1.2075299419744094,86.0,79.0,7.0,0.0,-19.0,24.0,656.0,0.5911056711972531,0.2648013131525864,208.75,35.800663401674555,0.7826613721491462,0.5318352059900195,0.08858432224629066,0.04601920188099458,2.6954137645885745,84.69571685791016,81.52922821044922,3.1664886474609375,0.6640625,6.038829803466797,20.18198585510254,242.9773941040039,0.586032556185562,0.3744125597102443,250.5,38.52596527019148,0.732633779025616,0.35254883277583354,0.12368377068350017,0.023812944941542184,1.4349299245896383,8.040544509887695,21.60785557582054,0.09589710626656107,7.040958404541016,46.9926749562729,0.390535413119476,10.874469757080078,47.197125970767935,0.44276202443773627,3.8335113525390625,2.9695889150182637,0.018556893400426693,7.040958404541016,10.874469757080078
CASE00141,-1.8891530632972717,-38.17304611206055,36.283893048763275,12.791348576545715,4.048367381095886,39.11682748794556,219.03696250915527,0.5227305748632051,0.4337120242613976,5258.75,2440.706698376517,0.538781267254583,0.013093440956279278,0.06826721997124001,0.012207775833544682,6.356401897798965,4.311347961425781,-34.305381774902344,38.616729736328125,21.46934199333191,-0.1383228302001953,43.671244621276855,227.04639434814453,0.6716469138985977,0.26101251152630417,4249.5,1810.8462800580285,0.6524716824469193,0.0975692411965564,0.05871781466474491,0.023515941668469462,1.6235302027234866,40.00001525878906,-19.60784912109375,59.60786437988281,34.50981140136719,4.7058868408203125,61.17646789550781,263.5294189453125,0.7437710874305569,0.20978987045107586,3745.25,1075.035202911979,0.7220773334739783,0.270765974957301,0.06663344660828106,0.04733856856374116,1.6858090628317801,56.74017524719238,6.376593112945557,50.363582134246826,18.289779663085938,21.501354217529297,56.5049409866333,294.1686553955078,0.6910284428549384,0.29018853859026766,3746.0,1239.0752600225703,0.6893003197453463,0.19932838349912216,0.05500914913082808,0.044622700499725776,1.6038254825944624,2.33283668756485,9.3912445499644,0.01459368253155612,-20.991134643554688,36.00951387080965,0.1682896377484962,-11.746852397918701,53.44724303501845,0.27356698019924935,9.244282245635986,21.04402011146777,0.03611876563265536,-20.991134643554688,-11.746852397918701
CASE00142,50.19116973876953,40.44306945800781,9.748100280761719,4.449184417724609,2.1931915283203125,21.349406242370605,21.278221130371094,0.5156984391251803,0.4935769085267437,67.75,15.896147331979533,0.5758301773642888,0.20357142856415816,0.17097477421310814,0.013894983179752123,1.2868248261534467,77.9833755493164,59.91824722290039,18.065128326416016,8.078941345214844,1.8783035278320312,26.969058990478516,25.418960571289062,0.469341437352463,0.5269435459051177,71.25,16.96135312998347,0.4143948663090112,0.1392857142807398,0.18031765804989003,0.029216030422689332,1.9468150801599988,100.0,90.0,10.0,2.0,0.0,26.0,28.0,0.5168939390621737,0.4824175268852879,70.5,22.808989455914087,0.4531024822830164,0.24342105262357167,0.18405481158460277,0.05393447418456416,2.4110749415965236,90.42700576782227,89.0714111328125,1.3555946350097656,0.292694091796875,1.4812698364257812,22.146013259887695,21.53961944580078,0.4637655025298084,0.5376420466533055,73.0,20.820662813657012,0.4793231556757694,0.10357142856772959,0.11522890065364301,0.0036931402661972744,1.6320756077444434,8.317028045654297,28.304600554815522,0.33629060787048737,8.065128326416016,21.02822089246414,0.1822743393083047,16.70953369140625,12.251717097598936,0.09274112975886843,8.644405364990234,9.133935501306013,0.06203798597958668,8.065128326416016,16.70953369140625
CASE00143,36.13214111328125,43.58638000488281,-7.4542388916015625,-1.9739532470703125,-2.957639694213867,29.3868408203125,40.26545715332031,0.7759638246517789,0.2225092341802957,167.25,62.15454528833752,0.7001649330628782,0.1511123952610485,0.05501077185942537,0.002985660007353696,1.2988337190894828,47.69417953491211,46.744056701660156,0.9501228332519531,0.4030036926269531,-10.433345794677734,37.9835319519043,45.84788131713867,0.765635716674276,0.2394316914070605,235.5,38.88765871070152,0.7922445343339006,0.5556197630726506,0.06340539335856793,0.0030739061159454307,1.8315950652365411,60.0,61.0,-1.0,-3.0,-11.0,43.0,49.0,0.7596099143695156,0.24649148110707364,220.25,15.286840746210448,0.7900192500488294,0.47666946074189254,0.08673204071016762,0.013923274911140388,1.7263236938317763,59.197044372558594,63.853363037109375,-4.656318664550781,-3.2758312225341797,5.128889083862305,34.63726043701172,43.963966369628906,0.7666256978988151,0.23644946169248854,137.75,61.89658714339588,0.6945668400262165,0.11008379081158601,0.09312086769181593,0.004559382277239634,2.6379453429629054,8.404361724853516,11.328386724574282,0.05456820290509886,1.9501228332519531,13.260361498306994,0.041080459165516885,5.606441497802734,12.025882474300001,0.032999296723185176,3.6563186645507812,4.216207930296711,0.011088487163782816,1.9501228332519531,5.606441497802734
CASE00144,30.656917572021484,37.419342041015625,-6.762424468994141,-2.202451705932617,0.8463296890258789,20.198289394378662,21.912519454956055,0.49916728628792867,0.5103384662627609,72.25,26.621185172715357,0.47621060756309996,0.07491856677280395,0.04914411927098525,0.007767657673137045,1.9535336887376311,50.4445915222168,56.54697036743164,-6.102378845214844,-6.535778045654297,8.462936401367188,28.04294204711914,27.606891632080078,0.5111654767326358,0.4962820022776415,81.25,14.821858857781638,0.4405923164044378,0.13029315960487645,0.11126449475397221,0.007458326172879375,1.5085422583768635,64.0,88.0,-24.0,-16.0,11.0,29.0,26.0,0.5738485034848988,0.42228844580279246,74.0,21.95449840010015,0.5030836997065139,0.19677419354203954,0.07951408061822332,0.004880563670732125,2.332230720779205,62.251094818115234,77.78114318847656,-15.530048370361328,-10.534114837646484,6.910310745239258,26.2511043548584,22.66191864013672,0.5727125267296431,0.4311881199224511,75.25,21.798795838302627,0.4186998880184016,0.1205211726345107,0.0734400883487757,0.004090049836740302,1.809738952726958,0.6600456237792969,19.476110278144574,0.205996070824414,17.897621154785156,14.413773651235415,0.09058541728795656,9.427669525146484,11.410183910064188,0.06026271664828892,-8.469951629638672,3.144750098970616,0.020825222252763138,17.897621154785156,9.427669525146484
CASE00145,-50.14692306518555,-72.17741012573242,22.030487060546875,2.798837661743164,-1.2073078155517578,21.35101318359375,159.6064863204956,0.7511261709901933,0.2014972649365837,5743.5,1471.5173291538229,0.7125171932964895,0.16456625283045764,0.059671613924205634,0.037889784436265464,1.553727729534269,-39.43107223510742,-62.73160362243652,23.3005313873291,13.00421142578125,-6.763523101806641,25.846242904663086,175.8517622947693,0.7621955673448967,0.1995921878348792,4166.0,512.5680442633934,0.8568446472076401,0.675271335988026,0.08209651894784252,0.02976156276931884,1.9815574921158547,-21.176467895507812,-36.86274719238281,15.686279296875,-1.5686187744140625,6.2745208740234375,37.64704895019531,211.7647247314453,0.8229213165924424,0.1495433311953288,4087.75,583.2166728583811,0.8593273335108145,0.7167500114693587,0.0656372776604581,0.03473194104925353,1.4256593992670312,-23.894712448120117,-32.75874328613281,8.864030838012695,-3.1429262161254883,7.423373222351074,34.15868043899536,189.10395050048828,0.833715662606217,0.13653062123494958,3961.0,864.3477309509177,0.8667127608685306,0.8113063168578416,0.07212212886831747,0.0270297518063013,1.4188531597583065,1.2700443267822266,12.773009617559872,0.0858346258470439,7.614252090454102,17.14361415648985,0.11224935020506144,14.436500549316406,15.24299215552772,0.0900785305613317,6.822248458862305,2.458403660256633,0.009460105917416587,7.614252090454102,14.436500549316406
CASE00146,,,,,,,,,,,,,,,,,-20.271499633789062,-38.04014205932617,17.76864242553711,-1.2985258102416992,16.891352653503418,42.101160168647766,97.37048387527466,0.6138640272137649,0.3694146534651599,2841.75,419.3968138887085,0.7143154407114733,0.42707443476255647,0.09767484542940252,0.05470567004034199,1.7652381337284204,-13.333328247070312,-30.588226318359375,17.254898071289062,-3.13726806640625,31.372543334960938,48.62745666503906,130.19608306884766,0.5962179819869683,0.3836048281004532,2961.25,390.4595849764736,0.7202636449402864,0.4458518396663673,0.07440035789255488,0.08177979766483606,1.444109291725018,-10.057541847229004,-28.440061569213867,18.382519721984863,-7.306565046310425,32.25292420387268,48.33369493484497,111.22608184814453,0.6953762033700317,0.287889791585792,1991.25,216.53564948987037,0.7950493161153955,0.5951933481402157,0.1107058054303187,0.07261982816247312,1.3480570689162708,,,,0.5137443542480469,7.297757679555836,0.018100302940608545,-0.6138772964477539,11.023743990359621,0.019350927755330476,-1.1276216506958008,4.129514564320396,0.01076393134449252,0.5137443542480469,-0.6138772964477539
CASE00148,,,,,,,,,,,,,,,,,94.65999221801758,68.5843505859375,26.075641632080078,14.788139343261719,-11.598716735839844,29.241851806640625,48.89566993713379,0.5852005849981173,0.41037229980572976,75.0,7.874007874011811,0.7996701372999314,0.653558052422218,0.09097767048869798,0.03389332829966361,4.625462235227817,135.0,117.0,18.0,6.5,6.5,32.0,97.0,0.6855170481005892,0.1959281864200423,75.25,8.166241485530538,0.6121674865719381,0.2774869109899217,0.14966807483381162,0.02235785146500087,2.618173000855972,,,,,,,,,,,,,,,,,,,,8.075641632080078,37.166816360897045,0.37492659687302443,,,,,,,8.075641632080078,
CASE00149,17.50548553466797,18.176847457885742,-0.6713619232177734,-0.7835874557495117,-6.169211387634277,34.410528898239136,39.943950448185205,0.7352744685079703,0.2626692854677574,47.0,12.389511693363866,0.8423139014143428,0.56799999998864,0.08143153526949837,0.020056935817798893,1.5068992238349044,72.75572967529297,36.50911903381348,36.24661064147949,16.282432556152344,-13.145866394042969,29.62332534790039,42.881996154785156,0.491785846138015,0.48174167979770927,96.75,28.77824699317177,0.6597350439584384,0.44199999999116,0.15534232365104944,0.017274844720491307,2.158775751132192,34.0,34.0,0.0,2.0,-14.0,76.0,77.0,0.8794071195652552,0.11640323392001045,11.25,7.1545440106270926,0.9686585219048895,0.909615384597892,0.10684647302876855,0.07042572463765838,1.2802007136797924,44.60001754760742,36.50333213806152,8.096685409545898,5.31511116027832,-27.848731994628906,61.393314361572266,73.03137397766113,0.8572766177486975,0.13120808683510526,21.0,17.930421077041107,0.8488071258556542,0.49799999999003997,0.05990663900399402,0.08520962732916498,1.10600012298795,36.917972564697266,53.56786070350849,0.5750898542291274,36.24661064147949,26.63582689894803,0.2740946903712312,28.149925231933594,25.84503371661668,0.18599740107900986,-8.096685409545898,7.700673628114627,0.044954747864861866,36.24661064147949,28.149925231933594
CASE00150,,,,,,,,,,,,,,,,,25.470319747924805,34.061452865600586,-8.591133117675781,-5.270824432373047,13.260982513427734,34.87419509887695,138.23459148406982,0.7353511033538703,0.20503501608904273,665.25,90.89932618012082,0.7931034769554233,0.704397523415297,0.08673659549540134,0.023931270612972677,1.2996560537507482,55.0,56.0,-1.0,-11.0,30.0,37.0,187.0,0.7583907609073474,0.16667380570575055,458.0,95.97134989151711,0.8606860588279501,0.6877949040567981,0.0642670784302943,0.07026609272355741,1.7780848501200308,52.216007232666016,49.193824768066406,3.0221824645996094,-6.669898986816406,30.464927673339844,37.676239013671875,169.40879249572754,0.7588135568003616,0.17241718284045343,416.5,78.29591304787243,0.8287437438060643,0.5380219082385489,0.1368404238325239,0.04307269247013821,1.9051634598940366,,,,-7.591133117675781,31.65368607250165,0.20951622347593996,-11.61331558227539,28.675388759889305,0.17860953853519182,-4.022182464599609,3.9587748293840237,0.008483373229872615,-7.591133117675781,-11.61331558227539
CASE00151,1.9864093661308289,-19.774669647216797,21.761079013347626,6.681967496871948,-1.6918907165527344,31.58219575881958,52.868048429489136,0.5622386695236129,0.4262297933538055,480.75,151.54434169575583,0.582408523729814,0.08757396449678233,0.12603770930064512,0.04806926050210351,1.966944681378664,80.1515998840332,4.356045246124268,75.79555463790894,38.57143783569336,-19.87567901611328,58.424742698669434,76.05335807800293,0.68565633586998,0.29992058404265026,246.0,70.14983962918234,0.7451279740084157,0.3426035502948444,0.2041297312508076,0.03703181667868152,2.155614805493753,102.7451171875,46.27452087402344,56.47059631347656,20.39215087890625,-10.980377197265625,34.509796142578125,103.52940368652344,0.5502641996964935,0.4164072443595666,483.0,167.12719706858007,0.6997837820618675,0.198063623789217,0.2086675109046684,0.04928359616833461,1.453012123849059,67.77228927612305,35.448795318603516,32.32349395751953,8.949859619140625,-4.796730041503906,28.092650413513184,93.01189613342285,0.5762207563361296,0.3770701931270697,453.0,177.76248198087245,0.6131203157322797,0.11005917159730752,0.1403194034050442,0.030488499048588035,2.252059589716453,54.03447562456131,78.0058315253761,0.5926818094469993,19.324958324432373,24.159850228313026,0.1368037566804181,43.472060680389404,19.6227822139344,0.14154364726413413,24.14710235595703,35.52294755643967,0.3268330865583779,19.324958324432373,43.472060680389404
CASE00152,14.338663101196289,23.174150466918945,-8.835487365722656,-2.8547868728637695,10.820284128189087,30.869740068912506,26.73118305206299,0.5613379215579614,0.44028052713780247,190.0,70.9401155905458,0.5697743055538844,0.05083333333290973,0.08846052284124079,0.0010515519009816452,1.2847589375416744,23.23554801940918,26.566843032836914,-3.3312950134277344,-1.565791130065918,8.01063060760498,26.59180212020874,25.28846311569214,0.6025943143633957,0.40355290551302214,156.0,72.25994741210376,0.6253645833314283,0.10166666666581946,0.10872722471606236,0.010912005792153793,2.0760785061112177,101.17648315429688,83.92156982421875,17.254913330078125,17.2548828125,10.980377197265625,39.2156982421875,39.215667724609375,0.6512714488261098,0.34273846420193166,107.75,33.92915413033458,0.6302272387663111,0.1777597402582974,0.1084631634538497,0.07495324041751136,1.3962527825328757,106.27055358886719,116.87723541259766,-10.606681823730469,-9.424140930175781,11.644298553466797,32.241275787353516,30.338428497314453,0.6585371137996268,0.34250196119564585,146.5,60.97745485013293,0.574843749998205,0.19416666666504862,0.11631898600467631,0.02078107896120284,2.133897857722734,5.504192352294922,9.256042367430766,0.036448455289183085,-20.58620834350586,78.6462763931483,0.771542285305497,7.275386810302734,82.96504450580638,0.8812109575487646,27.861595153808594,6.749528562940296,0.025472558902293045,-20.58620834350586,7.275386810302734
CASE00153,6.840478897094727,-10.506553649902344,17.34703254699707,7.026268482208252,-5.548625707626343,25.48213839530945,71.91350650787354,0.7071358926024872,0.24093444259367117,4007.25,2261.5459728911105,0.6382962302479185,0.014694508894041306,0.10058265703498166,0.022849710384308653,1.8464409874288576,23.170753479003906,4.404720783233643,18.766032695770264,10.481656074523926,-7.060982704162598,31.797566175460815,85.51133346557617,0.7237257298752751,0.2379088712273932,3555.5,1120.6224832654393,0.7285403529068633,0.32659029389009897,0.0497933945717731,0.05719853639436255,2.1714027521230763,41.568634033203125,18.039230346679688,23.529403686523438,18.823516845703125,9.411758422851562,32.94117736816406,94.11764526367188,0.6611312477258168,0.31068416760595413,3978.5,1364.867850745998,0.7334906430100275,0.3551837992515177,0.07052082404351567,0.034110292496095186,1.8745821931079851,36.88646697998047,18.11004638671875,18.77642059326172,7.683382034301758,-0.13131141662597656,32.432005882263184,82.40274429321289,0.7375426557706025,0.21326358322472488,3825.75,1193.0669249878651,0.7747363717111269,0.5697989172465754,0.10345878296024677,0.050344073342303834,1.8633805941872585,1.4190001487731934,18.749489504535035,0.11987699222570955,-4.763370990753174,17.960015136347376,0.08944004064832264,-0.010387897491455078,12.199972921747953,0.05504002420398388,4.752983093261719,6.268377223447813,0.014506267133659469,-4.763370990753174,-0.010387897491455078
CASE00154,,,,,,,,,,,,,,,,,86.6682357788086,60.807647705078125,25.86058807373047,9.680347442626953,-31.829055786132812,32.09628677368164,38.20756816864014,0.8035330476595163,0.20231269805781205,73.0,17.421251390184345,0.8438263379943505,0.48634243837117697,0.1311050959160514,0.009152960383484872,1.1291940487806944,113.0,92.0,21.0,9.0,0.0,24.0,56.0,0.7598790961290653,0.25434448159321565,144.25,37.392345473371954,0.710489966537863,0.1687422166863715,0.20925032364339266,0.01724646994459294,1.5156974246121393,,,,,,,,,,,,,,,,,,,,4.860588073730469,23.477218785070043,0.21638722877162278,,,,,,,4.860588073730469,
CASE00155,,,,,,,,,,,,,,,,,1.0956121683120728,-13.043588638305664,14.139200806617737,9.267055988311768,-4.911715447902679,39.40510368347168,53.45979976654053,0.5619661560443854,0.42831880800376076,1048.75,343.9668406983441,0.6940391475430815,0.2703000882609551,0.04976209817800865,0.0344080436602672,3.4726344235573894,68.23529052734375,38.43138122558594,29.803909301757812,12.54901123046875,-10.98040771484375,65.88235473632812,112.94117736816406,0.5622378118790626,0.40400003519503236,1197.75,543.0549580843544,0.6366632888850028,0.05327566198960515,0.08097945920852247,0.028078390027596666,3.8243835559892987,59.67389678955078,63.93655776977539,-4.262660980224609,-2.8041152954101562,19.183422088623047,60.69859981536865,102.56421601772308,0.5533402073983644,0.44178365360608296,1006.0,437.0869478719309,0.6111563143569229,0.07778022947917279,0.06956017175349437,0.03248937951564264,3.349860190309105,,,,-15.664708495140076,66.30224342835595,0.39359345351424324,18.401861786842346,58.3672218634354,0.34180077510972934,34.06657028198242,9.946412449709888,0.011459131382189217,-15.664708495140076,18.401861786842346
CASE00156,38.3985710144043,32.24424171447754,6.154329299926758,3.210317611694336,4.651395797729492,25.4940185546875,30.311307430267334,0.4072500008543492,0.5794550597644381,97.25,29.810862114336782,0.4508017492663293,0.1224489795882668,0.11271617497433832,0.0021912773026078105,2.1337064997782345,53.3647575378418,44.64579200744629,8.718965530395508,2.7480239868164062,-6.336582183837891,20.398880004882812,25.47850227355957,0.643032443301589,0.33775472552189795,52.25,9.283722313813572,0.7325072886193837,0.6239067055211689,0.16398779247169076,0.006974387973891527,1.1667940765345397,69.0,64.0,5.0,2.0,3.0,28.0,47.0,0.44518423910830424,0.4905096447763286,97.25,30.102948360584218,0.4721849554661327,0.05444126074342575,0.12390640895193508,0.0027567682194098264,2.524935855486597,69.87018585205078,67.52268600463867,2.3474998474121094,0.5329170227050781,2.6211624145507812,25.97162628173828,33.20213222503662,0.41310323200571364,0.581808053362219,97.5,28.81405906844782,0.39267492710969043,0.09329446063867947,0.10966429298044829,0.0033693833792786767,2.278719334827067,2.56463623046875,15.71058492382272,0.1426921499752067,3.718965530395508,16.131027349302116,0.15710487537999654,6.371465682983398,16.34139139351883,0.1441182109493834,2.6525001525878906,2.3749533489446453,0.02055239592952491,3.718965530395508,6.371465682983398
CASE00157,,,,,,,,,,,,,,,,,12.006284713745117,9.471743106842041,2.534541606903076,0.8069334030151367,1.0016016960144043,32.31722009181976,59.75014638900757,0.7333276613725143,0.2260599599866026,426.5,86.25688378326683,0.6244710960085529,0.44725162171236854,0.09473740392824116,0.05500727827262091,1.2267464643050243,30.588241577148438,46.27452087402344,-15.686279296875,-10.196083068847656,8.627449035644531,36.07843017578125,81.56863403320312,0.6042470848929437,0.3520405129280895,538.5,124.72870559738844,0.49282498152524334,0.23989308386154395,0.09924743808707856,0.02777440820711764,3.180315411350347,34.65674018859863,44.87985610961914,-10.223115921020508,-8.609943389892578,10.790556907653809,35.826030254364014,76.64081716537476,0.64488507440748,0.3222944588731988,451.25,127.71134444519798,0.39928703838036755,0.10105838169989396,0.1097352690008247,0.02106366755623241,1.5652424801725562,,,,18.220820903778076,19.767609784528574,0.09042099533953792,12.757657527923584,22.681253584576964,0.11840703742431966,-5.463163375854492,3.146980784721947,0.01240768466465659,18.220820903778076,12.757657527923584
CASE00158,50.60429763793945,22.54423427581787,28.060063362121582,8.151264190673828,-7.079069137573242,20.885197639465332,93.51539325714111,0.5019041798575145,0.4486600582771541,1663.25,479.0659531839014,0.6111884554614473,0.1045931103343677,0.08803547839210793,0.025097449223823336,1.0769914592814855,67.9344367980957,55.96025085449219,11.974185943603516,2.2157669067382812,4.585796356201172,23.09137725830078,120.462730884552,0.6429798821187659,0.33555027059909137,1071.75,198.93387720546744,0.6242433054828257,0.25661507738360384,0.06656916399317486,0.028123504068930102,1.5204014700186914,76.0,61.0,15.0,5.0,15.0,29.0,139.0,0.6451501107615895,0.33577176761896155,1237.0,261.10055534219,0.696311370710263,0.21973622232663712,0.07293829024340774,0.028191889489158503,1.9500506383995069,,,,,,,,,,,,,,,,,-16.085877418518066,18.61441927402014,0.1828254346506697,-3.0258140563964844,7.229115156466415,0.03436713860210982,,,,,,,-3.0258140563964844,
CASE00159,46.81962776184082,44.56717491149902,2.252452850341797,-0.2952880859375,3.165557861328125,14.748435974121094,67.59829676151276,0.7283140792582914,0.20497992174646973,262.0,157.23867208800766,0.6498368921652404,0.22445872801044578,0.03328623670211383,0.06617244064960436,1.5361483151693611,64.38031768798828,60.382822036743164,3.997495651245117,3.1635799407958984,3.0613956451416016,24.32876682281494,63.89492702484131,0.6329734628683205,0.30985170308667964,753.0,185.1445381316986,0.6947698184478587,0.3330514208384082,0.006815159574465253,0.065444082268435,1.4963908621628212,150.0,147.0,3.0,0.0,11.0,38.0,124.0,0.7083370875886548,0.24750984197380108,664.5,204.48777469570155,0.7242928316499075,0.302059864820885,0.09379155585102485,0.028146363977267417,2.037162698382004,,,,,,,,,,,,,,,,,1.7450428009033203,19.231779502699375,0.2745905252525995,0.9974956512451172,83.28102213221781,0.7830121904127959,,,,,,,0.9974956512451172,
CASE00160,-24.649616241455078,-36.35620880126953,11.706592559814453,4.839792251586914,-0.03716850280761719,21.7586510181427,82.69351387023926,0.5020866907504676,0.4787252130691948,1462.0,613.4056569677199,0.5022659667362118,0.016125262911876458,0.08771415406524977,0.019043078713926246,2.5192980373407177,-19.923699378967285,-32.28657913208008,12.362879753112793,4.589239120483398,-0.5484962463378906,22.561583757400513,88.5833523273468,0.5818782741969322,0.33391279178101285,1177.5,463.02294759547283,0.6226577931460474,0.29399392381363165,0.09038104413631992,0.044608360704162665,1.402759556070906,8.627456665039062,3.9215850830078125,4.70587158203125,0.0,9.411758422851562,36.07844543457031,123.92157745361328,0.690910101596484,0.2875981602044864,976.5,77.0730173277263,0.7465538793750552,0.40640394088626425,0.10445552157945455,0.04978517675755684,1.6751896662634824,10.104870319366455,2.9660000801086426,7.1388702392578125,0.4406900405883789,8.362507343292236,34.177507758140564,121.33261489868164,0.6824712693592698,0.2974946975768833,909.25,191.31959518042055,0.6317598779347032,0.13928487964461406,0.09995950795178654,0.026700086865217743,2.3356553910568265,0.6562871932983398,5.448373572815175,0.015065471000276625,7.657008171081543,29.930789340969255,0.27407260925740035,5.2240095138549805,30.196351991928186,0.3009112253333939,-2.4329986572265625,1.9797820144059068,0.017939357190897395,7.657008171081543,5.2240095138549805
CASE00161,-24.222978591918945,-18.142017364501953,-6.080961227416992,-1.8111066818237305,6.385066032409668,20.02505874633789,198.78089529275894,0.5703610700819249,0.38379457577343773,837.0,413.7469033116744,0.5609471188053309,0.07329389698445636,0.0389507725476035,0.04813300124022262,1.9596056908231245,0.8180602788925171,15.664823532104492,-14.846763253211975,-9.414175033569336,22.975282192230225,29.436243534088135,232.22516632080078,0.7298082889295205,0.24145752039308868,612.75,144.1099840399686,0.7052870566214152,0.16981676525729358,0.073086597197256,0.02559371893033132,1.883795417116744,2.3529510498046875,22.745101928710938,-20.39215087890625,-14.117645263671875,21.960800170898438,32.94117736816406,128.62744903564453,0.6852058282339144,0.30409434204282726,752.25,205.1662435684779,0.744506785358528,0.35067328136024,0.08172835070066804,0.008729402198237422,6.933175822239238,8.242799758911133,19.51189613342285,-11.269096374511719,-5.3176164627075195,15.142768800258636,30.435230493545532,44.755106925964355,0.6895012115607035,0.3101361692658768,732.5,212.65053491585672,0.6665684444582521,0.08988601933329983,0.08577075098812689,0.0020636238464717817,1.8881534364206052,-8.765802025794983,25.53779203057277,0.28736445310227055,5.545387625694275,2.223250077016723,0.0226716426745825,-3.5776668787002563,7.020341815023303,0.01680174167770401,-9.123054504394531,4.8163667715736285,0.029500125581622866,5.545387625694275,-3.5776668787002563
CASE00162,-25.97357177734375,-24.203462600708008,-1.7701091766357422,-0.561737060546875,7.553613662719727,20.510992527008057,129.4909474849701,0.6510077993159374,0.25430588410507005,6947.5,2380.3743928214317,0.7066840433947703,0.37638004416135296,0.08333288475719919,0.010025398825550308,6.674957042985294,-16.36678123474121,-15.10423755645752,-1.2625436782836914,-2.7023096084594727,11.086428165435791,25.474175691604614,104.9616870880127,0.7543095306649723,0.2088577316588518,5189.75,697.5236107114941,0.8199963330276444,0.6735735543536315,0.09799055836961786,0.014751992281907093,1.4983451171571098,-5.4901885986328125,-8.627456665039062,3.13726806640625,0.0,25.098052978515625,34.50981140136719,166.27450561523438,0.7793863402780343,0.17060896221862137,4254.0,423.69151513807776,0.8943830313229633,0.8175723463192053,0.0977321785189399,0.032053711624884546,1.1761849549200398,-0.9572864174842834,-5.753824234008789,4.796537816524506,1.7981667518615723,23.213924884796143,33.9836483001709,153.70896434783936,0.8063103661164137,0.14550047306250888,3231.5,285.4859891483293,0.8057259715487833,0.422333514672402,0.10090809751685653,0.01595179145398412,1.7192081379839685,0.5075654983520508,10.348400836523295,0.06195948739399304,-4.399811744689941,12.553638881503083,0.07568173747292233,-6.059081494808197,15.115477983007223,0.09845128918808264,-1.6592697501182556,3.4384409350628493,0.00947732624809812,-4.399811744689941,-6.059081494808197
CASE00163,,,,,,,,,,,,,,,,,52.476470947265625,48.261558532714844,4.214912414550781,2.9430675506591797,-8.465930938720703,54.264638900756836,50.57673931121826,0.8559712796852512,0.1294414268372926,74.5,23.005434140654682,0.8615239442097155,0.7783813144987595,0.11180330987249772,0.059979317476728106,1.8193388409655398,54.11766052246094,118.43136596679688,-64.31370544433594,-26.666656494140625,4.70587158203125,45.49018859863281,73.72549438476562,0.8112000286457297,0.13887385971415753,117.75,10.059199769365355,0.8003950313815825,0.5587318087289047,0.035476507513774264,0.033119073206667536,1.265216646556208,41.413719177246094,87.80575561523438,-46.39203643798828,-18.036279678344727,4.004299163818359,33.54495048522949,60.87701416015625,0.8327108934607583,0.11616291901085678,117.25,23.44541533008106,0.7778651932802086,0.39869636067138137,0.025584934373204495,0.03492372474670432,1.6787603931701292,,,,68.52861785888672,9.32858541717177,0.032769096988800976,50.60694885253906,18.432177217519868,0.08549861289639017,-17.921669006347656,16.33766579351153,0.07238566563202112,68.52861785888672,50.60694885253906
CASE00165,,,,,,,,,,,,,,,,,-18.5031795501709,-20.62582015991211,2.122640609741211,-1.0062274932861328,5.539064407348633,21.810545206069946,53.33306646347046,0.7363216938370781,0.24622823105643551,1346.0,351.30399940792023,0.6640083785168593,0.4692524448860689,0.08850099396907468,0.041641219820039196,1.6606835215598736,0.784332275390625,5.490203857421875,-4.70587158203125,-6.274505615234375,10.98040771484375,31.37255859375,80.00001525878906,0.7787115109783055,0.18977256957688396,1138.75,234.666119199172,0.6752421428168095,0.4587550989571999,0.09503518734429117,0.026554632683250774,1.18750113883884,3.5094668865203857,3.0080034732818604,0.5014634132385254,-4.666243076324463,9.691409587860107,31.07709813117981,80.8499526977539,0.7744280539951437,0.1883666463531111,1107.0,154.74333588235714,0.678002595074633,0.3523951599532965,0.09904461537170257,0.017146085257114647,2.057920447664967,,,,6.828512191772461,19.180750168479143,0.18133120746972772,1.6211771965026855,21.41586349810639,0.2122762929162432,-5.207334995269775,2.81998296676848,0.0198552509304928,6.828512191772461,1.6211771965026855
CASE00166,-9.176732063293457,-16.723482131958008,7.546750068664551,1.183870792388916,0.956230640411377,25.74814748764038,68.83728337287903,0.6422425130016859,0.33084264855981976,1053.25,441.34928061570463,0.5812360238114381,0.06361986845082374,0.10669118539976985,0.03295403334835414,1.2471949856889564,35.400508880615234,19.49896240234375,15.901546478271484,-0.4488983154296875,0.7437324523925781,44.50388813018799,93.88097763061523,0.7953388134967246,0.18293149641767625,605.75,103.58179135349997,0.7959696224176718,0.6144250396908432,0.1418385580208973,0.04671082279831933,1.6104406388028112,43.13726806640625,52.54902648925781,-9.411758422851562,-15.686279296875,7.8431243896484375,40.78431701660156,116.07843017578125,0.7729446050424998,0.2138813231065966,690.25,138.1328617672131,0.7660908389181875,0.31565329883536475,0.10731571916796362,0.054532031972674554,1.3392655149618873,35.62004089355469,34.87452697753906,0.745513916015625,-7.316774368286133,-5.76146125793457,34.66452217102051,91.9681510925293,0.7785085582277417,0.18081630568587823,743.0,121.86262757712062,0.7382490237430492,0.45690632796500685,0.11895633468068648,0.025174331728373817,2.004264331471993,8.354796409606934,44.93852698660642,0.4192462526023645,25.313304901123047,8.903946899969746,0.019439692039957733,15.15603256225586,5.578426523113529,0.014983252506672914,-10.157272338867188,9.255652383676281,0.0297005128141904,25.313304901123047,15.15603256225586
CASE00167,,,,,,,,,,,,,,,,,10.39919137954712,14.940823554992676,-4.541632175445557,-4.327432155609131,4.238916397094727,18.198211193084717,47.212666511535645,0.7165996139061677,0.26489227480613164,360.25,68.54332571447055,0.6182006732874797,0.35931790499245103,0.0125596768270244,0.09024725507831213,1.3065127317104641,30.588241577148438,50.98040771484375,-20.392166137695312,-15.686279296875,14.117645263671875,25.098037719726562,73.72549438476562,0.7064031473456225,0.23794545672489423,263.0,30.23243291566195,0.7620415926869943,0.4257012888535796,0.04899008446564488,0.06381341886288323,1.3448776939886862,36.323612213134766,53.189598083496094,-16.865985870361328,-11.34295654296875,16.55283546447754,27.980685710906982,75.46615386009216,0.7587141889552552,0.19536348578406604,216.0,30.074906483645133,0.7598395167020758,0.4263093788046029,0.058905618802769406,0.049309597750886724,1.7332361463572026,,,,15.850533962249756,21.601200217177578,0.26239810288833615,12.324353694915771,27.125745395743916,0.33773736566175006,-3.5261802673339844,5.580682257716802,0.03563885813673647,15.850533962249756,12.324353694915771
CASE00168,,,,,,,,,,,,,,,,,64.49542999267578,63.59664344787598,0.8987865447998047,0.8822689056396484,-0.8394508361816406,36.74568176269531,38.77294158935547,0.5044261787620861,0.4894733741542586,1899.5,687.0503984425014,0.5299767617721968,0.11369713776357958,0.10666722506070303,0.033965522755619586,1.5786099580418231,79.0,86.0,-7.0,-3.0,1.0,36.0,40.0,0.5110448557073481,0.4832879055501058,1745.25,846.6236988768977,0.524958120165225,0.027437025938732616,0.08836585978723337,0.01096203665206084,2.4683380621858966,73.53852844238281,80.02347183227539,-6.484943389892578,-1.9516944885253906,0.4002876281738281,33.25211715698242,35.81686973571777,0.512781968175076,0.4828314443078419,1662.25,742.2251595708677,0.5445974636884754,0.014954937110017871,0.08392662702067093,0.0037059839447339165,4.1325896860536995,,,,7.898786544799805,14.087227212332674,0.046655626865469785,7.383729934692383,8.917585145332144,0.02195373446992781,-0.5150566101074219,5.737634634665487,0.016711873578215214,7.898786544799805,7.383729934692383
CASE00169,,,,,,,,,,,,,,,,,13.816574096679688,-24.512964248657227,38.329538345336914,10.07572603225708,3.3066234588623047,57.041335105895996,83.85440301895142,0.7275488244839945,0.2687655990774409,1477.75,415.1122589131764,0.7610538186247409,0.617902338832162,0.1653934449617819,0.05009039723126065,1.4061828711101083,61.960784912109375,11.76470947265625,50.196075439453125,25.098037719726562,10.980392456054688,75.29411315917969,141.1764678955078,0.49245252044268795,0.5020609482702654,2278.25,964.2000246318188,0.6064735509096374,0.025612760990775765,0.10850702325519662,0.00943230538767474,2.8062771186831723,,,,,,,,,,,,,,,,,,,,-11.866537094116211,40.927731013475466,0.13862037139031125,,,,,,,-11.866537094116211,
CASE00170,,,,,,,,,,,,,,,,,67.00824737548828,32.557369232177734,34.45087814331055,10.563934326171875,-23.165225982666016,38.069528579711914,528.9933853149414,0.5750802865120904,0.411879587008135,767.0,164.46124163461735,0.6721325151221749,0.09049201075764833,0.09838600943803846,0.007037830121341395,2.151797518537811,118.0,94.0,24.0,6.0,-16.0,44.0,96.0,0.43659685935913645,0.5558271423690633,1042.0,392.7040870681129,0.6030932499178366,0.02377665286083176,0.12900027759046317,0.00867237687366105,1.3050831714184343,,,,,,,,,,,,,,,,,,,,10.450878143310547,51.295418076403585,0.38829113018055994,,,,,,,10.450878143310547,
CASE00171,45.3045768737793,42.796749114990234,2.5078277587890625,0.264434814453125,-5.670854568481445,21.221609115600586,47.75009250640869,0.6134686508869214,0.3057028891549396,177.25,50.06183676214847,0.654530538525381,0.11720930232503624,0.0731017413594333,0.009556217212532319,1.7124869001774023,94.02655792236328,57.540809631347656,36.485748291015625,16.473793029785156,-9.028251647949219,42.68547058105469,56.25449752807617,0.439394674347739,0.5557327887086271,296.75,80.4685497570324,0.6485339029934615,0.35906976744019037,0.16618050030923168,0.009939033035586284,1.2426396090042946,119.0,112.0,7.0,-2.0,10.0,41.0,61.0,0.3827016457541451,0.6142257719215115,407.0,147.33465308609513,0.5411819594539776,0.04920212765935637,0.1546892955006146,0.006238480079397953,2.349174469335891,,,,,,,,,,,,,,,,,33.97792053222656,50.41154284573339,0.5154044792666579,29.485748291015625,23.72791519023196,0.0961592273582136,,,,,,,29.485748291015625,
CASE00173,-24.239707946777344,-34.449012756347656,10.209304809570312,5.748651504516602,-3.3887386322021484,20.21812629699707,52.33457374572754,0.5373037520086962,0.40937384582887015,331.75,139.24326734172823,0.516076655688761,0.07244785949466274,0.09182215498399234,0.03987777400536807,2.179130783923143,-14.798177719116211,-22.228759765625,7.430582046508789,3.97873592376709,-5.091287612915039,32.93476738035679,64.70837706327438,0.7851737344684316,0.20073199853489423,218.0,82.17968118701849,0.6133026893510569,0.21844127332481647,0.0857286938980981,0.03371091700360914,2.461333882355434,2.3529510498046875,3.9215850830078125,-1.568634033203125,-4.7058868408203125,10.980392456054688,26.666671752929688,75.29412841796875,0.5511692322514549,0.39822816519597487,352.0,100.48631747655996,0.5663515090982847,0.18390191897556557,0.09539418389641309,0.020969783017993085,4.192136303231877,-1.3969639539718628,-1.5161041021347046,0.1191401481628418,0.9856654405593872,-4.928257942199707,37.30696630477905,87.48977279663086,0.7978673562620892,0.18176534630803928,186.5,70.22997935354958,0.621318148553399,0.13776070252394204,0.05769877290298466,0.01981542640204822,3.8151014020772536,-2.7787227630615234,15.143020399037129,0.1300807940935897,8.999216079711914,25.39352085136823,0.1495578862871188,7.311441898345947,11.971346488401311,0.069843638299021,-1.6877741813659668,14.16739132679548,0.06097867669802191,8.999216079711914,7.311441898345947
CASE00174,-4.334182024002075,-44.70075035095215,40.36656832695007,20.322628021240234,-4.8372050523757935,34.02026319503784,124.12776604294777,0.6881126439436124,0.267239825864217,617.75,270.88131626230705,0.5688660566884849,0.10416165503944153,0.07391356113821315,0.04212784015965522,2.151896690166699,59.443519592285156,13.727240562438965,45.71627902984619,26.74625015258789,-24.478940963745117,55.18248462677002,196.23668098449707,0.7644441729467164,0.1957411373283717,382.75,16.753730927766508,0.8275258684568401,0.6944912196278699,0.0073103940945333235,0.07335573728498998,1.8343890319385912,93.33334350585938,27.45098876953125,65.88235473632812,39.2156982421875,-12.54901123046875,58.039215087890625,208.62745666503906,0.7236586033918763,0.22844734511011455,501.5,183.9585551150041,0.6789632155739629,0.1496366939142833,0.03317061554946228,0.05603281834829902,1.760825235296823,97.03014755249023,22.588627815246582,74.44151973724365,41.84199142456055,-10.592533111572266,53.24506759643555,190.17014694213867,0.7377314387255203,0.2108207974034649,440.25,186.61641808801284,0.6667145218451586,0.13856146259288293,0.07119895225620403,0.04496847771647742,1.8734885581234426,5.349710702896118,63.4652397452465,0.45354253070023176,-20.166075706481934,30.313101577691857,0.09999502831318235,-28.72524070739746,33.28490385844229,0.12044865578484053,-8.559165000915527,3.860256362095879,0.006747652271378667,-20.166075706481934,-28.72524070739746
CASE00175,36.84469223022461,7.389926433563232,29.454765796661377,7.327302932739258,-13.71765422821045,24.17411994934082,582.6035385131836,0.8472555784549558,0.05892244949252509,969.75,438.869214573089,0.6767016992434375,0.11639328160287161,0.05406014553414448,0.061717418685630326,1.6724337058847714,58.39888381958008,17.661853790283203,40.737030029296875,9.899948120117188,-36.182058334350586,39.55337142944336,370.9053955078125,0.7665813148154638,0.10458631853001947,1060.5,165.4289877863006,0.8099339455845447,0.5414006482658468,0.05660377358488743,0.05343067690255649,1.7725034373363393,64.0,21.0,43.0,13.0,-26.0,39.0,649.0,0.8655329247248301,0.05614259012590805,885.75,407.74340889829233,0.728343714326763,0.14602879702726795,0.05724773005342995,0.05765383760493456,1.5550988993098656,62.26711654663086,32.98202133178711,29.28509521484375,8.026042938232422,-2.8237762451171875,27.73560333251953,178.38758087158203,0.6650095841432367,0.2720450445223447,1155.75,372.1306054330925,0.6854475657267385,0.2330812297414467,0.035707386180682685,0.0478852850490965,1.7992344451250515,11.282264232635498,43.68738046318359,0.19291800975797513,-2.262969970703125,33.80435632533049,0.019732714892869492,11.451934814453125,34.173430848917285,0.039790272108913595,13.71490478515625,63.70758543259238,0.06705345958322537,-2.262969970703125,11.451934814453125
CASE00176,,,,,,,,,,,,,,,,,-25.043384552001953,-26.391724586486816,1.3483400344848633,3.307929515838623,23.47529363632202,38.68495225906372,105.99208235740662,0.6741803513739929,0.3178503947119623,42461.75,11093.565125220115,0.722492464542044,0.4233954912329412,0.07237549856218893,0.02927158171610176,2.1341397892980876,-8.627456665039062,-0.7843170166015625,-7.8431396484375,-1.568634033203125,39.21568298339844,53.333343505859375,127.05882263183594,0.6937487175114406,0.29965931460567957,38377.25,6635.589211780669,0.7079168898384783,0.20103201665710543,0.07864745556390487,0.023364532369844097,1.3488910283454305,-3.7080087661743164,0.890473484992981,-4.598482251167297,1.5718364715576172,47.27162456512451,51.53407955169678,124.36093711853027,0.7260505304010537,0.2640508094246787,32421.0,8261.014011608986,0.7440489575549769,0.35068744781518646,0.083269331435487,0.013690726496388252,1.4346330683348654,,,,9.191479682922363,16.05374619505443,0.059787368854795235,5.946822285652161,19.60215872955037,0.0764933642224448,-3.2446573972702026,4.268906319702272,0.010424528560571347,9.191479682922363,5.946822285652161
CASE00177,35.13470649719238,28.39506435394287,6.739642143249512,2.183439254760742,1.9723987579345703,20.210490703582764,705.2639150619507,0.5736812877028868,0.15181653682159796,388.75,146.19400637509048,0.6410096900346769,0.21662030597977533,0.0842771782751411,0.017703514465232658,1.1230964351132993,46.72283744812012,37.57080078125,9.152036666870117,3.813699722290039,8.897462844848633,26.678561210632324,518.5238494873047,0.43982600796166577,0.48943633314983076,583.75,138.65131625772617,0.6273692099002343,0.14916550764899456,0.10630518148568063,0.0033832769453837766,1.5713848785898863,65.0,53.0,12.0,8.0,10.0,29.0,513.0,0.600475367156421,0.32383719975768765,346.75,124.7645282121485,0.7317813749268676,0.34461235216706765,0.08757691964676038,0.01386453082924617,2.4806882125519754,66.93257522583008,60.10096740722656,6.831607818603516,1.5984840393066406,8.678180694580078,21.433789253234863,653.5936412811279,0.5311135220838618,0.2136037379861494,414.25,125.50572696096381,0.6678136842953967,0.12760778859482752,0.105591723891817,0.02873714009528016,2.0907574389319192,2.4123945236206055,19.028826881170577,0.095993434184119,-2.847963333129883,17.444094658981022,0.12242029553161787,2.3204288482666016,20.614854905113628,0.18647273194408176,5.168392181396484,6.0416312844425395,0.02525939395732382,-2.847963333129883,2.3204288482666016
CASE00178,28.480698585510254,32.757564544677734,-4.2768659591674805,0.8384780883789062,10.058760643005371,25.865992784500122,238.36450576782227,0.7951619838665137,0.11318689426081872,618.75,93.31766981660012,0.7316542288553224,0.3000648929262816,0.08897014015837973,0.00658529424101269,1.1738003516939757,44.11936950683594,45.258663177490234,-1.1392936706542969,1.7016124725341797,18.12551784515381,32.95203876495361,31.957924842834473,0.7222639548972435,0.2833961588646832,518.0,127.90817018470712,0.7332981829976716,0.20246593121323497,0.0919493533752509,0.0021077136026171187,2.167704063886203,62.0,67.0,-5.0,1.0,34.0,38.0,30.0,0.8601418055918999,0.1525887519476011,441.25,244.72982552194165,0.7529015186637231,0.323518356095322,0.07644390276926234,0.026446038337315292,1.114706213031751,45.44146728515625,52.797080993652344,-7.355613708496094,-1.1315536499023438,22.35026454925537,31.274571418762207,31.995866775512695,0.6977915772785737,0.18546350391271005,626.75,347.40421341716626,0.6204872377241394,0.06359506813749047,0.08985036224518257,0.0012268780671950393,1.1415811052010674,3.1375722885131836,81.5930923126811,0.12018947928717151,3.860706329345703,12.165420790608708,0.06967449839824268,6.216320037841797,78.19790259303504,0.0459402568454377,2.3556137084960938,89.39157961636319,0.09640900534184288,3.860706329345703,6.216320037841797
CASE00179,38.78692436218262,41.728416442871094,-2.9414920806884766,-3.671672821044922,3.836742401123047,19.559656143188477,60.73336184024811,0.5745756822269901,0.42321193709344207,215.5,97.96045120353418,0.5387911384165467,0.09642857142799746,0.05964164891613855,0.0425097200789639,1.8492787141910496,62.38710403442383,47.71331024169922,14.67379379272461,4.076190948486328,8.314659118652344,20.60713291168213,72.56573820114136,0.7116134929855348,0.27832856959522023,132.75,45.00208328511026,0.6978908761616667,0.40476190475949547,0.19258238315988435,0.053354828142102524,1.4920901134313114,87.0,80.0,7.0,-6.0,13.0,26.0,108.0,0.7028957539742047,0.278396446769854,138.75,35.92613950871983,0.6943986410595199,0.20252438324611288,0.19389800776832858,0.05459623955791489,1.5266859070233456,,,,,,,,,,,,,,,,,17.615285873413086,24.48434796983523,0.35261593235783245,7.673793792724609,24.846315945361408,0.29280700419855915,,,,,,,7.673793792724609,
CASE00180,,,,,,,,,,,,,,,,,103.53033447265625,62.64921569824219,40.88111877441406,25.36602020263672,0.9284133911132812,30.573469161987305,299.17345809936523,0.6730506625175949,0.3062119265085717,648.25,216.71337637534052,0.7120500302078704,0.217600219659229,0.08351869727616422,0.03147653845592617,1.1896793770029135,101.0,79.0,22.0,10.0,3.0,27.0,360.0,0.49581519013188863,0.49187274848743984,1292.0,500.6211142171293,0.5560373767586696,0.09692971327062049,0.11130230410873744,0.030178386499217447,1.246044529900035,,,,,,,,,,,,,,,,,,,,18.881118774414062,3.2884307348546655,0.014294964994434186,,,,,,,18.881118774414062,
CASE00181,26.73260498046875,19.390131950378418,7.342473030090332,1.144373893737793,10.208497047424316,30.954285860061646,42.479691207408905,0.6294739311291228,0.37121453191492987,472.25,201.31986364986443,0.6707051975532435,0.06900705558411804,0.11087912087908026,0.0245072269443626,1.6087752793509567,50.443115234375,21.49431324005127,28.94880199432373,12.793024063110352,19.048168182373047,33.1388463973999,51.461299538612366,0.6478267327114174,0.3543512010272288,482.75,185.94404400249016,0.6766823131674381,0.1574599896744838,0.16054945054939174,0.029569336727760704,1.3893239567235687,52.0,39.0,13.0,1.0,17.0,34.0,73.0,0.6093478558211833,0.3888255400910287,534.75,256.05700049012523,0.5737546264646455,0.0907568653715828,0.11128205128201052,0.04275917470480618,1.3227410715789256,40.865285873413086,37.98189163208008,2.883394241333008,-1.9283199310302734,18.34333324432373,34.633190631866455,61.65482780337334,0.6294416612208529,0.36719630756034133,522.25,206.6608030082144,0.6562353566978368,0.15367406642547982,0.10362637362633567,0.013467456599938954,1.5004555252739737,21.6063289642334,23.51850343566073,0.15094033397770587,15.94880199432373,1.6027577947383136,0.009377913477967554,26.065407752990723,9.271090408831709,0.023241018059190113,10.116605758666992,10.84671240432865,0.03414369500885181,15.94880199432373,26.065407752990723
CASE00182,,,,,,,,,,,,,,,,,63.35052490234375,47.94569396972656,15.404830932617188,7.3192291259765625,-15.391656875610352,30.16290855407715,828.699333190918,0.8039296823210897,0.09298595006769629,1880.25,554.7424515033981,0.672137359833553,0.10690450944919422,0.061442163244836534,0.03220947746494984,2.0174036778451723,124.0,106.0,18.0,7.0,7.0,32.0,600.0,0.5922921020729289,0.23325010963536527,2480.75,367.5890198305711,0.690486209902807,0.2435625568008218,0.09549323985974187,0.013793946883970325,4.989091397247383,,,,,,,,,,,,,,,,,,,,-2.5951690673828125,141.20406778838768,0.6564613359018844,,,,,,,-2.5951690673828125,
CASE00183,,,,,,,,,,,,,,,,,8.25178861618042,-12.933504104614258,21.185292720794678,9.782290935516357,4.9064048528671265,51.90654468536377,97.40642738342285,0.6481940736445322,0.3337933226150405,3470.5,932.6353789128954,0.7479668429720465,0.5993817185412073,0.13156301954443803,0.031097505768047495,2.9005210120209575,22.745101928710938,0.784332275390625,21.960769653320312,9.411758422851562,3.1372528076171875,69.01962280273438,119.21568298339844,0.4456938056363405,0.5456691151298696,4903.25,2386.79181905335,0.5531560917242201,0.012018306955940321,0.10920680646322034,0.008493626267955747,1.1329205468722023,22.047234535217285,0.27793049812316895,21.769304037094116,8.283018112182617,2.301950454711914,60.71509623527527,116.46769714355469,0.518862674023464,0.4691894577268755,3830.0,1945.493896161075,0.592921499535256,0.008677018197144426,0.10654060970096409,0.007538268929968442,1.1911074194062405,,,,-0.7754769325256348,13.94308797459895,0.03328158906189945,-0.5840113162994385,11.352921522169957,0.021266826552912257,0.1914656162261963,4.640622833978097,0.00726113371402037,-0.7754769325256348,-0.5840113162994385
CASE00184,45.47036552429199,-22.959075927734375,68.42944145202637,22.563087463378906,-9.555866241455078,24.62251043319702,142.22480392456055,0.7687024735140126,0.10199348225143981,43.25,26.789690181112583,0.723462946741503,0.16724738675666817,0.0823852491171393,0.023957595318684837,1.5032829700234056,93.37472915649414,26.38470458984375,66.99002456665039,32.855947494506836,-20.61217498779297,28.567480087280273,159.3044891357422,0.6644996878485574,0.17152103435065122,38.75,19.828956099603428,0.8482442910013588,0.5905923344844844,0.1422126324045857,0.014904615707571728,1.742431644876627,106.0,58.0,48.0,14.0,8.0,26.0,201.0,0.7010999779940581,0.13653265346753296,57.25,22.286486937155438,0.716467554911904,0.24999999999583333,0.25147116516231566,0.07027211419872727,1.4318557066495647,,,,,,,,,,,,,,,,,-1.4394168853759766,53.04501161803781,0.6658208203294832,18.99002456665039,13.313628284676279,0.08633071736180623,,,,,,,18.99002456665039,
CASE00185,37.32941818237305,35.078819274902344,2.250598907470703,-1.1604728698730469,-2.9408187866210938,34.07721424102783,32.412437438964844,0.4276146759510472,0.5734124048287429,578.25,312.89165457071556,0.519165894920019,0.01927083333328315,0.12175094852476258,0.0006607889639190524,1.1642996856456427,75.010986328125,48.069114685058594,26.941871643066406,14.004379272460938,-8.340755462646484,36.60093116760254,30.26750946044922,0.5689296710724099,0.42500171874521087,424.0,93.30058949438637,0.6966770970608589,0.24401041666603124,0.1671102553937555,0.011966616579465579,1.2808120460811028,89.0,82.0,7.0,2.0,6.0,37.0,35.0,0.4532932970213122,0.5442207154353225,541.75,248.79647806992767,0.5269714010419603,0.061737804877891926,0.13687071748109356,0.012138602748156839,2.211999885549122,70.69457244873047,73.06610107421875,-2.3715286254882812,-6.6411590576171875,7.524932861328125,32.26795768737793,30.615188598632812,0.45718721335839696,0.53780730905229,524.75,269.60005100147885,0.5156604673315045,0.028906249999924725,0.15555807237094085,0.004064304723282939,1.4346896284257484,24.691272735595703,37.95794902562681,0.29200208410239825,19.941871643066406,14.16449042537665,0.04373565421280979,29.313400268554688,4.795855042166955,0.01017064909533589,9.371528625488281,18.513070244113152,0.0895512727044634,19.941871643066406,29.313400268554688
CASE00186,-8.674937725067139,-26.036309242248535,17.361371517181396,9.837830543518066,-15.661365360021591,28.586787939071655,122.4280297756195,0.8178762109449025,0.11816636986338319,456.5,201.88796398002532,0.7816256307759251,0.34929409763535524,0.0487311727128804,0.05180802036396348,1.386036306485549,22.469767570495605,0.8890123963356018,21.580755174160004,20.73793125152588,-22.71183490753174,43.01547986268997,154.44585990905762,0.8012373813898664,0.15777696972431796,675.0,301.0705897293856,0.7308073935473877,0.36171117536965325,0.024805133915486024,0.06577745388855076,1.0773295617496423,47.8431396484375,29.019622802734375,18.823516845703125,18.823532104492188,-20.39215087890625,47.058837890625,180.39214324951172,0.79133229158495,0.1621557316245907,819.25,410.0477868492891,0.7062912187149667,0.23998456194500964,0.05256988806188059,0.03242171061409998,1.0577923280962054,,,,,,,,,,,,,,,,,4.219383656978607,28.938410676504883,0.22235248255482823,2.7572383284568787,22.23683278504162,0.10899688089339821,,,,,,,2.7572383284568787,
CASE00187,,,,,,,,,,,,,,,,,-7.145552396774292,-20.30757713317871,13.162024736404419,8.749382972717285,6.601353645324707,35.06153988838196,118.68005275726318,0.5170589841864518,0.4270607265787769,4192.5,2040.5769404754137,0.5349587181123998,0.08908652955342261,0.0963585262090817,0.019278758342191057,3.097832374066323,32.15687561035156,13.333343505859375,18.823532104492188,6.274505615234375,26.666656494140625,59.60783386230469,178.82352447509766,0.4783930760496862,0.4792932942572542,4935.5,2135.793821978142,0.5436610392758037,0.06257003433939543,0.0979097233954249,0.06497584244969179,1.977592854355938,38.379947662353516,14.937596321105957,23.44235134124756,-0.4595947265625,22.62785530090332,52.20050048828125,167.8543930053711,0.5436352463451228,0.40914947834445525,3963.0,1773.3407737939147,0.5409410215537508,0.0633685380766858,0.12125447313049091,0.046119118875460406,1.6509307209107935,,,,-5.6615073680877686,39.81215077665928,0.23638107652728646,-10.28032660484314,45.37271848835972,0.2959740792739566,-4.618819236755371,6.494317944397699,0.008461653612185904,-5.6615073680877686,-10.28032660484314
CASE00189,,,,,,,,,,,,,,,,,26.728845596313477,13.328145980834961,13.400699615478516,9.905003547668457,3.810580253601074,28.24684429168701,39.58985424041748,0.882039244640065,0.06648761375158638,1234.25,142.12032753972952,0.8015406714217007,0.4498833621790767,0.10190812590494398,0.08132817342381556,2.0886166780402777,49.411773681640625,55.686279296875,-6.274505615234375,1.568634033203125,4.7058868408203125,21.960784912109375,61.17646789550781,0.7111243703672219,0.24861881080307843,2630.5,1198.9406782656097,0.6550398413525989,0.12729188619595108,0.07137257795279289,0.02177730805295486,2.610611495728794,49.411773681640625,55.686279296875,-6.274505615234375,1.568634033203125,4.7058868408203125,21.960784912109375,61.17646789550781,0.7111243703672219,0.24861881080307843,2630.5,1198.9406782656097,0.6550398413525989,0.12729188619595108,0.07137257795279289,0.02177730805295486,2.610611495728794,,,,19.67520523071289,49.841236796355204,0.16391291257817078,19.67520523071289,49.841236796355204,0.16391291257817078,0.0,0.0,0.0,19.67520523071289,19.67520523071289
CASE00190,,,,,,,,,,,,,,,,,39.68197250366211,-59.065595626831055,98.74756813049316,11.552881240844727,6.474496841430664,28.48386573791504,148.16937446594238,0.5465625449399014,0.2629022301645293,901.0,309.09626332260956,0.6730703976907239,0.15688383527941474,0.10425602111509437,0.07489448961586471,1.5816370041311152,79.0,-55.0,134.0,15.0,12.0,34.0,176.0,0.6841620585987794,0.19352950975305144,663.5,168.07364457284788,0.7798008097920881,0.5701145958978134,0.14219729462216987,0.08016404778367946,1.4001209551605471,57.53443908691406,-45.11084175109863,102.6452808380127,-2.7104949951171875,24.69870948791504,41.666696548461914,182.9234218597412,0.5934426220232123,0.3331845911207625,961.0,185.32808745573348,0.7391961374308276,0.5072218807613595,0.17372861384730465,0.06690669782302337,1.5964075334680645,,,,-35.252431869506836,39.197776547899856,0.3799451443559837,-3.8977127075195312,20.677937655753475,0.11931003688518654,31.354719161987305,19.180445984362166,0.09355791216755904,-35.252431869506836,-3.8977127075195312
CASE00192,46.59261894226074,40.546974182128906,6.045644760131836,1.9204597473144531,5.076702117919922,21.640326499938965,101.73782920837402,0.5579953203106051,0.34584278956693504,2204.75,972.1178876556073,0.6375498807870497,0.04270854170832031,0.07032396433004849,0.017504950005713973,1.3353325688380375,61.78757667541504,50.41033172607422,11.37724494934082,3.891284942626953,11.62631607055664,27.914956092834473,98.42768573760986,0.5929437932849301,0.32558217015706375,2343.25,756.4596403642431,0.6813335317392523,0.21064212842557978,0.11358908615933537,0.015620704460719175,1.453374256974466,89.0,78.0,11.0,5.0,24.0,29.0,128.0,0.6946621529994804,0.23879612967139197,1854.5,452.2269894643618,0.7167537984321876,0.428502925098097,0.1421476142099008,0.018774499053243257,1.638864687626045,84.67588806152344,80.79840850830078,3.8774795532226562,1.8109359741210938,21.608444213867188,27.08915138244629,124.39830827713013,0.6747713991389227,0.23998141523044625,1785.25,443.70788532546953,0.7406646413580275,0.37262452490479464,0.10254301517422112,0.022493567309265775,1.786294911376581,5.331600189208984,15.61243397014929,0.12051640709812554,0.3772449493408203,27.058330835477477,0.23171744780628997,7.499765396118164,22.29506072760968,0.18028240110511115,7.122520446777344,4.818396567485271,0.016427180004021207,0.3772449493408203,7.499765396118164
CASE00194,34.412620544433594,30.367961883544922,4.044658660888672,0.5826530456542969,-1.494344711303711,16.937894821166992,37.54374694824219,0.7317897243332845,0.2236996834499653,95.0,46.994680550036726,0.5662422404766236,0.13295346628553703,0.09914407988573588,0.014834859040049353,1.7268414457101746,65.08467102050781,42.50374984741211,22.580921173095703,10.252527236938477,2.940898895263672,27.299678802490234,34.92480278015137,0.42423910452458036,0.5734559932277602,244.25,98.6214352967954,0.4785875087392739,0.03703703703668531,0.2139800285303652,0.007772468190452767,2.6020384262397362,79.0,67.0,12.0,4.0,6.0,29.0,43.0,0.40295441767965,0.5936833520279702,271.5,118.49156088093362,0.43707803512549787,0.03521779425361244,0.1532097004277415,0.021494233020511355,2.7108448995568155,63.31446838378906,56.7932243347168,6.521244049072266,1.724130630493164,4.886222839355469,25.524349212646484,41.925065994262695,0.4327035663698377,0.555049160079399,237.75,95.70625632632382,0.49774530927558114,0.039886039885661105,0.13067047075587637,0.005028115224441049,1.890839001838518,18.53626251220703,32.19258343266149,0.4662629017055213,10.580921173095703,13.738653680492236,0.07842811785653031,16.059677124023438,1.8162544475020357,0.0034479980038892985,5.478755950927734,15.430088817735273,0.10548039429039131,10.580921173095703,16.059677124023438
CASE00196,,,,,,,,,,,,,,,,,5.782821178436279,-39.729549407958984,45.512370586395264,12.901038408279419,-3.5395758152008057,28.327677726745605,76.84595549106598,0.7128376047711701,0.22766551584368175,2521.5,777.3868084808231,0.7556650413246947,0.5147332390800972,0.15465154928536182,0.05217821413858548,2.304515490968026,22.745101928710938,-35.29411315917969,58.039215087890625,9.411758422851562,3.1372528076171875,28.235305786132812,97.25491333007812,0.586759476863844,0.38190128140354135,3370.75,1308.5221387122192,0.6290794858871902,0.07195266272186916,0.15952038015042536,0.055261703965686804,1.281563601039207,17.43583106994629,-36.45842742919922,53.89425849914551,7.032909393310547,2.7912349700927734,24.71250057220459,97.03087282180786,0.6210508547508004,0.3509194575704945,2968.75,1083.867698337763,0.6284770059321048,0.13278517746851223,0.1356378722408849,0.050490423683626086,1.5447848177942844,,,,-12.526844501495361,17.484242830381042,0.11009384632304589,-8.381887912750244,12.827039973362373,0.0633195849370249,4.144956588745117,5.582885588348716,0.04064431301456536,-12.526844501495361,-8.381887912750244
CASE00198,44.34273910522461,49.798126220703125,-5.455387115478516,-1.4344863891601562,3.5799922943115234,13.203262329101562,42.78247356414795,0.6930557817672447,0.16532106378579597,6809.25,3855.729592113534,0.6606824971567107,0.17048991579418166,0.060144674970492654,0.051135822612481424,1.8940389390893813,90.66717529296875,69.28816223144531,21.379013061523438,6.8666839599609375,-11.291324615478516,34.0313720703125,44.37552452087402,0.7497439822057318,0.2259222470518757,7382.5,846.037380970841,0.803019949421979,0.5063130573931556,0.05522841646334787,0.06799751912767912,1.9410969989123101,143.0,124.0,19.0,9.0,-11.0,37.0,92.0,0.679462529819116,0.30208509103005776,11778.5,2978.2132646941186,0.7470320912325061,0.3700311308346309,0.054390695797329414,0.033419717787905576,1.7429840911068475,,,,,,,,,,,,,,,,,26.834400177001953,48.48451988594334,0.6936423316061284,2.3790130615234375,49.10579911468032,0.4162076888988955,,,,,,,2.3790130615234375,
CASE00199,43.73056411743164,5.726544141769409,38.00401997566223,18.85234832763672,1.0489044189453125,20.512033462524414,118.1092758178711,0.7366891723735862,0.1978082323085206,7154.0,3928.6662495050405,0.6899811895135982,0.05676014908640911,0.052402472974434906,0.047401932319220075,1.8832643800102493,71.0148696899414,27.39665985107422,43.61820983886719,23.29312515258789,23.296802520751953,46.30338382720947,150.50161743164062,0.80991517189421,0.1816290277891291,4464.0,937.547598791656,0.9025666201199303,0.7773668426447722,0.06050110271520586,0.034559683919030006,2.36694802417023,103.0,40.0,63.0,50.0,34.0,58.0,188.0,0.8025037924711413,0.16951367644257154,7948.25,2616.40233670206,0.8416844586305122,0.6475811977524418,0.06949636646299073,0.03421827445235829,2.2415003934619597,,,,,,,,,,,,,,,,,5.614189863204956,35.18200030221667,0.3011648107216848,-19.381790161132812,25.296494097318586,0.12310820491600273,,,,,,,-19.381790161132812,
CASE00200,,,,,,,,,,,,,,,,,71.8046760559082,61.814537048339844,9.99013900756836,4.994354248046875,10.231437683105469,28.955245971679688,34.803894996643066,0.5456911611572259,0.45526020120218075,3662.75,1173.1543749652046,0.6272114003412578,0.08201892744476451,0.11001114323087322,0.01808260657004469,1.9861967176358741,80.0,92.0,-12.0,-3.0,21.0,26.0,43.0,0.6339000262107188,0.35160826406311607,3273.25,1002.5635578356117,0.7417887783323545,0.49583068334375807,0.08362268051225213,0.01209292056332659,2.0213010489223917,70.40176773071289,78.88235473632812,-8.480587005615234,-1.8879013061523438,17.90438461303711,26.19525146484375,32.836097717285156,0.6021783946148376,0.39147436876218095,3100.5,1122.9733968353837,0.7029203701435415,0.38482093152704216,0.09029246943684852,0.008768471352646823,4.374865870598436,,,,21.99013900756836,8.074083417917281,0.03652414293355919,18.470726013183594,2.3045153847614785,0.003388946754296852,-3.5194129943847656,9.022229976733179,0.04340179925549853,21.99013900756836,18.470726013183594
CASE00201,51.59988212585449,49.83464050292969,1.7652416229248047,-1.262136459350586,2.4972667694091797,14.23011302947998,281.37326431274414,0.6247308529246873,0.32810045885338995,382.5,115.20959161458737,0.6293151895785357,0.2073742540490039,0.14885306441293314,0.015220526835191754,1.77658059954541,74.19433212280273,55.00014114379883,19.194190979003906,11.19809341430664,6.234676361083984,27.044328689575195,385.8879280090332,0.7797769557492604,0.19516494713280766,153.25,13.007209539328564,0.825171476998019,0.6566496163668869,0.2475676443432657,0.03496735747361697,1.8147292730730826,113.0,117.0,-4.0,-3.0,15.0,23.0,203.0,0.7958852849401763,0.22399369075624523,375.75,129.8775865959943,0.6685048925361247,0.11709258483427505,0.12790284780901362,0.02426364533515294,1.7033060317827813,,,,,,,,,,,,,,,,,17.4289493560791,23.169790269640785,0.3227576124224604,23.194190979003906,35.80292603773187,0.4181264139978556,,,,,,,23.194190979003906,
CASE00203,20.4160213470459,19.44754981994629,0.9684715270996094,-0.23494243621826172,,23.159737586975098,23.032419204711914,0.5341368360137374,0.4848075488047751,12.5,5.123475382979799,0.5181986793533628,0.1898734176974844,0.12491559756878827,0.0032654094418419783,1.2153355967515993,94.11172485351562,27.706655502319336,66.40506935119629,59.122432708740234,,71.26379013061523,20.785432815551758,0.8114988388783541,0.1634815272638095,3.0,1.224744871391589,0.952343575917885,0.936708860640923,0.25692099932391316,0.04746234653840085,1.6971216574461885,80.78433227539062,60.39215087890625,20.392181396484375,9.411773681640625,,37.647064208984375,26.66668701171875,0.7721035944611133,0.19428273315879763,8.0,3.0,0.9078093686499668,0.8554216866439251,0.2619851451712965,0.06353626123273927,1.6336472734561747,,,,,,,,,,,,,,,,,65.43659782409668,75.45069582214593,0.6391255273598505,46.012887954711914,17.25140646779613,0.106966550142656,,,,,,,46.012887954711914,
CASE00204,,,,,,,,,,,,,,,,,99.99856567382812,78.88491439819336,21.113651275634766,15.995796203613281,-6.824684143066406,23.511924743652344,20.286588668823242,0.4925150917140961,0.4872796197659702,37.75,17.239127008059313,0.6410504870590873,0.24399999999024,0.12766615146792065,0.0220459499053053,1.0191792990208424,98.0,98.0,0.0,0.0,9.0,26.0,23.0,0.4195654445761954,0.5827854902384932,69.0,26.353367906208877,0.3655821430548201,0.07547169811035956,0.13353941267346664,0.0020366598777996794,1.490723744682886,,,,,,,,,,,,,,,,,,,,21.113651275634766,2.392379803518127,0.022037674905027997,,,,,,,21.113651275634766,
CASE00205,41.032012939453125,8.663589477539062,32.36842346191406,5.663654327392578,-3.429401397705078,19.586867332458496,176.1388578414917,0.6449906359266189,0.3183461086092726,706.75,277.98594838588514,0.6742408788240921,0.09046617207386727,0.07448728048995541,0.024191664278943634,1.3558797759387116,94.4516372680664,17.09627914428711,77.3553581237793,20.343955993652344,1.6606903076171875,35.48299789428711,212.57318115234375,0.8430311458531069,0.13611685617127164,223.75,26.261902063635834,0.7761501593173274,0.2861255674894406,0.2139063254465898,0.05683366026756929,1.9081309740203325,125.0,31.0,94.0,7.0,9.0,25.0,486.0,0.7788095830200824,0.1145168565475038,207.75,28.44622119016865,0.8515447458986285,0.6255924170609218,0.13830084627305947,0.07449251724669614,1.4252219212916142,88.907958984375,44.97080039978027,43.93715858459473,-2.9356842041015625,6.249488830566406,22.637184143066406,224.6261978149414,0.691072287512029,0.26253338605017446,585.75,188.7900619736113,0.6389590902895151,0.3351788284793099,0.21959897329024383,0.0655925591236664,1.0550734743817918,44.986934661865234,55.044447956018054,0.6535291483692617,-16.644641876220703,30.172330127653954,0.26763891257978395,33.41819953918457,9.879149541179954,0.05206324653177788,50.06284141540527,36.09757740318028,0.45483857338346817,-16.644641876220703,33.41819953918457
CASE00206,-3.344369649887085,-3.3947882652282715,0.05041861534118652,2.4427783489227295,1.4103670120239258,31.136759281158447,33.928921937942505,0.6846886224187172,0.3445642350532784,144.0,37.16180835212409,0.5762255596645929,0.31723380899761544,0.08874360800046038,0.030138190609629373,1.109605580627193,27.586076736450195,29.511898040771484,-1.925821304321289,0.5980491638183594,-9.14531135559082,40.09097385406494,43.485835552215576,0.8027173760032196,0.2275403838867574,109.75,50.026867781223324,0.8097264174140663,0.6783754116281188,0.08032882387204328,0.03780323635264359,1.180255153723675,50.98040771484375,60.39215087890625,-9.4117431640625,-1.5686187744140625,-1.5686187744140625,40.78431701660156,51.76469421386719,0.6576065662197484,0.338468799971604,145.0,15.066519173319364,0.5986658232636025,0.2873563218360778,0.07741601398143735,0.04435103528484809,2.0448459323046815,51.983306884765625,51.47660827636719,0.5066986083984375,0.8564605712890625,-5.965614318847656,35.94411659240723,40.224040031433105,0.6507674854439179,0.34014901901546263,160.25,30.34283276162593,0.6504792171528616,0.30625686058939344,0.08964981552198223,0.02118190060166294,3.017909350130877,-1.9762399196624756,37.55226492689759,0.22189782723045304,7.485921859741211,21.303031957579787,0.11005959652441864,-2.4325199127197266,22.643415428619644,0.1417094656718035,-9.918441772460938,3.621911402360689,0.009278431922493014,7.485921859741211,-2.4325199127197266
CASE00207,-26.72047233581543,-53.157737731933594,26.437265396118164,4.947076797485352,-2.561553955078125,19.072604656219482,63.38828420639038,0.6189470660512062,0.32423146595663777,4552.0,2440.881193339815,0.5809608892151187,0.015367880850110068,0.11008102255671799,0.0321297793349694,1.973906431033501,-10.340797901153564,-39.67984390258789,29.339046001434326,7.881073951721191,-7.999456405639648,25.595669209957123,79.96145835518837,0.8179695821320009,0.1627546824472598,2922.75,985.307661342385,0.875896191498186,0.8949071233332697,0.025674680312569535,0.07192934472145299,2.06712252952087,-2.352935791015625,-40.0,37.647064208984375,28.23529052734375,-7.8431549072265625,25.098052978515625,105.09805297851562,0.6899253441702672,0.2652232306188094,3950.0,739.1488348093367,0.7985898074604747,0.6819968352813328,0.031135257272921896,0.06474194966746105,2.3491525620465374,1.3984145522117615,-36.022390365600586,37.42080491781235,28.17594599723816,-6.851532220840454,23.97066903114319,110.18672561645508,0.7129287156526405,0.20606299868047778,3223.75,842.2634311781558,0.7960022856018577,0.6318681318679557,0.024029861491854876,0.07091955495391238,1.9308327942620875,2.901780605316162,21.377312882113753,0.19141955120150733,-8.308018207550049,7.276747348164041,0.03410857937834232,-8.081758916378021,10.711307502858103,0.081424954982277,0.2262592911720276,4.197465782624609,0.023750473040455473,-8.308018207550049,-8.081758916378021
CASE00208,43.28505897521973,40.121646881103516,3.163412094116211,1.8040618896484375,0.18556594848632812,29.0526385307312,30.330154418945312,0.5381203044443851,0.4590824055635159,254.0,115.5789773271939,0.594883036093346,0.0382894082544093,0.10132011362997753,0.0012103899876539244,1.4620015607650245,85.22914123535156,59.87033462524414,25.358806610107422,16.699508666992188,-0.26385498046875,32.545101165771484,29.934036254882812,0.6339416447933028,0.3581075947105224,202.75,63.899823943419435,0.696595078179743,0.2585778219778291,0.16626747618773113,0.02050400639085748,1.3675236057680666,94.0,85.0,9.0,5.0,11.0,35.0,33.0,0.5852486772306251,0.41376226664703786,246.75,91.11634046646078,0.6452966025372527,0.07052779075165565,0.15150671197005988,0.012725233403534927,1.959645231929554,72.53558349609375,82.44621276855469,-9.910629272460938,-6.34588623046875,12.057022094726562,38.22428321838379,34.051246643066406,0.581463493287546,0.4135805699183743,240.25,112.23942043685008,0.5318776148636436,0.0755842864242885,0.11468835292145341,0.0014686065183534284,1.4631226554268655,22.19539451599121,41.840629482356064,0.42005422578737245,16.358806610107422,9.125018082280723,0.029304454613238513,35.26943588256836,12.631381650301066,0.04551893659542581,18.910629272460938,21.70308817190538,0.10684442516045106,16.358806610107422,35.26943588256836
CASE00210,28.851285934448242,32.196475982666016,-3.3451900482177734,-2.1327972412109375,9.986173629760742,29.76909303665161,36.46645736694336,0.5568926969343048,0.440307674076987,1937.25,922.5235430600131,0.5665982838727955,0.029058003597105968,0.09725657362343171,0.002476424871596771,2.100097710251301,46.89409255981445,47.90636444091797,-1.0122718811035156,-1.8027534484863281,8.448440551757812,31.45950984954834,35.73278999328613,0.6354453628137754,0.36524760728583844,1732.5,691.7248369113256,0.6079312331383607,0.1574303057553072,0.10782224147165873,0.0038531861878765613,3.1660369636651304,73.0,79.0,-6.0,-3.0,21.0,37.0,40.0,0.6257103652738524,0.37188565224003794,1884.5,771.6027151325999,0.6206369769302973,0.08801322678418957,0.10662548297752299,0.01133700760600601,1.9598446873725965,71.06462860107422,68.23455810546875,2.8300704956054688,-0.6511611938476562,13.425209045410156,39.55433654785156,44.437259674072266,0.5877160009586042,0.412042600544873,1932.25,915.391275630263,0.5316375805604553,0.024955035971208996,0.11515096253574716,0.0019113199890033227,1.276309609260611,2.332918167114258,18.620363231891083,0.09632051504518405,4.987728118896484,25.218891228828518,0.15648017773980738,-3.8423423767089844,23.19165695548051,0.13318060160379003,-8.830070495605469,2.0727675685846316,0.0012601007112592367,4.987728118896484,-3.8423423767089844
CASE00211,68.51009368896484,35.31665229797363,33.19344139099121,12.455635070800781,1.3401603698730469,21.122520446777344,128.4476900100708,0.5362815046616828,0.42067345196984224,348.0,179.45890894575282,0.4787019162012712,0.03346203346188991,0.10962828395744156,0.011405750063300024,1.5790051149745987,128.880615234375,46.24588966369629,82.63472557067871,39.293052673339844,-17.673274993896484,42.00133514404297,152.1381378173828,0.6793841458878582,0.277336811596288,211.75,41.70356699372369,0.8268447018430065,0.631917631914921,0.16783119060916166,0.04242340538175973,1.4419065534760227,154.0,59.0,95.0,37.0,-12.0,38.0,181.0,0.6566580395069033,0.27037277979373237,263.75,74.2474747045312,0.7531682754296299,0.35273972602588727,0.13359418669638512,0.0629330386943739,1.5051672955210378,124.65666198730469,69.46150588989258,55.19515609741211,21.8834228515625,-3.4244308471679688,25.742477416992188,151.37499141693115,0.5711646008691127,0.35457249857187806,317.0,134.5566795071876,0.5965161590152378,0.09094809094770079,0.14100055897139394,0.04042078125359202,1.6060182620278238,49.4412841796875,61.36056335696827,0.6805360400320639,-12.365274429321289,21.671374444370358,0.0991623855237059,27.4395694732666,10.00394388567104,0.06885055325200765,39.80484390258789,27.907040910150258,0.2597937120656707,-12.365274429321289,27.4395694732666
CASE00212,7.554594039916992,7.560383319854736,-0.005789279937744141,-2.5480799674987793,2.062312126159668,37.72082018852234,56.79244613647461,0.4865157152808481,0.49935857927177485,2091.5,959.4033302005992,0.5045209973752003,0.018740157480300203,0.08283367875072506,0.010100784056832726,6.895797946445227,38.77928352355957,27.98609161376953,10.793191909790039,1.3956756591796875,-6.833934783935547,43.14380741119385,60.57984781265259,0.5389208665262836,0.452424449497344,1837.0,634.4410926161703,0.5993356299210922,0.03921259842516597,0.09404958494496292,0.008697049716608238,6.745179508003642,76.07843017578125,77.64706420898438,-1.568634033203125,-4.70587158203125,14.117645263671875,51.76470947265625,83.13725280761719,0.5517235344703644,0.4373895751723089,2059.75,599.8072086095665,0.570453901604503,0.04778371581259998,0.06305068215318102,0.015009785452429375,2.003221781034828,71.72112655639648,71.09770202636719,0.6234245300292969,-6.263679504394531,12.600589752197266,48.58947467803955,68.24025344848633,0.5695380700763409,0.422457352828226,1921.0,614.924792149414,0.5799130577426189,0.0841732283463904,0.08367598000641882,0.007736814051990907,8.062668878091625,10.798981189727783,31.17145895090534,0.1713838495634118,12.361825942993164,36.904459847631784,0.18581150807100866,10.169767379760742,32.30007260417001,0.14819449620494132,-2.192058563232422,4.6914216157686734,0.011110920020411934,12.361825942993164,10.169767379760742
CASE00213,,,,,,,,,,,,,,,,,103.02567291259766,48.58604049682617,54.439632415771484,36.17970657348633,-13.765411376953125,28.450204849243164,83.30196362733841,0.7129411504232479,0.15326273601843368,244.5,59.54200198179433,0.8428002009121189,0.684785734826906,0.11357934773807818,0.0318575778870908,2.3343597753078114,,,,,,,,,,,,,,,,,85.0,48.0,37.0,14.0,-3.0,20.0,78.0,0.6601014469393981,0.12948254706682355,410.75,181.78610370432608,0.6586952214095443,0.2257181942538284,0.14821558630729617,0.048544224436081695,1.7713929996397055,,,,,,,17.439632415771484,18.829702486853304,0.19987339792210684,,,,,17.439632415771484
CASE00214,,,,,,,,,,,,,,,,,154.94242095947266,99.95697021484375,54.985450744628906,26.600318908691406,-37.87358856201172,49.593055725097656,55.42911911010742,0.7315610448529813,0.2139933799001537,96.75,35.01696017646306,0.8010096280722092,0.5090206185534213,0.027864540522745465,0.06573280310430756,1.1620505450440415,160.0,157.0,3.0,2.0,7.0,32.0,60.0,0.5069461892932737,0.43035133968876305,296.75,104.08500132103569,0.46647274100079544,0.08061538461488853,0.047180667433793205,0.04763804989472739,1.284643758703575,,,,,,,,,,,,,,,,,,,,51.985450744628906,10.771410827133304,0.0566007273797814,,,,,,,51.985450744628906,
CASE00215,,,,,,,,,,,,,,,,,19.24390411376953,33.193233489990234,-13.949329376220703,-8.66653823852539,26.243097469210625,42.931079030036926,39.070406675338745,0.5887344809287235,0.4040995561949726,1087.75,337.6221075403683,0.5285329818470431,0.13532710280348537,0.11928417155196559,0.0100315140587494,2.40142807433936,54.11766052246094,94.9019775390625,-40.78431701660156,-20.39215087890625,40.78431701660156,54.90196228027344,48.62744140625,0.5983032314347496,0.38000053443802956,1052.75,262.1806390639858,0.5327337494125536,0.1347874720355429,0.08861462511568681,0.03921266256232472,1.1525111072436656,56.53517532348633,86.41776657104492,-29.882591247558594,-16.95439910888672,37.92058086395264,49.574727058410645,42.613807678222656,0.6284768080721946,0.3654993681688507,975.5,273.34822113926407,0.5834076219656105,0.05140186915878243,0.08738043813635969,0.02056915101837382,1.2012202283574798,,,,26.83498764038086,33.39413693217549,0.15284198679294703,15.93326187133789,35.308822347431985,0.17712066178983532,-10.901725769042969,3.70825529281417,0.009302839521269705,26.83498764038086,15.93326187133789
CASE00216,-25.322521209716797,-41.32408905029297,16.001567840576172,9.986923217773438,-8.1886568069458,25.331092596054077,50.690857887268066,0.6158034374771189,0.3390946756902445,227.25,69.79747488269186,0.6448421011393569,0.1446965052106395,0.05906162952643669,0.06237878697617358,1.2011040515326774,-1.953553855419159,-19.04999351501465,17.09643965959549,8.329538345336914,-23.252151012420654,55.43259620666504,71.85542297363281,0.8187855705050944,0.1426170033753079,103.25,36.92136915121107,0.8023292366734038,0.5242182709961728,0.12595752089131007,0.08592307234058884,1.4757246744188022,35.29412841796875,0.784332275390625,34.509796142578125,26.666671752929688,-7.8431396484375,43.92156982421875,119.21568298339844,0.7293340027088291,0.18731413502790736,147.25,19.188212527486765,0.7658372585970252,0.5155104342892527,0.08661211699160576,0.08901421129622053,1.7491295321190365,29.319207191467285,-6.6231794357299805,35.942386627197266,23.318459272384644,0.7432022094726562,31.812219858169556,89.63405227661133,0.7016300647955581,0.20912920715074418,176.25,52.76066242950329,0.7180733970034402,0.269773145307972,0.1139449860723738,0.05074895583046719,1.9042523730781806,1.0948718190193176,24.417272523009178,0.246941076398935,-17.413356482982635,38.38619414055988,0.1819856498615781,-18.845946967601776,32.786737336051544,0.16785538178548096,-1.4325904846191406,8.727539618948255,0.04982889106989643,-17.413356482982635,-18.845946967601776
CASE00217,48.11095428466797,47.696197509765625,0.41475677490234375,-0.2923927307128906,8.75826644897461,21.644840240478516,55.593000173568726,0.7039842981756365,0.2091649478620622,6789.75,3842.7436406166885,0.6246327541327917,0.05031806913325573,0.07546065729132397,0.022471036254654155,3.735744303863623,74.14473724365234,60.11569786071777,14.02903938293457,4.307594299316406,8.028129577636719,37.87545204162598,54.2895941734314,0.6758908217391472,0.27888965396080506,9254.25,1868.347448281502,0.7145002738144227,0.27721128209922385,0.08962543171713132,0.014715533791149739,4.175281348388542,102.0,94.0,8.0,2.0,23.0,44.0,90.0,0.6111428763218584,0.3525514710777589,13572.75,4975.857985061471,0.5783958774122452,0.05758378835301255,0.08449889009737346,0.013644444868938099,3.374828191484672,,,,,,,,,,,,,,,,,13.614282608032227,27.427762194972473,0.2583178620799605,6.02903938293457,25.43667486063852,0.1268478019611838,,,,,,,6.02903938293457,
CASE00219,,,,,,,,,,,,,,,,,15.90707778930664,21.050689697265625,-5.143611907958984,-2.748225212097168,15.566304683685303,24.850708723068237,41.56260967254639,0.6535524372448435,0.3376251264746507,707.0,162.254429831669,0.5759433784578106,0.11483253588491772,0.04700126762794189,0.01897233201580957,2.1032323270229436,41.568634033203125,66.66668701171875,-25.098052978515625,-10.980377197265625,25.098037719726562,36.07841491699219,59.60783386230469,0.7885717549941398,0.1532478680450209,430.0,64.69544033392152,0.6478617872393505,0.19583082782081412,0.029908096973532344,0.011839150847111216,1.9645134449575514,57.44935607910156,66.60382080078125,-9.154464721679688,-3.432647705078125,25.935775756835938,38.02933883666992,68.05382537841797,0.8127350900176107,0.1891326833496285,472.5,68.09001395212076,0.744532144080494,0.3999565028264464,0.0517746791316646,0.006145966709346763,2.106620701301063,,,,19.95444107055664,27.12086468654883,0.25647783088574766,4.010852813720703,39.86741038432224,0.40703469087782707,-15.943588256835938,13.79177674567153,0.050975896585372424,19.95444107055664,4.010852813720703
CASE00220,45.33080291748047,-17.838533401489258,63.16933631896973,21.378063201904297,-16.684078216552734,30.26898765563965,135.5983009338379,0.9100547529399379,0.04342532212956152,14225.75,7754.940888717334,0.5789789344087993,0.003092145949288424,0.10633038478212109,0.056701384232562144,1.6860122062074556,72.04698944091797,2.4667704105377197,69.58021903038025,24.228607177734375,-14.59596061706543,42.084259033203125,126.02947235107422,0.6803421254324323,0.27683661560073564,10291.75,1639.6436160031851,0.6995841813193054,0.28446505875073785,0.12419662754701398,0.0149449436025805,1.483041454937514,112.0,10.0,102.0,40.0,-4.0,51.0,153.0,0.6927206420233769,0.25764669914963517,11163.0,3540.4652942798352,0.6550977192855943,0.054918229918223316,0.13157434380156743,0.04219003769761384,1.8829710458999978,,,,,,,,,,,,,,,,,6.4108827114105225,63.479014156755184,0.185592494241169,-32.41978096961975,34.758908567762724,0.18006175483636302,,,,,,,-32.41978096961975,
CASE00224,,,,,,,,,,,,,,,,,35.87649154663086,21.908748626708984,13.967742919921875,11.002653121948242,24.75358486175537,44.40076446533203,75.43852996826172,0.7996802986481275,0.16780123066727398,155.75,16.23845743905498,0.7787142074997571,0.33248811410354207,0.113065508505207,0.09410520750726428,2.3757622724113667,44.70588684082031,38.43138122558594,6.274505615234375,15.686264038085938,25.098037719726562,37.64704895019531,90.98040771484375,0.705562051184491,0.2847998778132383,343.25,29.269224451631786,0.8113437784307618,0.6122320302628871,0.049294245385432756,0.07964740218053484,2.503971238460361,46.2919921875,30.605981826782227,15.686010360717773,11.909429550170898,17.572668075561523,35.84966278076172,85.24462127685547,0.7476303481772608,0.22219918568297764,263.5,61.39421796879573,0.7466646096368396,0.2922345483350484,0.06127397756060033,0.059881208629364455,2.2117166860129007,,,,7.6932373046875,9.582557189407012,0.033342659306030115,-1.7182674407958984,10.57305009780823,0.040334610520088396,-9.411504745483398,1.881150914220314,0.014846160732758495,7.6932373046875,-1.7182674407958984
CASE00225,-27.146665573120117,-31.34976863861084,4.203103065490723,3.288484573364258,5.712860107421875,16.28204870223999,69.70136213302612,0.6919236247309212,0.29764205457306175,7019.5,2095.4829395630973,0.6252954658469092,0.14531215266494327,0.0253884560171171,0.06729997691096012,3.569234426179927,-17.002559661865234,-10.91542911529541,-6.087130546569824,-2.0166046619415283,18.31000328063965,27.337710738182068,71.15065956115723,0.8392482197370781,0.15208998439476068,2694.5,162.4523006916184,0.7920501811936762,0.4107316906344949,0.016210872254172743,0.04442696891209426,3.6328223922362888,-11.76470947265625,-0.7843170166015625,-10.980392456054688,-4.70587158203125,25.098052978515625,37.647064208984375,97.25489807128906,0.8561892065315991,0.1276001319256868,2382.5,133.60857008440738,0.8045232893223115,0.3753408159509601,0.03147825458879046,0.039083342287003164,3.671183766699963,-9.055924892425537,1.6449889540672302,-10.700913846492767,-4.338289737701416,28.24472427368164,40.93460559844971,85.87481212615967,0.8774493390386738,0.11251662103675164,2032.75,133.13597372611207,0.8445013925270909,0.5247003300216267,0.02568188589640455,0.04549112215016053,3.6331555199962375,-10.290233612060547,11.24678055652793,0.1081016207554097,4.893261909484863,7.977032564519529,0.06224825669895832,4.613783299922943,9.594529907771657,0.05660927038555746,-0.27947860956192017,1.8872617654426278,0.022894712027347573,4.893261909484863,4.613783299922943
CASE00226,37.650901794433594,31.101821899414062,6.549079895019531,4.009134292602539,-6.654327392578125,24.252345085144043,115.86286449432373,0.6824598229462281,0.1396334753473562,288.0,148.60181694716925,0.6768067571485462,0.060606060605815734,0.054792293309442484,0.0020012818668163923,1.226530411642532,52.44485855102539,39.81007957458496,12.63477897644043,6.500782012939453,0.4332847595214844,29.08176040649414,101.4706392288208,0.7467076821598426,0.2660901023280679,303.0,97.61915795580292,0.6971255821936052,0.2969696969684971,0.10990976343377781,0.004421132490091115,2.3523852808564865,79.0,74.0,5.0,5.0,0.0,28.0,138.0,0.7665461944069966,0.23330138458464703,333.75,143.6756329375305,0.646858446142278,0.06760886172625054,0.053328997642424734,0.013394200206666571,2.2764047330023494,64.97622680664062,70.91308975219727,-5.936862945556641,-2.4730224609375,4.209085464477539,25.946144104003906,127.41808128356934,0.7909805137221764,0.21027564002452895,282.75,93.0090721381522,0.6899616008404785,0.2303030303020998,0.05885700349560291,0.003270068409830706,1.169079907267788,6.085699081420898,21.28914918533633,0.13346892463812793,7.63477897644043,24.591089870881383,0.21669953353606783,18.57164192199707,12.052748910261927,0.05742760431581677,10.93686294555664,12.54910467610241,0.08711931682833911,7.63477897644043,18.57164192199707
CASE00227,55.308061599731445,60.1436767578125,-4.835615158081055,-4.772491455078125,-1.595794677734375,11.698080062866211,16.333160400390625,0.6767575129286217,0.30867823182734516,44.5,8.170067319184096,0.626480059680554,0.19937694703428732,0.0951877313588176,0.01672345347128357,2.7937867349982697,101.45426559448242,67.0731430053711,34.38112258911133,20.496719360351562,-36.780059814453125,37.327735900878906,21.537616729736328,0.7858301238796759,0.18636765367611036,7.0,2.9154759474226504,0.9498179718038113,0.8286604361112566,0.1139608672656955,0.01381638585851839,1.7539654265454303,102.0,101.0,1.0,-4.0,7.0,20.0,30.0,0.6677508658446638,0.31225836674055346,44.5,5.937171043518958,0.7591685213097357,0.5778443113599447,0.1734531993649565,0.014316526523080141,1.5531494754202835,78.5101432800293,80.28539276123047,-1.7752494812011719,-1.7504501342773438,2.555145263671875,15.094413757324219,18.954010009765625,0.591373841983845,0.40867878389231804,49.25,17.455300054711177,0.6069255279240565,0.09345794392232218,0.09254362770996155,0.008189803382198683,1.5080986963416603,39.21673774719238,46.253586791739636,0.7186351580253768,33.38112258911133,8.150338645282199,0.0937354373666797,36.1563720703125,23.244611500651295,0.3087585732215979,2.775249481201172,24.25148316787825,0.43892142436256126,33.38112258911133,36.1563720703125
CASE00228,42.781246185302734,48.05534362792969,-5.274097442626953,-0.8431529998779297,7.982662200927734,21.634072303771973,22.988216400146484,0.5264582952175327,0.47727066699587356,1258.25,599.8655578544245,0.6032099539411141,0.04804901644625599,0.05973652331917787,0.02124498986262546,1.2500046914966472,59.966392517089844,55.289432525634766,4.676959991455078,2.9805984497070312,18.754911422729492,32.65856742858887,28.9461727142334,0.6178178594373119,0.3903713453915368,1197.0,268.219126834758,0.7206781385241805,0.40062345479909633,0.15573894609321784,0.012613167209779211,2.867284513134826,75.0,84.0,-9.0,-2.0,30.0,35.0,32.0,0.655834829752349,0.34689810470835997,1045.25,412.6871545129555,0.6699763639550799,0.052082223878951873,0.11144760751055745,0.011870428981511045,3.0193153453999986,69.44310760498047,82.96710205078125,-13.523994445800781,-4.954597473144531,25.00074005126953,30.322885513305664,28.614620208740234,0.6260212960871122,0.3728785106016123,1144.5,510.774167318591,0.6509166050899601,0.07395463828864457,0.08801483949118412,0.013094943357845048,2.9031367925232217,9.951057434082031,18.918052138670745,0.15326182362830396,13.676959991455078,13.69044422998992,0.06126366621577961,18.20095443725586,8.647480193487393,0.0270468493597794,4.523994445800781,5.8156356468562365,0.023951919179325255,13.676959991455078,18.20095443725586
CASE00229,38.41283416748047,37.17386436462402,1.2389698028564453,2.021453857421875,0.10913276672363281,28.24446678161621,118.85412120819092,0.7408934055717072,0.1875118764678608,23.0,7.106335201775948,0.6797520660902602,0.4297520660801858,0.08453350031255771,0.01088158277567013,1.404222741010769,79.72799682617188,47.459699630737305,32.26829719543457,22.68011474609375,-14.00320053100586,29.01634979248047,67.68343436717987,0.46518358865749,0.48804296375791945,24.75,8.671072598012312,0.5130853994330941,0.14876033056621815,0.13274890419453508,0.008437590922311063,2.203211325583821,99.0,71.0,28.0,11.0,-4.0,30.0,109.0,0.5298976838045943,0.3711089073017317,29.25,13.953046262375826,0.5751130866688946,0.1746031745893172,0.2661239824654595,0.05161478033165457,1.1818029147189089,,,,,,,,,,,,,,,,,31.029327392578125,49.253488373113036,0.48478990653922344,4.26829719543457,19.121155927356753,0.1487059525189238,,,,,,,4.26829719543457,
CASE00231,43.3802490234375,51.82735061645508,-8.447101593017578,-4.817771911621094,8.017011642456055,20.58871078491211,88.68944072723389,0.7126845333268937,0.25695267204223615,249.75,75.58893768270593,0.7096713331744863,0.19924920589027073,0.07828685258960244,0.013169279618970972,2.4519453192363967,59.74949264526367,57.86550521850586,1.8839874267578125,1.0900535583496094,-3.733144760131836,17.38663101196289,35.70698547363281,0.7374146693674009,0.25040009091741045,312.5,79.68845587661993,0.7626890587824735,0.3017614784859897,0.06324701195215973,0.013478864854136656,1.570303500201492,93.0,98.0,-5.0,-6.0,5.0,17.0,41.0,0.6569544822556307,0.32291289331086614,439.25,117.97960628854463,0.7273559562290951,0.43934071872348196,0.11787848605571818,0.043842032149232484,1.8911289874056774,71.58712005615234,77.09906005859375,-5.511940002441406,-3.5233917236328125,4.831657409667969,13.083816528320312,21.56574821472168,0.6517218580044528,0.33656575501182634,399.75,131.84152418718466,0.6347615442788255,0.2119549523528387,0.08889442231071269,0.011772177019248917,1.4064715292720533,10.33108901977539,16.244602789880965,0.18983498084638722,6.8839874267578125,33.57932359718638,0.6499465694077731,7.395927429199219,12.356102874544616,0.19315563863813368,0.5119400024414062,21.31198710697088,0.45981851777076405,6.8839874267578125,7.395927429199219
CASE00232,28.371285438537598,17.53339958190918,10.837885856628418,0.803776741027832,-6.791803359985352,21.610811233520508,388.5443992614746,0.5392914756845311,0.27959566559430976,216.75,71.7717736996934,0.6052411982246091,0.0953177257517114,0.09213716660877704,0.03138848762333046,2.16880000049321,48.57816123962402,31.520614624023438,17.057546615600586,4.469356536865234,-7.860389709472656,26.654253005981445,166.59278106689453,0.4699599761464457,0.5068748659593989,233.5,78.97626225645273,0.5917140401265047,0.10869565217300423,0.10980256321421926,0.031535391621567585,2.160835761243156,61.0,58.0,3.0,-3.0,5.0,28.0,177.0,0.40699036945124123,0.5820478825785873,294.75,98.25063613025617,0.4942295590660637,0.0762852404637124,0.10581918946985483,0.008765271894814592,1.4853653534716207,55.15534019470215,47.46683120727539,7.688508987426758,-0.20116233825683594,7.572887420654297,26.863622665405273,125.66569519042969,0.47206095954564997,0.52049866131162,252.75,77.23786312424755,0.4929187814827197,0.05434782608650211,0.13352961551760734,0.020958303748495225,1.7451408437800355,6.219660758972168,22.739024277933485,0.1953002104275803,14.057546615600586,12.71902553500839,0.06736855859290107,9.369037628173828,7.167746845213829,0.018810089632554823,-4.688508987426758,5.580379974054927,0.021376490408023564,14.057546615600586,9.369037628173828
CASE00233,-6.75126576423645,-19.28171730041504,12.530451536178589,11.438680171966553,3.5601534843444824,33.98758625984192,199.47546792030334,0.7016223343575037,0.2370147601117433,1225.0,390.67569671019976,0.645306466203952,0.1965465961663941,0.059767754405560036,0.0510450149869105,1.4863815327476853,16.01926326751709,-4.684560298919678,20.703823566436768,9.067601203918457,1.3466300964355469,41.631258845329285,187.47257900238037,0.8273351796806118,0.11650726310597186,920.0,272.3958516571058,0.7620705316591262,0.36004626569699266,0.11453724536790624,0.06108963665215279,2.209758484379957,36.862762451171875,21.176483154296875,15.686279296875,9.411758422851562,9.411758422851562,40.78431701660156,186.66668701171875,0.7274156280305845,0.24578915969099493,1113.0,285.9501704842996,0.7121236510029434,0.12553208577614205,0.08477417211541538,0.07031506421993272,2.00153026194047,39.18093299865723,8.237743854522705,30.94318914413452,5.725811004638672,0.6171379089355469,54.287909150123596,209.27143096923828,0.9188282535641814,0.052751544722016104,750.5,291.9147992137432,0.8347290392620772,0.5600627891601453,0.1203207344879996,0.07032591447287924,2.188745928298914,8.173372030258179,24.002517416717726,0.13309387715223406,5.017544269561768,28.976644796891005,0.09885309817830758,-10.239365577697754,27.34382233993234,0.12304644667044438,-15.256909847259521,24.84578539765701,0.06945522796499647,5.017544269561768,-10.239365577697754
CASE00234,,,,,,,,,,,,,,,,,55.39539337158203,33.512264251708984,21.883129119873047,9.08502197265625,-1.0135173797607422,28.384777069091797,148.20350646972656,0.5103099670147182,0.46629375448375154,2597.25,762.1037905036295,0.6392860053002131,0.13216066855362435,0.10676935063375184,0.026391920818937625,1.1653793939237351,97.0,77.0,20.0,4.0,7.0,31.0,137.0,0.6240828839713348,0.35473240698660724,2219.0,633.0098735406897,0.6967833438188532,0.4133900781296999,0.09846873033469226,0.028230506750311114,2.696296422297937,77.41051483154297,69.4383773803711,7.972137451171875,0.6050338745117188,5.645606994628906,25.429466247558594,167.7918472290039,0.5830548965552083,0.4041932767187469,2124.75,719.2007282393421,0.6379104666534187,0.07527968728934137,0.0907973989391715,0.02187758302778427,1.2521536444100427,,,,1.8831291198730469,40.50343985424377,0.4088674667772595,13.910991668701172,21.721943172630795,0.17920745026601081,12.027862548828125,19.149213439061057,0.1555326925180515,1.8831291198730469,13.910991668701172
CASE00235,42.52842140197754,55.12538719177246,-12.596965789794922,-5.993265151977539,1.4733257293701172,28.260365962982178,27.40142822265625,0.4736913011693787,0.5243124772572084,637.5,312.87417598772834,0.5011616895696986,0.036997885834997364,0.06994767693454898,0.002166833588440058,2.366639879649941,58.68658638000488,61.47349548339844,-2.7869091033935547,-1.8659648895263672,1.677755355834961,24.886899948120117,22.989249229431152,0.6035466310902341,0.39975356832514497,426.0,150.2215031212243,0.6519170630719,0.23150105708184066,0.11117667886222464,0.01287502283363802,1.8344375246757727,71.0,93.0,-22.0,-12.0,10.0,35.0,32.0,0.5220640520838096,0.472885184614673,600.5,258.51160515535855,0.5643600899994102,0.06596962907626097,0.07396042330537238,0.022386414457313857,3.479377354124556,71.0,93.0,-22.0,-12.0,10.0,35.0,32.0,0.5220640520838096,0.472885184614673,600.5,258.51160515535855,0.5643600899994102,0.06596962907626097,0.07396042330537238,0.022386414457313857,3.479377354124556,9.810056686401367,16.271320522159307,0.10760671457273403,19.213090896606445,12.035251842198491,0.07819726348827201,19.213090896606445,12.035251842198491,0.07819726348827201,0.0,1.0347049837813081e-17,0.0,19.213090896606445,19.213090896606445
CASE00236,-3.2289490699768066,18.240018844604492,-21.4689679145813,-11.225459337234497,6.247406721115112,28.1253764629364,31.672753155231476,0.4771281106388615,0.5150370258263445,312.5,125.86600017478906,0.49643731848745587,0.0664516129027971,0.05583085563260883,0.0064350364056940034,1.765734319322415,15.211703777313232,23.17107582092285,-7.959372043609619,-13.995824813842773,9.732656478881836,30.446583441924304,34.60198372602463,0.5852488128743418,0.4104641035377389,285.25,75.68809351542686,0.6154754821135338,0.42322580644888247,0.15928862460072718,0.014329405554778202,2.1971100407589663,58.82354736328125,105.88235473632812,-47.058807373046875,-42.352935791015625,21.960784912109375,51.76470947265625,48.62744140625,0.5817365951311391,0.40394039209854576,316.75,63.302349877393965,0.6262587289098768,0.33354591836521974,0.09481334654768482,0.02080325400151982,1.1576250361248062,44.05383110046387,71.72961807250977,-27.6757869720459,-24.50780487060547,12.371658325195312,35.789361000061035,33.004332542419434,0.6090619935930517,0.38148589485743395,288.0,58.953371404865386,0.6512738467142224,0.343870967739717,0.09861248761144223,0.011294303944854976,2.6459212734764512,13.50959587097168,19.025870817797845,0.11768346595261564,39.099435329437256,43.97427072469789,0.3136221712935939,19.71641492843628,28.77291836830414,0.20166757538242572,-19.383020401000977,16.039431849474447,0.072084179133897,39.099435329437256,19.71641492843628
CASE00237,,,,,,,,,,,,,,,,,69.67790222167969,62.92730712890625,6.7505950927734375,1.4288864135742188,-4.399425506591797,28.753450393676758,32.52271842956543,0.577929005684481,0.4066736870588889,917.75,219.93678068936083,0.6775694650487168,0.369497936725637,0.10441661864090511,0.013973395996809704,1.7561451845412202,91.0,97.0,-6.0,-4.0,0.0,25.0,41.0,0.4992211263923375,0.49029546962132586,900.25,465.0620254331674,0.607293152438084,0.02468344285939304,0.08393147168225287,0.012798455792873753,4.9565919820105,,,,,,,,,,,,,,,,,,,,12.750595092773438,21.854118548853144,0.17675383283370644,,,,,,,12.750595092773438,
CASE00238,,,,,,,,,,,,,,,,,24.956066131591797,22.542871475219727,2.4131946563720703,6.3624420166015625,36.29206119477749,35.80291438102722,49.729501724243164,0.7348106755932546,0.2242312899526222,2019.75,223.29842699849007,0.786821769515093,0.4797294078412273,0.15227653067111174,0.02868303323020702,2.160227178227339,47.8431396484375,76.07843017578125,-28.23529052734375,-3.13726806640625,64.313720703125,47.05882263183594,75.29411315917969,0.8280582890186795,0.1462977158216535,1489.5,135.49446483159377,0.8663249123780059,0.6403313440809475,0.12912458883950267,0.05805604398050128,1.8571072948795317,40.78742218017578,66.02057647705078,-25.233154296875,-8.768718719482422,42.92317008972168,38.37571048736572,73.81932353973389,0.728226867696427,0.21623684303683074,2086.5,267.1315219138318,0.7847375112389443,0.4560049545040941,0.10515321137975589,0.013677135035277578,2.4451357907404003,,,,30.64848518371582,24.566403554062127,0.11589364552110192,27.64634895324707,15.051009337787974,0.0540691233200981,-3.00213623046875,9.564327496228477,0.026999547125057363,30.64848518371582,27.64634895324707
CASE00240,-9.717328071594238,-50.01716232299805,40.29983425140381,11.136529922485352,15.076519966125488,29.686809062957764,176.9426040649414,0.6963140882814154,0.2045169871591858,1874.25,503.56746072398283,0.7259850262051892,0.38162089602305405,0.08621591664818566,0.0537512182528792,1.2032748147420051,20.457576751708984,-1.5471124053001404,22.004689157009125,15.833881378173828,41.81474781036377,53.74099373817444,201.9250431060791,0.8135625972006933,0.12618500101079697,807.25,97.64828467515443,0.8304175163901731,0.4996923765308464,0.02326756816670155,0.041669751906677495,1.0920324594665225,21.176483154296875,-0.7843170166015625,21.960800170898438,12.54901123046875,54.90196228027344,62.74510192871094,186.6666717529297,0.8361719256210551,0.12004657395385418,862.25,96.68602536044183,0.8602288393726928,0.5983401606636174,0.08358235424517105,0.06100169905001169,1.0704475995952654,21.46834373474121,-1.471904218196869,22.94024795293808,6.032838821411133,59.050862312316895,64.5747299194336,179.3836841583252,0.8584884021314166,0.09817370916511221,597.5,191.28186009133225,0.8279872341429974,0.45645729626911097,0.12618044779426946,0.06821015387509344,1.3673363525116555,-18.295145094394684,34.706082959421664,0.21574055903965372,0.043888986110687256,4.885882582459792,0.016549963117337044,-0.9355587959289551,4.774377548006001,0.009795998700220588,-0.9794477820396423,1.4191353093599501,0.00912823950455788,0.043888986110687256,-0.9355587959289551
CASE00241,,,,,,,,,,,,,,,,,-59.393402099609375,24.101593017578125,-83.4949951171875,11.524032592773438,,120.86639714241028,97.76261520385742,0.8573347979071965,0.1116302486833941,5.0,3.3166247903554,0.7578490787682814,0.3333333332679739,0.002354524049773446,0.099846046881183,1.2577293255553315,52.54902648925781,52.54902648925781,0.0,3.1372528076171875,,40.78431701660156,164.70589447021484,0.5949002764958471,0.26296600725619584,10.25,2.165063509461097,0.5431095947572692,0.24528301882164472,0.029263370332898542,0.004991060786649536,1.0549404644848202,33.06012725830078,38.35967254638672,-5.2995452880859375,25.633479118347168,,82.58912086486816,155.0265941619873,0.8184718253518043,0.11697504853503006,6.75,2.277608394786075,0.7493048035210355,0.607843137135717,0.007736293306398466,0.00017381803734600374,1.488444148972202,,,,-83.4949951171875,106.56940721066512,0.5885783887384534,-78.19544982910156,63.35698505630626,0.2502361384395243,5.2995452880859375,43.212422154358855,0.18608519509876217,-83.4949951171875,-78.19544982910156
CASE00242,-14.033831119537354,-33.8160514831543,19.782220363616943,8.89431095123291,0.6911540031433105,17.40739071369171,42.49787139892578,0.630914692852575,0.36261266857243546,1498.0,679.1211232173537,0.6412088581168798,0.0821098044672729,0.1315797097250599,0.03606205399032371,2.346439801861836,-1.084302544593811,-20.35576057434082,19.27145802974701,13.148916780948639,3.2673497796058655,20.574498414993286,48.840158462524414,0.6665609890645792,0.3322807534104436,1269.25,453.20821649656796,0.6675959107460053,0.11787627861657651,0.07514702048146309,0.05118345515363281,2.526526760252287,8.627456665039062,-5.4901885986328125,14.117645263671875,7.8431243896484375,3.1372528076171875,21.960784912109375,61.17646789550781,0.5975922732534427,0.3921818051354636,1862.25,924.4391204941513,0.6385977046326867,0.032572678962155314,0.08580781598538692,0.03642981338914524,1.4425680426202916,6.2407026290893555,-0.2868345379829407,6.527537167072296,1.4319143295288086,0.6536686420440674,19.264622926712036,65.78637504577637,0.6396660591294688,0.34254513042110546,1687.0,796.0631256376595,0.6357899589449382,0.07132419455843621,0.07007734870649932,0.024945444515652084,2.3944808689650268,-0.5107623338699341,13.219154083268073,0.1469099916843904,5.153812766075134,9.454740543232745,0.08301530681036497,12.743920862674713,6.606690672509643,0.03826666535426966,7.590108096599579,2.9242852891562707,0.02463583678106118,5.153812766075134,12.743920862674713
CASE00243,38.64607238769531,28.994508743286133,9.65156364440918,3.853708267211914,10.228843688964844,21.987564086914062,97.24969863891602,0.6523098177383543,0.3414781384375311,8757.5,4444.288272603388,0.6701368783196197,0.12577294007795506,0.09455629098485879,0.018635074425684742,1.2096326293862347,51.73026657104492,39.3966007232666,12.33366584777832,7.995754241943359,31.28378677368164,32.51519775390625,116.50247192382812,0.8143206370938747,0.18246653722136932,7139.75,750.7650681138541,0.887200428973341,0.79142534394604,0.10292179935036683,0.04648840877062388,2.0381090164077085,63.0,61.0,2.0,4.0,57.0,47.0,142.0,0.8682378241255764,0.12005575083298048,5053.25,1019.4707879581445,0.9355216820275811,0.8864707356811075,0.08945041980755923,0.03160972885191838,1.8796217413671825,60.60588455200195,51.62733268737793,8.978551864624023,0.6865081787109375,24.04758071899414,28.58297348022461,100.83645153045654,0.7566977037583729,0.23880926936568814,8118.0,2464.5887080809243,0.7527184855909292,0.30026314242990154,0.0993135993135955,0.0351304406781847,2.104545258347492,2.6821022033691406,14.865579273490079,0.1066004790383634,10.33366584777832,13.775053612687776,0.05805483038241533,3.355113983154297,7.138585647930654,0.02577894181524445,-6.978551864624023,9.896414837260382,0.07510811760140046,10.33366584777832,3.355113983154297
CASE00244,56.31584548950195,47.10377502441406,9.21207046508789,2.1545639038085938,-2.193134307861328,18.22319221496582,484.260404586792,0.5157101092846668,0.424430961030592,55.75,22.92787604642,0.4352017258788435,0.06168831168630882,0.10957474562976892,0.011654938426736726,1.3219823906592383,83.25347137451172,69.1214828491211,14.131988525390625,4.20147705078125,-8.226905822753906,34.72035217285156,45.638254165649414,0.598356406025457,0.42165004932388456,38.25,7.327175444876422,0.7632041945587955,0.3896103895977399,0.1460996608396919,0.04778210605678318,1.284409139421886,159.0,162.0,-3.0,-8.0,-5.0,28.0,42.0,0.4537231367172491,0.551447979703585,57.75,18.45772196128222,0.5530213390706237,0.15015015014564112,0.10461779285127937,0.07194018597635338,1.202804050229092,,,,,,,,,,,,,,,,,4.919918060302734,30.11050638060583,0.3332756785511153,17.131988525390625,73.72633225581654,0.7546686671472039,,,,,,,17.131988525390625,
CASE00245,1.943271815776825,10.070708274841309,-8.127436459064484,-1.9712285995483398,12.701892852783203,31.94992685317993,40.80326247215271,0.6379155254025597,0.3552495568267444,1463.0,388.43081752095827,0.706755147833361,0.309318497913554,0.08248748371166545,0.0025152507738076596,1.5961046746633587,-14.962732315063477,62.96371078491211,-77.92644309997559,-45.815575540065765,33.94592386484146,53.79731059074402,92.53148365020752,0.6349035937124626,0.33820649255278923,1635.75,197.1374837518223,0.7043103038988495,0.21397774687050486,0.09970166655234558,0.05515521230880022,1.1230725581111853,-11.76470947265625,44.70588684082031,-56.47059631347656,-32.94117736816406,42.35295104980469,59.60784912109375,98.82354736328125,0.6225109411527611,0.3515329689658777,1831.75,273.59584700795443,0.6999923698700504,0.32677947523441336,0.09917015293873892,0.0399014334224828,1.2132858031904787,-16.36771869659424,34.22123718261719,-50.588955879211426,-25.09335994720459,41.93880844116211,58.359535455703735,76.5034499168396,0.6529452210743628,0.3286826464025764,1545.5,151.65503618409775,0.7692509554545681,0.38198887343506116,0.08612235100471742,0.017270186615379473,2.6130968669794683,-69.7990066409111,19.383293552672665,0.11934860975184586,-21.455846786499023,3.846039662209913,0.008362038918136134,-27.33748722076416,3.0436995624088223,0.0022193501538867984,-5.881640434265137,5.442222638555614,0.006377177849959169,-21.455846786499023,-27.33748722076416
CASE00246,36.39995574951172,27.501419067382812,8.898536682128906,5.626544952392578,-0.3453559875488281,19.637619495391846,121.74026012420654,0.4443600584326787,0.43087508463629925,284.25,120.48314197430278,0.47757326143086437,0.03191489361673835,0.06916467108033644,0.00338362874510586,2.6110830840549384,94.19102096557617,48.869720458984375,45.3213005065918,31.752025604248047,1.9956512451171875,28.97723960876465,120.10072135925293,0.5932171086426302,0.36143692149920303,132.5,38.356876828021335,0.7014674954034092,0.24202127659359912,0.10945203549780329,0.03167233883500253,1.8101075746944497,104.0,91.0,13.0,0.0,9.0,28.0,146.0,0.5646157989424191,0.3260042182103304,208.75,34.412025514346,0.6918784277712616,0.212295081965473,0.12804620369048028,0.029960852202303632,2.9223897413993236,,,,,,,,,,,,,,,,,36.42276382446289,58.33778260603533,0.7815543814666909,32.3213005065918,10.528395647775127,0.05130986434136767,,,,,,,32.3213005065918,
CASE00247,,,,,,,,,,,,,,,,,-13.953794479370117,-25.817665100097656,11.863870620727539,5.564987659454346,1.489738941192627,34.71138620376587,200.27849739789963,0.6099291710874258,0.3833372554619384,6386.25,2043.219319480902,0.7122751369773619,0.3015421597006583,0.08894989988232982,0.018209851240429894,4.884668806947265,36.862762451171875,29.019622802734375,7.8431396484375,4.70587158203125,23.529403686523438,61.17645263671875,149.01959228515625,0.5892567114584056,0.4096716973798571,7097.0,1892.9941891088836,0.6789513901996271,0.19619750927137344,0.07726606527258308,0.013649118416529476,4.773502987687288,35.78535461425781,27.718214988708496,8.067139625549316,12.98016357421875,33.796560287475586,56.450525999069214,275.39720344543457,0.6302240485017713,0.3648909104170393,6298.25,1610.9462087543457,0.6945692899745035,0.23929714082571746,0.08455297979067601,0.014222985460596416,4.848587262444293,,,,4.020730972290039,50.9650040373094,0.2992393328604035,3.7967309951782227,49.208891448542246,0.30030875488912867,-0.2239999771118164,3.3260522185029187,0.005392055649998212,4.020730972290039,3.7967309951782227
CASE00248,-6.461701393127441,-14.224346160888672,7.7626447677612305,4.940256834030151,-2.1811068058013916,28.625766277313232,68.7529878616333,0.7689446398682046,0.19133500365243838,1767.75,687.0965634465072,0.6816660046384118,0.1838242040553336,0.05646003977482923,0.07473619567195765,1.1829472349328027,39.11408233642578,38.46220779418945,0.6518745422363281,3.2186412811279297,8.264873504638672,45.08310508728027,96.14599418640137,0.6981553044238288,0.1737837955956688,1703.75,282.6078334016947,0.7337953877998874,0.42123130562417593,0.1006252738733188,0.05126386216680954,2.1288788637956544,55.686279296875,58.82354736328125,-3.13726806640625,6.274505615234375,1.5686187744140625,40.784332275390625,127.05882263183594,0.7173224007816011,0.2412594311908011,2218.0,737.9515566756398,0.6705525389867958,0.07953396350842842,0.061297064077926545,0.042640782116251795,1.8228172585855904,54.0753173828125,53.6333122253418,0.4420051574707031,5.24901008605957,-0.5273895263671875,37.577219009399414,108.36070251464844,0.7846533295457788,0.16292227911971838,1789.75,642.5338026127497,0.6972387499318293,0.11225800532153764,0.06548521926719372,0.020400074169715614,1.8316745648522421,-7.110770225524902,51.2419634228151,0.39935513171011044,3.789142608642578,18.122515356365273,0.03873735474608957,0.209869384765625,16.33923990032049,0.041387053324936286,-3.579273223876953,3.693416853606681,0.00685388193544343,3.789142608642578,0.209869384765625
CASE00249,,,,,,,,,,,,,,,,,31.572837829589844,33.97785949707031,-2.4050216674804688,-8.34809684753418,-12.609685897827148,29.499603748321533,25.116899967193604,0.5171133856717427,0.5083029176470222,36.25,6.179603547154137,0.6518765903088751,0.41984732821222537,0.1309595654789924,0.0007636988480870848,2.294661786152711,78.0,69.0,9.0,-1.0,-1.0,32.0,26.0,0.5960329461554915,0.41481687424883923,28.25,5.539629951540085,0.6898760767542471,0.27941176468533735,0.2124321062147711,0.025647552981591264,1.4466403591004529,41.66106033325195,58.320228576660156,-16.659168243408203,-19.80683135986328,3.4773712158203125,29.468635082244873,25.2520170211792,0.5589438407097543,0.410683380636013,31.0,9.974968671630002,0.5042938931157767,0.16030534349921333,0.12009656004755524,0.059695793292140455,2.745307227537258,,,,-11.405021667480469,45.46230852351388,0.4804648966940081,14.254146575927734,10.514411288226837,0.04806000059021345,25.659168243408203,34.95751844924369,0.34557729907388474,-11.405021667480469,14.254146575927734
CASE00250,,,,,,,,,,,,,,,,,-0.30060553550720215,-14.933864116668701,14.633258581161499,5.246429204940796,-1.5026116967201233,43.32245445251465,44.97552812099457,0.6054609300655451,0.3945349316969516,2380.75,622.4601894900588,0.6990626549410107,0.21996649255926876,0.1302674576155248,0.016881954496734398,1.2074008901840783,50.98040771484375,16.470596313476562,34.50981140136719,10.980392456054688,0.0,65.88233947753906,81.56863403320312,0.5226537734721725,0.47675126826713554,3165.0,1313.9130488734786,0.6178124493480724,0.013200393203195618,0.13542532478621205,0.013354843699930091,1.9594106364389003,32.36466598510742,26.35153865814209,6.013127326965332,1.117391586303711,7.034858703613281,59.160510301589966,65.28967559337616,0.4796328832515984,0.52047524403583,3158.5,1544.1912932017199,0.5685110606433474,0.015718931703944162,0.10534345930065865,0.00391385540171706,1.3637762871823464,,,,-19.87655282020569,49.03151113047683,0.2512318270502492,8.620131254196167,31.69717891725693,0.13232855418145875,28.496684074401855,17.41917882487988,0.030486231565227014,-19.87655282020569,8.620131254196167
CASE00251,42.28812026977539,43.79124069213867,-1.5031204223632812,1.3285942077636719,1.7921333312988281,18.82411289215088,326.8887062072754,0.4190604663547156,0.3586949590794517,605.25,275.2611260239993,0.5211335844044875,0.05601415094323109,0.060069023411939114,0.0009221354421358722,2.7193157771620626,64.55673599243164,54.65237808227539,9.90435791015625,3.393585205078125,-4.036689758300781,26.886409759521484,41.476308822631836,0.6342454289747154,0.37579052166623195,430.5,82.45756484398505,0.6999240080913302,0.34109669811220195,0.1118365824082531,0.008704399703797702,1.3528946564680482,73.0,79.0,-6.0,-3.0,8.0,24.0,91.0,0.5495474364539387,0.4497027687524208,616.5,269.79112290807495,0.5604641471237001,0.11311969323442038,0.09010353511790867,0.006999846310758666,2.089954350298053,57.68582725524902,58.527103424072266,-0.8412761688232422,0.18744659423828125,2.6225204467773438,19.805408477783203,173.76082611083984,0.49326734954671986,0.3733669712606786,644.5,285.58229987168323,0.512651523319539,0.0344929245282002,0.07527282902707277,0.0019001578807648276,3.973865798767274,11.407478332519531,23.756792068796,0.2671662910818991,15.90435791015625,7.807020419450478,0.03291359843083047,10.745634078979492,8.081335804398792,0.05561904242964071,-5.158723831176758,15.620327332575032,0.15170548084745278,15.90435791015625,10.745634078979492
CASE00252,30.1331844329834,13.759057998657227,16.374126434326172,3.386185646057129,-2.967862129211426,27.21570110321045,771.4257984161377,0.6676530103315671,0.09292639100344105,390.25,120.13403972230353,0.7257118142750303,0.5260492040501952,0.1070446983942521,0.0500836520076422,1.1857726840492717,43.639591217041016,22.72195339202881,20.917637825012207,6.208423614501953,-1.1435203552246094,40.42733383178711,721.7054271697998,0.6370212090682961,0.1494422574821769,400.25,69.02671584249101,0.776570087164784,0.6392908827762689,0.14429336033549522,0.039710803059268676,1.3779536416810891,70.0,46.0,24.0,11.0,12.0,40.0,186.0,0.7102152357157285,0.3214019989495821,375.25,108.7505747111251,0.6888547537403595,0.2852541159617564,0.12418631563711544,0.03318594646271114,1.6157851507578291,61.37477493286133,46.03325271606445,15.341522216796875,2.689289093017578,5.204856872558594,32.855316162109375,803.9649486541748,0.6979935167488652,0.08549972705175028,378.25,189.10232018671798,0.5566486216342852,0.14544138929035658,0.08708230869370238,0.05119502868068222,1.3891933648547865,4.543511390686035,23.276177917118517,0.08063131793629495,-3.082362174987793,34.93471684280795,0.11214751213529729,5.576115608215332,23.882512842396913,0.07984129872885354,8.658477783203125,33.96971010563156,0.05758880292546552,-3.082362174987793,5.576115608215332
CASE00253,1.2173147201538086,6.438827037811279,-5.221512317657471,-4.0630433559417725,3.7507917881011963,19.640138626098633,47.247772216796875,0.6488152142353911,0.3250735338110817,2689.75,1204.7056435079899,0.6339802702224319,0.046074544012670075,0.07009227834964145,0.048690168614401584,1.8242861026478698,24.52841567993164,28.024953842163086,-3.4965381622314453,3.8211841583251953,26.3090763092041,33.057451248168945,44.62406773492694,0.7962101333666387,0.1930442742163285,1404.75,162.11010918508444,0.7803782652410133,0.3582870737508492,0.11362297702857042,0.037774584274275595,1.7270749789318989,49.411773681640625,55.686279296875,-6.274505615234375,6.274505615234375,43.92156982421875,50.19609069824219,69.01960754394531,0.8694036945744985,0.1304004574152451,1137.0,203.08495759164438,0.8786542344737389,0.7271288731873382,0.09087594311838267,0.06410872200896209,1.7373850105219084,55.03526306152344,48.18270492553711,6.852558135986328,3.909954071044922,20.250022888183594,38.37126541137695,49.90894031524658,0.845958005526946,0.15925871366533187,1643.25,433.2980354213483,0.7817759796946472,0.36209357652642266,0.1101637075888789,0.007390679531923486,2.220064250085382,1.7249741554260254,25.188985815830996,0.2578245529338667,2.7779674530029297,22.74803480940911,0.11957087573940693,-10.349096298217773,25.048742463029402,0.16867381614029897,-13.127063751220703,6.930589277884156,0.02856802666981403,2.7779674530029297,-10.349096298217773
CASE00254,50.973955154418945,43.98442840576172,6.989526748657227,0.7257251739501953,0.5984554290771484,13.910914421081543,21.391231536865234,0.4837818060984487,0.5076622345598593,75.5,25.773047937719745,0.4605965700164372,0.0785340314115567,0.14443053817235438,0.008013702820086862,1.9329030297363323,108.97639465332031,54.61738204956055,54.359012603759766,30.39175796508789,-17.157100677490234,32.02191162109375,27.80754852294922,0.5583910350063334,0.3934305263679816,50.75,18.952242611363964,0.6815164235081133,0.14659685863490585,0.2963704630781067,0.012357007401966,1.5723119135675832,114.0,87.0,27.0,5.0,1.0,19.0,37.0,0.4643546696204885,0.5238900770208956,81.25,31.235996862594284,0.4631929699879659,0.1560975609718025,0.3023779724648251,0.04695051079707379,1.3029290660554016,,,,,,,,,,,,,,,,,47.36948585510254,55.95108750509441,0.79361225497462,27.359012603759766,8.317910069808882,0.08004853237805185,,,,,,,27.359012603759766,
CASE00255,,,,,,,,,,,,,,,,,113.22429275512695,37.55229949951172,75.67199325561523,48.145233154296875,-26.17257308959961,45.46881103515625,146.62529754638672,0.6506961138901727,0.24189662249170685,200.5,71.9461604256961,0.7184362449787522,0.3855421686732472,0.0755699297940557,0.014582490901736937,2.8719955542934272,142.0,86.0,56.0,13.0,-11.0,34.0,174.0,0.7883995475936832,0.12312602223511233,268.5,78.59548333078689,0.7611852665267449,0.29999999999887217,0.1117772343613538,0.021532551556810865,1.278037167656874,,,,,,,,,,,,,,,,,,,,19.671993255615234,26.636428052045325,0.1604623078284641,,,,,,,19.671993255615234,
CASE00256,-23.24235439300537,-51.25522422790527,28.012869834899902,14.25621223449707,-6.73272705078125,25.115809440612793,999.3172931671143,0.9540187354464762,0.025003685528463937,10128.0,4436.395665402264,0.722466711104115,0.49260802090985745,0.09782932949619802,0.028952168011356434,2.9698115185734095,13.937203407287598,-22.275094032287598,36.212297439575195,20.155266761779785,-5.608702659606934,29.62074638903141,75.1166615486145,0.8213112584947448,0.16085224916134072,7546.0,1867.6400884538755,0.7284001742893043,0.3301886792452493,0.06421640023162989,0.04783276607058691,1.7374526197439177,25.882369995117188,-14.901962280273438,40.784332275390625,26.66668701171875,3.13726806640625,29.803924560546875,87.8431396484375,0.781933313740631,0.1966340957501647,12176.5,3500.1410328728184,0.7113346879520609,0.3779642762796552,0.06868233105795858,0.04582233921638408,1.2620379114483402,25.35171413421631,-15.415374279022217,40.767088413238525,26.871280431747437,3.269786834716797,30.687981367111206,87.54227924346924,0.7822502084125246,0.19635895783149576,12548.0,3201.9818081931694,0.7009069020963563,0.37977824062725846,0.06576353671304959,0.04563109211424413,1.2632644215582207,8.199427604675293,94.62904860797727,0.3743605883106733,-4.57203483581543,10.043730455503654,0.04476052041448326,-4.55479097366333,10.025363973950155,0.042505365334750564,0.01724386215209961,0.33757102804651545,0.0027453158763657446,-4.57203483581543,-4.55479097366333
CASE00257,,,,,,,,,,,,,,,,,66.84652709960938,45.24397277832031,21.602554321289062,15.945917129516602,5.124382019042969,23.661972045898438,19.71611213684082,0.48655478712657296,0.49455916837144986,22.25,4.264680527307995,0.6255246213139429,0.24137931032401905,0.19333333333216163,0.018330179754009975,2.452589794364388,99.0,81.0,18.0,8.0,-4.0,24.0,25.0,0.43315707430994166,0.551982455952205,29.0,11.247221879201993,0.5562152483708597,0.11206896550758026,0.17393939393833976,0.016970198675486655,1.593497502083365,,,,,,,,,,,,,,,,,,,,3.6025543212890625,31.67958106399099,0.4135915236319075,,,,,,,3.6025543212890625,
CASE00258,-3.0398788452148438,0.3608428090810776,-3.4007216542959213,0.7410039901733398,-6.692173719406128,21.060806035995483,39.022125005722046,0.7302292703714637,0.24313031092479384,142.75,25.800920526213787,0.6029867946262363,0.19406150583039172,0.04695799669684999,0.02968891270133411,2.5762345039167958,58.53227996826172,45.60310173034668,12.929178237915039,-1.0683269500732422,0.5644130706787109,44.193514823913574,43.19085741043091,0.8151436824892774,0.18017697731150775,87.5,3.840572873934304,0.7113723065959405,0.5281018027515578,0.18377003079936446,0.025637075980308364,1.5976511482742908,96.4705810546875,96.4705810546875,0.0,-9.411773681640625,10.196060180664062,54.9019775390625,62.745086669921875,0.7246854275974439,0.2464828489186809,130.5,12.579745625409124,0.5059470414621113,0.1123829344421188,0.17051287773951232,0.02687606737434103,1.552479930105547,94.44232177734375,77.52760696411133,16.914714813232422,3.8722000122070312,5.700981140136719,39.79808044433594,48.26046657562256,0.7353483607534779,0.19144798152991077,115.25,33.29695932063467,0.541153386913031,0.1675503711541087,0.1883676293352728,0.05571442922679866,1.8369911480792098,16.32989989221096,68.7626443644621,0.7029123413985718,12.929178237915039,31.818458520937547,0.15563065433908466,-3.985536575317383,29.26110067770445,0.18316860917123784,-16.914714813232422,7.7094184001558865,0.040063073468107425,12.929178237915039,-3.985536575317383
CASE00259,-23.307947158813477,-8.801899909973145,-14.506047248840332,-5.633291721343994,15.575960159301758,24.779933214187622,25.275611400604248,0.720490401969516,0.279188880016496,605.75,242.29359772804563,0.6300130724242033,0.1657478427610669,0.059187421464693885,0.019714437363803246,2.2155721983688967,-6.1138153076171875,4.3877763748168945,-10.501591682434082,-6.473477602005005,7.074436902999878,50.76810073852539,50.61681938171387,0.5276102596489761,0.4738105201547522,1296.25,514.6272315958416,0.5629354735575833,0.11780920421845899,0.09541837162095315,0.005040698115260061,2.8810876942257906,22.745101928710938,69.80392456054688,-47.05882263183594,-23.5294189453125,28.23529052734375,84.70590209960938,84.70585632324219,0.48107123396301016,0.517574182881567,1593.5,657.571479004374,0.4910651134784624,0.017615019121546394,0.07204304539741727,0.02037048636637797,1.6485525763365814,15.105217456817627,69.24808502197266,-54.14286756515503,-24.5626220703125,29.857343673706055,76.83708190917969,74.6832103729248,0.49512058827644373,0.4946002055237752,1475.25,631.2227716899954,0.48605527211720356,0.050695110258807886,0.06893385314301174,0.006698952629305719,1.5996782746900375,4.00445556640625,21.28118284338868,0.17173065382823993,36.557230949401855,32.06879292927907,0.1141568324087487,43.64127588272095,23.853171493254035,0.07424373591030094,7.084044933319092,8.402395786641012,0.005988436568374715,36.557230949401855,43.64127588272095
CASE00260,-4.120217323303223,0.7131509780883789,-4.833368301391602,-3.8723886013031006,-5.3464628010988235,28.70667314529419,48.01093769073486,0.7896440570013896,0.17425151956675064,972.0,303.9547663715771,0.6718346731066948,0.20427305888465844,0.08261046428531256,0.057879405077679566,1.6315158231388909,16.093809127807617,28.12630271911621,-12.032493591308594,-9.244882583618164,4.627762317657471,33.43659484386444,54.14323711395264,0.7704375393135463,0.1986618104474692,1031.5,283.08876699720884,0.6827258703535268,0.18890046899410376,0.10786415558999221,0.03131157635467906,1.978585814793473,33.725494384765625,82.35293579101562,-48.62744140625,-28.235305786132812,20.39215087890625,47.058837890625,81.56861877441406,0.7714064514872644,0.1724292446332175,941.0,50.77893263943227,0.6887344771626638,0.24537927573785615,0.07383708785469245,0.041571144372867526,1.9470659264300074,36.93219757080078,69.55668640136719,-32.624488830566406,-18.51517105102539,22.710335731506348,43.62360668182373,62.911377906799316,0.8031589143165897,0.15297548172230502,724.5,144.65908198243207,0.6747462658762848,0.17005384748986446,0.08103829281967512,0.0234748010610074,1.476558641350104,-7.199125289916992,22.444109521915347,0.1566342439697988,36.594947814941406,20.214365072507118,0.10083884835840896,20.591995239257812,21.682970074397943,0.11055414555009606,-16.002952575683594,3.86770796621325,0.013587573585412788,36.594947814941406,20.591995239257812
CASE00261,,,,,,,,,,,,,,,,,72.90733337402344,60.99456024169922,11.912773132324219,5.0373687744140625,-5.9322967529296875,15.273780822753906,15.855831146240234,0.47600017956625446,0.4873573023930984,42.25,9.12071817347735,0.4821570972804009,0.13875598085460497,0.16234756097437236,0.00768205690992578,1.4264427916000284,93.0,79.0,14.0,7.0,3.0,18.0,18.0,0.3819764970993253,0.6216789807739669,69.75,22.884219453588535,0.4731565637799689,0.11483253587967308,0.21189024390082403,0.006976561887585657,2.4823867742849512,,,,,,,,,,,,,,,,,,,,-2.0872268676757812,20.091878962208632,0.3730202148730803,,,,,,,-2.0872268676757812,
CASE00262,,,,,,,,,,,,,,,,,-10.859036445617676,-7.858147144317627,-3.000889301300049,-1.3011999130249023,3.1054506301879883,41.57956600189209,45.35886573791504,0.571632504818543,0.42473606607565295,5430.0,2187.9672072496883,0.6333571839246485,0.068329554043825,0.08685684391924492,0.010621351307850555,1.7272486627777404,58.82354736328125,63.5294189453125,-4.70587158203125,-4.70587158203125,7.8431396484375,65.88233947753906,78.43136596679688,0.5265224904107616,0.4743886072631879,6516.25,3132.572295654164,0.5953486325549275,0.020511521904275236,0.0984351920236261,0.01409310868195041,1.361961764481172,59.188819885253906,62.841651916503906,-3.65283203125,-4.4408111572265625,9.357364654541016,66.52179145812988,79.1209888458252,0.5272741613419288,0.4736376584727826,6641.75,3069.2381281842568,0.5862556069778623,0.0246841593780316,0.09403465041850581,0.012769388366002459,1.4840940216023202,,,,1.7049822807312012,67.9266164705132,0.3925336350363951,0.6519427299499512,67.92714782051071,0.390383024580832,-1.05303955078125,0.39520129008720656,0.002934725811065172,1.7049822807312012,0.6519427299499512
CASE00263,,,,,,,,,,,,,,,,,82.33531188964844,66.97750854492188,15.357803344726562,9.820209503173828,-10.850860595703125,35.53148651123047,34.13694381713867,0.7016779193130198,0.2966882547197939,123.5,22.02839077191069,0.7703190285361363,0.33401221995699926,0.09445951181705195,0.04781664552470945,1.5353047651167642,103.0,104.0,-1.0,-1.0,-3.0,30.0,40.0,0.5670902387102379,0.40276105625695774,225.25,100.30547093753162,0.6427583164824436,0.10972404730545517,0.09298721425796747,0.017522736556941636,2.18399171613636,75.00914764404297,81.47125244140625,-6.462104797363281,-6.974887847900391,5.182807922363281,29.212562561035156,31.47112274169922,0.5382061837834593,0.4529535412191982,230.5,107.02920162273472,0.5283786214374454,0.1093007467745465,0.11809376210761867,0.0015910214787897927,1.3023588643790114,,,,16.357803344726562,20.319815381680648,0.12732710979825973,21.819908142089844,7.651315081644253,0.02690611401199981,5.462104797363281,27.890831158687053,0.24667285732251318,16.357803344726562,21.819908142089844
CASE00264,,,,,,,,,,,,,,,,,32.778141021728516,27.001216888427734,5.776924133300781,3.635171890258789,8.641637802124023,25.725746154785156,55.90428161621094,0.6848197801968048,0.25249665160716767,272.25,48.92021565774215,0.6536718041692444,0.2765185856741772,0.10750344704883356,0.05454423771917718,2.125974017887477,63.5294189453125,76.07843017578125,-12.54901123046875,-6.274505615234375,14.117645263671875,26.66668701171875,87.84312438964844,0.757624890184894,0.1803799137606002,273.75,78.46456206466713,0.7506327150821993,0.3757270259776048,0.06066806031220893,0.06970285102395464,2.5766198537529807,63.819602966308594,61.42204284667969,2.3975601196289062,-0.4595489501953125,4.713165283203125,26.65500831604004,76.3401825428009,0.6870868670349192,0.20196308195324952,294.75,100.12585829844356,0.6589604109991423,0.17724388032557914,0.09931948583369687,0.02375853299424282,1.994286867716647,,,,18.32593536376953,28.56917740303696,0.3096385507367523,3.379364013671875,29.966781292287486,0.32636563366968807,-14.946571350097656,2.1567225601497313,0.015521051284329863,18.32593536376953,3.379364013671875
CASE00265,40.92752456665039,29.908428192138672,11.019096374511719,2.6147918701171875,-10.26092529296875,25.727783203125,42.1327121257782,0.4013711816749079,0.5877984353319213,114.0,24.586581706288495,0.5426067404957323,0.08219178082004128,0.08847607052868868,0.0019114491905590357,2.7951916237445324,61.961795806884766,37.573564529418945,24.38823127746582,11.640626907348633,-12.317649841308594,29.426715850830078,51.965853810310364,0.4816386973721667,0.4935527267348321,88.0,26.009613607279906,0.5611043602681136,0.1780821917767561,0.13161209067968638,0.003042715038032751,1.4618762083493664,77.0,51.0,26.0,7.0,-12.0,33.0,64.0,0.4042012218545612,0.5881253243217398,110.5,33.8710791088799,0.5534845973821431,0.051801801800635094,0.14011335012550344,0.0050711917300545846,1.4040876823693635,56.96165466308594,48.53767013549805,8.42398452758789,2.2944259643554688,-3.673297882080078,26.925922393798828,57.36359667778015,0.41135810483418334,0.5799424502332259,98.25,40.49922838771129,0.3972327743132251,0.08219178082004128,0.08469773299721443,0.0034328067095754115,1.3431477096652182,13.369134902954102,20.882835251350528,0.17744478192214821,-1.6117687225341797,15.349143623038122,0.0860700322983643,15.96424674987793,5.319259961902167,0.017376901687196664,17.57601547241211,20.646807535612183,0.1505080324091159,-1.6117687225341797,15.96424674987793
CASE00267,-27.68994140625,-19.295172691345215,-8.394768714904785,-3.1941051483154297,-1.9456415176391602,26.29598593711853,36.10025429725647,0.523894085634039,0.4760881415812223,246.25,63.54673477056079,0.5639890424695345,0.053901850361593714,0.05271335673588495,0.002604065752660053,1.6293812564234047,-13.31105089187622,2.6540586948394775,-15.965109586715698,-10.777011632919312,15.33678913116455,39.282745718955994,45.38658857345581,0.723255284372809,0.2500202345260929,132.5,28.20017730440715,0.7662564654963826,0.5687851970992053,0.13120791851290142,0.02153004363360008,1.3408993580667448,2.3529510498046875,33.725494384765625,-31.372543334960938,-23.5294189453125,15.686279296875,39.2156982421875,43.92156982421875,0.6492760597528762,0.3335900486249289,184.5,46.311445669510256,0.6191185202030701,0.1836115326237966,0.08419174771244507,0.01333808678669033,1.686566659762554,-4.51296067237854,30.987194061279297,-35.50015473365784,-21.34209895133972,14.105111837387085,38.6178925037384,43.34747916460037,0.6407585305138968,0.33847920491134936,181.0,44.83302354291979,0.66868044001013,0.11826226870379516,0.0557633653679831,0.023188585511782375,1.6138042695363481,-7.570340871810913,19.087435677496625,0.10476842732510125,15.40743374824524,13.660614985348777,0.05471700136375377,19.53504514694214,8.613206687429278,0.026223709923195036,4.127611398696899,6.757047065044567,0.018876265726338663,15.40743374824524,19.53504514694214
CASE00269,40.315067291259766,48.87238311767578,-8.557315826416016,-2.3573532104492188,7.4164276123046875,21.95226287841797,28.968732833862305,0.4134570561839549,0.5665494981858524,609.75,248.43648584698664,0.46306724462826454,0.013196480938368048,0.051820982061920796,0.0004604501248795909,4.910162948569674,90.69355010986328,76.15565490722656,14.537895202636719,11.762454986572266,5.704071044921875,24.577613830566406,25.062416076660156,0.6454044404116276,0.36088604235325983,298.25,75.00458319329559,0.7430309055930963,0.3159824046909238,0.10699402065581899,0.015892505825389515,1.2497992659471557,,,,,,,,,,,,,,,,,86.0,96.0,-10.0,1.0,19.0,28.0,31.0,0.5797509479150773,0.41350416512390825,473.5,96.82587464102764,0.6792992624049679,0.16564638098607978,0.07637253125559307,0.010897319622150316,2.6990552244529056,23.095211029052734,50.80798468874975,0.7538692855393501,,,,24.53789520263672,4.849351343584071,0.017579746322807566,,,,,24.53789520263672
CASE00270,51.25151252746582,62.12396240234375,-10.87244987487793,-4.691719055175781,-1.0539169311523438,28.394370079040527,34.67715644836426,0.41047033471463984,0.5782440410251105,187.5,81.52453618389987,0.3921824969138971,0.03647058823486505,0.061847495704953286,0.0026980914970434677,3.6596566578375596,80.13746643066406,72.7196044921875,7.4178619384765625,2.6375808715820312,-13.951614379882812,36.3447961807251,39.633352279663086,0.5019926650915522,0.49708792101253746,150.25,47.97590541094561,0.5677902802283539,0.17764705882143944,0.10307915950825548,0.011070110701104816,1.5107495256991508,105.0,124.0,-19.0,-13.0,-1.0,39.0,45.0,0.49997909292078824,0.5026135626266743,161.0,54.3185051340701,0.4997535854813929,0.10402684563642028,0.059468745870147395,0.008133952307263395,1.495996609026698,85.510498046875,103.54118347167969,-18.030685424804688,-15.906684875488281,7.357719421386719,34.37869644165039,38.44014358520508,0.5639609806487236,0.42903674033803146,139.75,43.51651985166093,0.5661108837642667,0.09882352941060207,0.08959957711102207,0.001845018450184136,1.5811941221403938,18.290311813354492,29.0571252686976,0.2225956897531187,26.417861938476562,25.21958129731327,0.1302534575782564,25.44854736328125,5.358920875659124,0.00978082633306182,-0.9693145751953125,19.86246699484759,0.09296501750855217,26.417861938476562,25.44854736328125
CASE00273,-29.09957790374756,-23.62501049041748,-5.474567413330078,-4.255095481872559,8.710992813110352,16.35615062713623,31.125784873962402,0.625265048036981,0.36662398835055193,1454.25,340.97168137544793,0.6241358464824113,0.151905528716987,0.06994610368340085,0.06480638701791629,1.3141087485546978,-22.407536506652832,-9.319684505462646,-13.087852001190186,-7.049294471740723,16.371877193450928,21.822882175445557,54.36012279987335,0.7869626670558092,0.19350188890196934,672.0,21.236760581595302,0.8182694072173854,0.49588477366210776,0.04692850549384407,0.04845655735573171,1.8130524622495554,-13.333328247070312,19.60784912109375,-32.94117736816406,-15.686264038085938,26.66668701171875,36.07843017578125,78.43138122558594,0.8156619935735663,0.14904152731579812,434.0,65.0384501660364,0.8342670729950311,0.45294413688940366,0.05224369472649075,0.06580240813460417,1.8261452117598649,-10.96316146850586,24.23487091064453,-35.19803237915039,-18.05822718143463,28.83738076686859,37.098811626434326,74.47104454040527,0.8508592158856851,0.1253746360008364,359.0,25.42636427018224,0.8233867337746078,0.41483270710286735,0.04094333442514949,0.061407432450002304,1.1718799281605172,-7.613284587860107,8.101057981408838,0.068837963727606,19.853325366973877,13.047426530488831,0.10831904020489524,22.110180377960205,14.85188332485881,0.10434552883483303,2.256855010986328,2.1780127204938697,0.02272005367911085,19.853325366973877,22.110180377960205
CASE00274,9.787186622619629,-96.8038101196289,106.59099674224854,22.932159066200256,-20.349910140037537,64.2543363571167,804.4369525909424,0.836033801891237,0.05816417704956012,70.75,46.51545442108461,0.7415047204514188,0.21711568938021306,0.06855791962164812,0.06924799999998524,1.4888293003983653,32.45635223388672,-43.99678039550781,76.45313262939453,2.2394180297851562,-6.672482490539551,28.661819458007812,173.15439224243164,0.41293485332523483,0.5820428276006102,296.5,102.94780230777148,0.5967579941867217,0.08716323296285926,0.0981087470447723,0.034282666666659356,1.0850437042740535,73.0,-33.0,106.0,9.0,2.0,35.0,227.0,0.3720727738540301,0.6059258150696705,307.5,114.42574011121798,0.570616511628768,0.09189189189118231,0.09929078014169726,0.06348799999998646,1.541923789715593,49.423912048339844,-53.981685638427734,103.40559768676758,6.525974273681641,0.9553852081298828,30.001018524169922,193.970853805542,0.38120499666450164,0.5833544347320638,304.5,120.67000455788505,0.4616395123386307,0.02297939778111744,0.11140661938517818,0.01068799999999772,2.113126653291056,-30.137864112854004,94.93499488875699,0.23266213620647974,-29.54686737060547,40.10519630190725,0.3786479096640585,-26.952465057373047,16.782966451585995,0.09688297200445532,2.594402313232422,23.400547747422237,0.15447414729405926,-29.54686737060547,-26.952465057373047
CASE00275,,,,,,,,,,,,,,,,,64.52288055419922,61.35914993286133,3.1637306213378906,2.2499656677246094,1.1133880615234375,28.708389282226562,31.648365020751953,0.6023342616536747,0.3992286118948694,1482.0,609.0886634965389,0.6739498046374965,0.12805560464149846,0.08788867309032342,0.008423115936069016,2.804001428791291,75.0,86.0,-11.0,-5.0,8.0,32.0,35.0,0.5009994825534273,0.49883995334867254,1883.25,1060.8219395826993,0.6197892625698488,0.03579571363427052,0.07902626666413762,0.012507881678865705,1.3748614757071094,60.38716506958008,63.3980712890625,-3.010906219482422,-0.397735595703125,4.857746124267578,27.131549835205078,31.0425968170166,0.5135214104624609,0.48422303069228434,1799.0,1012.3455437744565,0.5797856413578014,0.01973257937208003,0.10540606791995448,0.0015729089563285914,1.674215240752405,,,,14.16373062133789,10.026034615072671,0.041886056236033885,6.1746368408203125,4.422143591642549,0.007563596671496258,-7.989093780517578,14.433740456436237,0.0830571710761112,14.16373062133789,6.1746368408203125
CASE00278,,,,,,,,,,,,,,,,,18.674586296081543,1.9374972581863403,16.737089037895203,1.9221630096435547,14.329967021942139,26.989642024040222,137.4909267425537,0.7007683768589461,0.23672336681276224,7985.25,2243.349546437202,0.7226575471184021,0.3740613715683784,0.0676896883606114,0.012411426827310819,5.18096168169577,40.00001525878906,8.627456665039062,31.37255859375,3.1372528076171875,25.098037719726562,36.07843017578125,177.25492095947266,0.7432107168898209,0.2130680599561519,7608.75,1114.780780019103,0.8131556588267346,0.6602737812542729,0.06527560280669002,0.0328559437762625,2.619905614974925,44.61588478088379,10.798051834106445,33.817832946777344,2.9438552856445312,22.526928901672363,32.494126319885254,172.18606567382812,0.7562595127619084,0.19751597410846397,6894.0,1213.798376996773,0.7935842462970792,0.5849940320605882,0.06747051480374223,0.013849822700167136,2.2438908038730494,,,,-14.635469555854797,21.601402305879073,0.16237518583022567,-17.08074390888214,25.586859015540153,0.2184256420289785,-2.4452743530273438,4.211609196392554,0.022393279360921527,-14.635469555854797,-17.08074390888214
CASE00279,44.53126525878906,44.14504623413086,0.3862190246582031,2.2064476013183594,-4.35200309753418,21.757816314697266,51.79064989089966,0.5325394294820193,0.42653051891587723,540.75,255.69158668208073,0.5258052689468531,0.06499261447543576,0.06363196646419969,0.012573060948334627,1.8296107926067289,77.05594635009766,59.448429107666016,17.60751724243164,17.6961669921875,14.80440902709961,33.723262786865234,57.520419120788574,0.6238085108754329,0.350294196751175,382.5,70.04819769273153,0.618517076897026,0.14180206794640532,0.0999086365345838,0.05527260425867285,1.0797943149702336,130.0,113.0,17.0,14.0,45.0,54.0,98.0,0.7825232743059017,0.17779431135190363,207.0,97.36785917334323,0.7621839876562522,0.2787215663683308,0.174289245982601,0.01821120487135464,2.8740859037608195,112.11176300048828,90.93302154541016,21.178741455078125,10.374847412109375,9.105472564697266,26.09259796142578,58.58683776855469,0.6894877411258584,0.26212778372996914,377.5,156.84785621741855,0.5787996571191523,0.04106351550947987,0.15730639006816932,0.009481478697211988,3.243226642669493,17.221298217773438,34.41676717175293,0.37299334167481757,0.6075172424316406,48.38564516942362,0.333830256354908,-3.5712242126464844,32.06883290449953,0.2982535562829869,-4.178741455078125,19.53615651966079,0.18100276121562098,0.6075172424316406,-3.5712242126464844
CASE00280,,,,,,,,,,,,,,,,,69.52817153930664,48.321678161621094,21.206493377685547,7.7215728759765625,3.6689529418945312,30.42394256591797,109.5181999206543,0.4886615289828706,0.5075203510710387,900.75,176.3949758354812,0.6022065201479132,0.17742673992633373,0.08798283261797606,0.05461572330120301,1.5050237357081862,83.0,50.0,33.0,8.0,11.0,27.0,128.0,0.532504003615292,0.4671108472956026,741.0,268.0046641385183,0.637105386160158,0.054971011380599163,0.17026202846161606,0.0400958857198728,1.654712134564467,,,,,,,,,,,,,,,,,,,,-11.793506622314453,13.261615096992404,0.07264364846604414,,,,,,,-11.793506622314453,
CASE00281,-9.985800743103027,-1.8238595128059387,-8.161941230297089,-7.0538331270217896,3.592972755432129,31.935290813446045,48.465137004852295,0.8226058442894938,0.1558737179220745,62.25,22.331312097590683,0.7039254195747758,0.48211920529162755,0.08353245718828799,0.04249871393162296,1.569203947910282,-1.2058520317077637,8.222991466522217,-9.42884349822998,-7.9953712821006775,7.27852588891983,34.31338691711426,42.600207805633545,0.7451125228317355,0.22570960841933657,62.25,15.514106484100203,0.7217041082458285,0.2264900662221657,0.09577857427310256,0.029930318477291547,2.006145126677132,14.9019775390625,29.019622802734375,-14.117645263671875,-15.686279296875,14.117645263671875,53.333343505859375,51.76472473144531,0.8186325856591928,0.1585146258106301,37.5,7.0178344238090995,0.8130641911873628,0.396946564880446,0.10852250099551122,0.05431885142402208,1.8707244058363754,17.13884735107422,38.813711166381836,-21.674863815307617,-15.891060829162598,27.69049906730652,36.71825224161148,42.369242429733276,0.7552294304091526,0.23682443783616572,67.75,18.30812661087966,0.7788208088133044,0.5006622516489978,0.0773596176821213,0.027580320815597956,1.8915230625791377,-1.2669022679328918,12.557418449318615,0.03427503892824756,4.6888017654418945,17.81827297268291,0.09232892915323379,12.246020317077637,19.981747800984174,0.08706906933463338,7.557218551635742,9.309927099635054,0.045443625627481075,4.6888017654418945,12.246020317077637
CASE00282,,,,,,,,,,,,,,,,,57.91863441467285,44.13683319091797,13.781801223754883,0.5874137878417969,-4.496330261230469,26.9443359375,721.2106552124023,0.5702185276127345,0.21962209954904133,452.25,140.14523716487835,0.7093395104301577,0.385292269012392,0.09171126862428675,0.045297560039649735,2.5494628892265268,80.0,68.0,12.0,0.0,1.0,27.0,430.0,0.6963920859569028,0.2710295816130572,322.25,119.73799522290324,0.7671958334399936,0.41069283139685486,0.11529003327059391,0.04168398835981887,2.419227524046791,71.68230438232422,73.06200408935547,-1.37969970703125,-2.081432342529297,1.5742378234863281,23.56706714630127,779.5730056762695,0.6178445561074067,0.17465199546388463,332.0,131.75166033109412,0.7385602883625911,0.4098051539903419,0.04508414099038281,0.035759969300627116,3.456633315268209,,,,1.7818012237548828,26.267752592444868,0.1933976468599469,15.161500930786133,16.10167420225385,0.09646154875999384,13.37969970703125,17.933957894929996,0.05253198954768055,1.7818012237548828,15.161500930786133
CASE00283,37.520437240600586,29.680408477783203,7.840028762817383,1.7363147735595703,0.6081523895263672,35.96781873703003,47.772303998470306,0.4760329138160894,0.5186890399068808,1678.5,1035.1300642914396,0.5180159417795023,0.005476249077033302,0.11383338837514163,0.0003906901940554252,1.1941787525331402,57.69239807128906,38.11442756652832,19.577970504760742,6.379940032958984,4.265085220336914,31.486580848693848,60.10234409570694,0.6055467757686678,0.3931444373149129,1422.25,605.4739362681106,0.6485428845826755,0.09512675363026389,0.18415620871858815,0.00912621948444032,1.1687192493347718,79.0,66.0,13.0,2.0,9.0,32.0,83.0,0.5224347778424365,0.4785446030632037,1662.5,910.0517842408749,0.5666086429833569,0.017235335358718604,0.143184445178306,0.017421748167927846,1.2338288265225956,,,,,,,,,,,,,,,,,11.73794174194336,20.7536053435054,0.10961978345487793,6.577970504760742,20.34126781926932,0.1230031122517541,,,,,,,6.577970504760742,
CASE00284,41.2535343170166,-2.7290987968444824,43.982633113861084,38.77088397741318,-1.0498065948486328,95.33151304721832,136.59754848480225,0.3509399918201923,0.6420302483741116,1866.0,1222.0218901476355,0.4612609413224064,0.006708282865921263,0.09857379653289272,0.0009079027142634895,1.5693751485151384,78.971435546875,21.793231964111328,57.17820358276367,39.906063079833984,-7.335903167724609,29.4693660736084,120.78672122955322,0.7593435804612558,0.18288818878657825,388.0,147.02550799096053,0.8265723033421959,0.4777788130061699,0.18093445679947148,0.07179134080169419,1.1311868701345764,87.0,34.0,53.0,34.0,0.0,26.0,131.0,0.7274052225352935,0.22295268143004945,500.25,243.46393470080943,0.7093804035442214,0.16064444030530764,0.12487050210647752,0.0824576743675884,1.9795790875907682,68.68255996704102,30.48228359222412,38.200276374816895,21.638473510742188,3.5418739318847656,26.080883026123047,123.93623352050781,0.7519769878546815,0.2127915755857265,343.0,182.5828579029258,0.7556422339580947,0.36140873940150803,0.13201878582772775,0.08039204335996879,1.510892558967213,13.195570468902588,49.502928180671354,0.3003567559689882,4.178203582763672,8.904030415220369,0.028865719958658994,18.977927207946777,9.773716632125998,0.04304173016316198,14.799723625183105,17.903029638442266,0.13618687544487174,4.178203582763672,18.977927207946777
CASE00285,,,,,,,,,,,,,,,,,103.7060775756836,32.476444244384766,71.22963333129883,25.715438842773438,-26.75257110595703,43.515106201171875,71.12539672851562,0.7642952406607004,0.14094184991624018,4871.25,978.8432905731131,0.7166812884766349,0.2669125469891103,0.1472003710933654,0.026839987995360994,1.754801368456198,119.0,39.0,80.0,25.0,-26.0,43.0,100.0,0.848956204727257,0.07144058145162059,8099.0,5141.508873861835,0.6496281844832308,0.03509906675290269,0.13701946307427004,0.015650995454340903,1.9313416129079446,,,,,,,,,,,,,,,,,,,,-8.770366668701172,17.577856769855064,0.06269448363845295,,,,,,,-8.770366668701172,
CASE00286,1.007401466369629,4.87432336807251,-3.866921901702881,0.18598520755767822,1.868643879890442,38.76177978515625,74.30860328674316,0.7143903434673101,0.21512683667821897,1114.5,283.9986795743952,0.7121076157759512,0.5231026785708447,0.07724149951341672,0.04640248108818693,1.1750343677162927,29.420013427734375,49.046443939208984,-19.62643051147461,-9.788022994995117,21.898676872253418,51.10142707824707,59.93137550354004,0.7782850746012319,0.18210940525485048,820.0,114.9108349982716,0.7357558244647389,0.3691964285710165,0.12578250954986628,0.0374963886252001,1.5686178580863912,29.019622802734375,65.09805297851562,-36.07843017578125,-17.254898071289062,25.098037719726562,42.35295104980469,89.41175842285156,0.6655836182490462,0.2625802980608302,1118.0,182.88110892052245,0.6661715921614171,0.14276191534258106,0.0779677264738663,0.014236186859901821,2.2719312065531243,27.996658325195312,45.9505500793457,-17.95389175415039,-7.493337631225586,25.951221466064453,49.657625913619995,95.18599891662598,0.7738727536924388,0.15937871241785806,793.5,93.862931980628,0.7071787880805935,0.1935267857140697,0.10630510247060869,0.010627760122167337,2.775728116081471,-15.759508609771729,33.36616963551996,0.141949125341936,16.45199966430664,5.014596777779839,0.009758815012437829,-1.6725387573242188,6.8914959472387105,0.009442995885216415,-18.12453842163086,5.728587973397903,0.01259283879410089,16.45199966430664,-1.6725387573242188
CASE00287,38.5639533996582,52.440887451171875,-13.876934051513672,-6.8249969482421875,0.2836494445800781,16.393656253814697,28.63935089111328,0.561758238035964,0.43112593602532967,570.75,243.5316971155911,0.6095587589953858,0.07582938388605627,0.049996697708176475,0.015908629670550893,1.0714389487194707,66.48682022094727,57.038944244384766,9.4478759765625,3.4650840759277344,-20.361190795898438,38.778337478637695,33.08531188964844,0.744989297818083,0.26325397010378676,308.5,38.40898332421727,0.8810887309098376,0.7930489731416718,0.09147348259686185,0.00552461271337345,2.02386679042048,90.0,82.0,8.0,7.0,-1.0,25.0,33.0,0.6385619763646984,0.36243609018684625,498.25,207.86699473461388,0.6801754785721493,0.18778054862796065,0.1095700416088042,0.015818431911965206,1.6704366499281709,76.55987930297852,80.4600601196289,-3.9001808166503906,-4.1738433837890625,-1.068939208984375,24.855950355529785,37.74699401855469,0.6743251935911023,0.31465311139916324,410.0,150.08497593030424,0.7434505002624763,0.3085834649807568,0.11260815005606459,0.006088348704534006,1.2370326940631817,23.324810028076172,29.67764270729276,0.35144589208843935,1.4478759765625,20.407725161132625,0.1565522753783502,13.34805679321289,9.707781503951457,0.06480464733195679,11.90018081665039,12.834089754910835,0.0829065244454746,1.4478759765625,13.34805679321289
CASE00288,1.9289438724517822,11.670747756958008,-9.741803884506226,-4.0546770095825195,7.667559862136841,28.020216941833496,37.20149517059326,0.6197402809426823,0.36679378499163656,910.75,268.01061079740856,0.5526080539673164,0.10610356663168766,0.07549073009338993,0.014804113782546872,1.2445806377661548,61.5481014251709,68.01576232910156,-6.467660903930664,-9.878791809082031,3.8326797485351562,43.14885425567627,36.5221061706543,0.8700840262596079,0.1315986680336011,217.25,60.40022764857762,0.9181484695844138,0.8798686763156546,0.12659121628434575,0.04772813263164972,2.155690341434426,90.19607543945312,115.29412841796875,-25.098052978515625,-20.39215087890625,7.8431396484375,51.76470947265625,43.921539306640625,0.8696532196896568,0.13123702672921012,310.5,8.2915619758885,0.761673926958827,0.23282332563476787,0.11737174443702368,0.02605166305506738,2.400132173826524,83.13924407958984,94.72247314453125,-11.583229064941406,-12.318641662597656,0.45722198486328125,47.57060241699219,39.018821716308594,0.7855837756089695,0.21688343396830195,508.5,71.5629093874753,0.7732986528967665,0.3990449186682599,0.1240493050091541,0.023179582430432936,3.2965153460602896,3.2741429805755615,65.27720735891837,0.5977883791994518,18.63039207458496,24.968470925520446,0.10488621421197555,5.115568161010742,17.50829722395362,0.06658117545337265,-13.514823913574219,9.081653689120877,0.018013597610694244,18.63039207458496,5.115568161010742
CASE00289,,,,,,,,,,,,,,,,,78.33095169067383,47.371246337890625,30.959705352783203,19.456069946289062,-2.9259262084960938,26.52754020690918,436.1221179962158,0.6917430825457542,0.31149600032471864,94.0,14.19506956657839,0.6848976609820546,0.3109512390063074,0.15326715392150836,0.011608569472069064,2.845122378817421,96.0,90.0,6.0,3.0,7.0,24.0,765.0,0.654825071822268,0.29376670555633394,135.25,36.18269614055868,0.7022762619263301,0.2418096723850093,0.11126868113874629,0.025434506146668173,1.933478276809811,82.64710998535156,72.81968688964844,9.827423095703125,1.8181304931640625,5.213470458984375,18.66480827331543,569.4087333679199,0.6372987642883684,0.3488705118754581,134.25,42.733915102644175,0.6780648077937511,0.1566746602705302,0.133086069597324,0.03371702481494217,1.4729330291274396,,,,24.959705352783203,16.220888456734464,0.13498086465715983,21.132282257080078,6.258732288565485,0.05362105129361455,-3.827423095703125,13.24710866580321,0.14463743666985038,24.959705352783203,21.132282257080078
CASE00291,,,,,,,,,,,,,,,,,86.18451309204102,59.727901458740234,26.45661163330078,16.35135841369629,-19.53478240966797,36.290788650512695,26.99730682373047,0.5325463041550258,0.44533622934472267,214.5,66.29291063152982,0.6615835154144298,0.2439912600127896,0.14630822596612203,0.014942959670073922,2.0633613011692087,121.0,104.0,17.0,6.0,7.0,35.0,33.0,0.5554082316943729,0.4324224459706032,222.25,61.755060521385616,0.6049391586535539,0.13906810035742603,0.19301288404336842,0.01981682823629875,1.7368961155064662,93.49164199829102,108.81107330322266,-15.31943130493164,-10.663467407226562,11.056427001953125,29.27583885192871,25.871856689453125,0.5711900138256446,0.4119065749393964,185.75,69.46716850426537,0.5892965525597361,0.11580480699114491,0.1253716551039081,0.002820773748950633,2.4287438888939015,,,,9.456611633300781,35.44394525638272,0.25758107940759284,41.77604293823242,8.594807959025436,0.03253132660049132,32.31943130493164,27.030869579069968,0.19459832992792417,9.456611633300781,41.77604293823242
CASE00292,55.01689529418945,31.48150634765625,23.535388946533203,5.171592712402344,5.404870986938477,39.849324226379395,88.12059450149536,0.3204772971273657,0.6785410015855383,805.5,381.7024364606545,0.4576994575467856,0.015067147068407904,0.11949094636136018,0.0006537062301045001,2.546387926875612,89.83956909179688,54.546836853027344,35.29273223876953,18.972625732421875,13.815711975097656,40.51471710205078,105.25317573547363,0.5341782354482744,0.4699304635042956,604.5,159.0919545420195,0.5303056890687053,0.11595152309166082,0.1005295524426883,0.04701000454751492,2.26732563562142,88.0,70.0,18.0,8.0,14.0,37.0,116.0,0.3712779365548174,0.6269839539595606,865.75,403.14846830913297,0.4601392957634193,0.023909531502346013,0.11530577382976143,0.017095839017732907,2.2216632185612317,,,,,,,,,,,,,,,,,11.757343292236328,34.65347042823031,0.20006852199137007,17.29273223876953,3.11435325047773,0.004916895695462305,,,,,,,17.29273223876953,
CASE00293,-20.25453472137451,-58.957706451416016,38.703171730041504,0.9464426040649414,12.31930923461914,30.992553114891052,193.23217749595642,0.8270228616546109,0.09715335066627315,680.75,211.95208774626403,0.7172486537209412,0.20063752276848756,0.09143260907965176,0.06552354051854949,1.3667499864197656,15.930977821350098,-3.78175687789917,19.712734699249268,-3.1210155487060547,36.1731653213501,45.96442246437073,216.5106964111328,0.8208241608308854,0.1347385157210555,688.25,158.49664822954458,0.8090658371177013,0.528961748633398,0.08348348348346873,0.06586739941359575,1.629539833673146,36.862762451171875,19.60784912109375,17.254913330078125,-1.568634033203125,56.47059631347656,58.03919982910156,221.17648315429688,0.8136245775129093,0.15351721722725775,703.25,265.81607833236876,0.791586170530067,0.35694588073047484,0.10275569687332578,0.06328231736333717,1.3343174947355527,41.6599178314209,24.269960403442383,17.389957427978516,-0.36806297302246094,45.81485843658447,50.646100997924805,212.77184677124023,0.8438544507548793,0.13533165922012727,651.75,272.25573914979276,0.808416195923745,0.4251366120214707,0.12942942942940658,0.03222449073576494,1.7011670369981817,-18.990437030792236,39.792150409515195,0.29222393311696315,2.4578213691711426,18.287808802074263,0.06522595103342375,2.322777271270752,22.483093579128184,0.08108348548049263,-0.13504409790039062,5.632641543369956,0.01363361448365455,2.4578213691711426,2.322777271270752
CASE00294,32.739505767822266,42.72358322143555,-9.984077453613281,-3.448589324951172,2.0550498962402344,19.404260635375977,19.031471252441406,0.3650302629008316,0.6141043739168629,105.75,25.85899263312475,0.3077824841658713,0.039087947881462935,0.057983682983514036,0.0012748496075848472,2.355011404532239,66.81097412109375,55.382137298583984,11.428836822509766,10.449241638183594,10.77579116821289,20.842044830322266,17.000896453857422,0.529332198249102,0.4771494500415191,78.75,23.166516786085904,0.3887700960793791,0.13355048859499835,0.17890442890390762,0.010716704513760122,2.006813417562146,72.0,74.0,-2.0,-1.0,9.0,21.0,19.0,0.4492290532995177,0.5430424213264731,106.5,29.244657631779518,0.3241384132229518,0.06086956521562697,0.11363636363603254,0.003067606868251039,3.2230440326575276,,,,,,,,,,,,,,,,,21.412914276123047,33.563298731583785,0.5606161101284188,13.428836822509766,4.952788110580569,0.03819116916735977,,,,,,,13.428836822509766,
CASE00295,-29.66973304748535,-56.21744155883789,26.54770851135254,23.11830425262451,1.1758594512939453,18.945545196533203,147.32446670532227,0.6560974610199313,0.2699667817083512,4362.0,1416.7051563398786,0.7263544487222049,0.3650030346887425,0.06104099184630471,0.02038473630720382,3.8378195054934565,-19.065021514892578,-55.49894332885742,36.433921813964844,29.478137969970703,6.932999610900879,25.309545040130615,154.3722996711731,0.7075832499277627,0.2057296216513936,3099.25,725.2090646841089,0.7275024607637084,0.2022036509640501,0.07536890179579313,0.021074951195080446,3.892331975138674,3.9215850830078125,-49.41175842285156,53.333343505859375,50.19609069824219,31.37255859375,43.92156982421875,214.9019775390625,0.7961896521249925,0.1605153773825922,2132.25,897.6058085262149,0.8179911983970337,0.4517569712082404,0.07191878575771796,0.014120158807916791,3.9418874226694682,1.8731539249420166,-47.98228073120117,49.85543465614319,50.52867841720581,23.48670244216919,38.85137176513672,210.17334365844727,0.7355970888389991,0.17822907748500572,2560.75,1095.20508924128,0.7743966597280837,0.40823567860301413,0.0718443228216444,0.015118923147789117,3.9915308687356457,9.886213302612305,11.289291777629842,0.09122699065124276,-16.89942169189453,20.645843287151152,0.180973866160487,-13.421512842178345,17.72123815091571,0.1507450396738878,3.4779088497161865,3.7875895059505664,0.014989515865630063,-16.89942169189453,-13.421512842178345
CASE00296,,,,,,,,,,,,,,,,,58.95416259765625,50.07208824157715,8.882074356079102,2.696502685546875,-3.1002140045166016,27.368295669555664,32.885475158691406,0.7253371273688931,0.2482084104988431,163.75,26.252380844411046,0.6902385835215471,0.5776978417224626,0.0995554636616874,0.03772308766417668,1.4691931800802132,82.35293579101562,83.92156982421875,-1.568634033203125,-1.568634033203125,1.568603515625,28.23529052734375,28.23529052734375,0.7824640510112557,0.1988322316845539,157.25,70.3042495159432,0.6679143392010453,0.1920529801312941,0.08870050656461868,0.019468807726431652,1.156712608539131,64.77950668334961,71.60830688476562,-6.828800201416016,-8.215248107910156,13.401485443115234,26.823195457458496,26.220943450927734,0.739687428503064,0.19951607142291353,147.0,48.09885653526495,0.5558377040602691,0.07410071942392733,0.1224542541093133,0.03554857383892339,1.8717054633426322,,,,10.450708389282227,18.70999813033898,0.16130351454177536,15.710874557495117,4.70264505091558,0.017865104375991262,5.260166168212891,15.272110450096669,0.11757161041466638,10.450708389282227,15.710874557495117
CASE00297,,,,,,,,,,,,,,,,,21.900800704956055,30.61351203918457,-8.712711334228516,-5.379051208496094,11.603689193725586,24.534169673919678,46.868658393621445,0.7684443140720462,0.20110573253998285,1343.75,304.32661319707154,0.7637668735553341,0.48073343902910265,0.035067212156628995,0.0598695455366205,1.249690451847465,43.13726806640625,72.94119262695312,-29.803924560546875,-14.117660522460938,25.098037719726562,32.94117736816406,76.86274719238281,0.8420202508610919,0.12507752923929644,939.0,103.75210841231132,0.8101684269638111,0.43451044430806657,0.049691538411578716,0.03840664491601002,1.131893836331635,48.605655670166016,69.87972640991211,-21.274070739746094,-7.396152496337891,23.620025634765625,35.26994705200195,70.74180889129639,0.827365714015637,0.1518252760828982,1078.5,167.6327831899238,0.7782932452221327,0.38133314951376485,0.05965322423533221,0.02609336621491529,1.2298880587824819,,,,21.09121322631836,21.122319020743447,0.18155972624270497,12.561359405517578,24.95501969629027,0.2268118375568634,-8.529853820800781,4.060959784569379,0.02192683552944919,21.09121322631836,12.561359405517578
CASE00298,,,,,,,,,,,,,,,,,42.85092353820801,20.321914672851562,22.529008865356445,8.888452529907227,22.345949172973633,36.32207536697388,148.1810064315796,0.8519163530643016,0.0947103378792716,525.25,207.210490805847,0.8848700075314482,0.9315730754915934,0.14096668889744446,0.06843038346013085,1.219008740653285,110.58822631835938,90.19607543945312,20.39215087890625,7.8431396484375,40.784332275390625,48.62744140625,229.01959991455078,0.8253530088411368,0.09393940098943507,431.0,103.48188247224729,0.8669749938923974,0.8781512605031165,0.12355646038819834,0.04919679355138897,1.1968141189864243,97.1397476196289,71.78387832641602,25.35586929321289,8.734054565429688,22.89950942993164,37.49129676818848,197.94592475891113,0.8140326598595606,0.10548719878260725,642.25,58.36255220601649,0.712694852088865,0.4442791620175477,0.1198883779704237,0.045070754867385,2.493847446958672,,,,2.1368579864501953,61.96083896949682,0.40583378147978,-2.8268604278564453,48.992200128149946,0.3768951402724852,-4.963718414306641,13.158959732479158,0.06376606102389319,2.1368579864501953,-2.8268604278564453
CASE00299,38.57673263549805,32.42561721801758,6.151115417480469,0.28391075134277344,-4.157800674438477,33.54810428619385,50.09529638290405,0.5821081216057669,0.41139230958353123,177.25,78.76983877094075,0.5779049295762357,0.09389671361447244,0.11150432535663886,0.004509492401264222,1.743957704709456,68.39265441894531,43.310279846191406,25.082374572753906,11.851810455322266,-5.171955108642578,36.504751205444336,51.126129150390625,0.6132968325468368,0.3806997699441877,180.0,55.95087130688851,0.6092649647873074,0.2646713615007942,0.1391416694752617,0.030940574197997936,2.381917042061539,96.0,88.0,8.0,-1.0,15.0,42.0,63.0,0.5871891951344157,0.40635432516892317,208.0,94.32656041645959,0.6232886547951085,0.1591166477907185,0.14251207729460594,0.04708487795483711,2.458243883348694,77.44781494140625,75.3927993774414,2.0550155639648438,-7.050479888916016,21.107624053955078,43.28082084655762,51.35899257659912,0.6361402848645036,0.3572260797841633,184.75,74.14639235997932,0.6019537363054118,0.14964788732306544,0.17492416582396644,0.011081154815206211,2.2568877629816835,18.931259155273438,30.38552059788394,0.20328663072961325,17.082374572753906,27.69365975388076,0.14375543897019888,23.027359008789062,9.406752126081843,0.022539097413942704,5.944984436035156,18.292743778921956,0.05764479806598103,17.082374572753906,23.027359008789062
CASE00300,49.46437072753906,44.00468826293945,5.459682464599609,-0.07255363464355469,-1.945413589477539,22.376319885253906,32.05670166015625,0.4135100913717682,0.589643300837735,95.0,33.50373113550191,0.48273773291658595,0.05263157894610929,0.11508793582192198,0.005893691155754358,1.9161672442967752,68.7015609741211,54.93925094604492,13.762310028076172,3.08770751953125,-16.980422973632812,28.181713104248047,37.850364685058594,0.39338684372644595,0.6132714365203112,111.75,19.188212527486765,0.5938199521330298,0.14354066985302533,0.11879049675989266,0.006041960115647549,1.5085464368174695,90.0,81.0,9.0,-0.5,3.0,34.0,46.0,0.4280592582198175,0.5757540866735983,111.75,40.03357965508455,0.4997276105630064,0.0931818181797004,0.13699475470491518,0.004114463637036061,1.5572805770520912,,,,,,,,,,,,,,,,,8.302627563476562,20.06129502773458,0.18058831583766788,4.762310028076172,20.778629523471423,0.1458418278517516,,,,,,,4.762310028076172,
CASE00301,27.664644241333008,23.288541793823242,4.376102447509766,-0.19553184509277344,7.262399673461914,26.58283257484436,31.86153554916382,0.6124250384111215,0.3890427014133588,562.75,210.19202530067597,0.6452710056590176,0.1713104048755522,0.1283005899535321,0.02969942523320176,1.787123465562498,65.07638168334961,36.03205108642578,29.044330596923828,13.209922790527344,4.84520149230957,43.767035484313965,36.108304023742676,0.6417302857870313,0.3673742078759798,498.0,91.56418513807678,0.7780347554773919,0.4821506312571133,0.2001832865569619,0.024413455196454874,1.9841844675024796,101.0,78.0,23.0,4.0,9.0,37.0,43.0,0.6427584282166666,0.3623878476629908,548.75,182.6860353174265,0.6615888427805147,0.10866834170831519,0.22532791110589073,0.03503250730236172,1.320542137745384,,,,,,,,,,,,,,,,,24.668228149414062,38.30681096578348,0.3326977648298095,6.044330596923828,34.47193113960952,0.2043678492273549,,,,,,,6.044330596923828,
CASE00302,-15.97518014907837,-18.500679969787598,2.5254998207092285,1.7691211700439453,3.6994848251342773,19.515024065971375,34.08092486858368,0.6124003757289553,0.3438464487644047,739.5,260.3512051057187,0.5628012519558201,0.05220657276985501,0.0691711074763768,0.042855467028523504,2.3236819580441357,61.67288398742676,66.8583755493164,-5.185491561889648,-0.7241134643554688,28.714895248413086,53.370680809020996,83.71461391448975,0.7815665172995911,0.19740141862691002,427.75,47.97069417884215,0.6996361502341737,0.3973708920180331,0.0729348036370543,0.043958796356475434,2.3894947032580434,79.2156982421875,96.4705810546875,-17.2548828125,-3.13726806640625,26.666656494140625,58.039215087890625,112.941162109375,0.7842373170251826,0.1874942490955425,436.25,109.69132828077159,0.6670576777509823,0.145725040329547,0.058618688334290334,0.03440929079385704,2.8058724092468488,87.6547966003418,89.37084579467773,-1.7160491943359375,3.5079269409179688,29.64246940612793,55.25797939300537,81.9845552444458,0.8068245021333124,0.1859083194100215,434.25,143.52068666223695,0.7192214397490807,0.17164319248794058,0.08260785451730024,0.02098545063710861,1.0946157019655216,-7.710991382598877,79.9514188481532,0.7634485120040893,12.069391250610352,15.447905031902282,0.034298670192794735,-3.469442367553711,21.425361193071875,0.06260498086234043,-15.538833618164062,6.532056062367172,0.011211767203737764,12.069391250610352,-3.469442367553711
CASE00303,,,,,,,,,,,,,,,,,19.412670135498047,35.11654853820801,-15.703878402709961,-10.679804801940918,17.249598264694214,25.0305118560791,20.78220558166504,0.6128764922776528,0.3739311462848223,259.0,45.32107677449864,0.6794061126667463,0.3307369682424761,0.10305222412583091,0.004815574649990574,1.7491721378924754,41.568634033203125,98.03921508789062,-56.4705810546875,-40.7843017578125,25.098037719726562,31.37255859375,23.5294189453125,0.6811538938895745,0.24408272242668907,207.25,20.06707502353046,0.7951093456296822,0.6050139275732311,0.10305222412583091,0.041211361665962114,1.2386693581680135,42.7718620300293,81.05209350585938,-38.28023147583008,-19.533823013305664,28.57168483734131,36.49839782714844,13.066764831542969,0.9190992234875457,0.05819327331037857,30.75,9.496709956611289,0.9250003927933266,0.7471539844173328,0.057300590138931844,0.028266822321602422,4.9585466658335955,,,,40.76670265197754,25.817896896342674,0.22589825484194573,22.576353073120117,27.13876017335324,0.2961339625744233,-18.190349578857422,4.180755718692562,0.05762719323618445,40.76670265197754,22.576353073120117
CASE00304,44.07717323303223,26.667882919311523,17.409290313720703,3.7067642211914062,-7.155986785888672,28.437917232513428,92.86206436157227,0.5880708174419447,0.40858263471579004,276.0,120.50518661036959,0.6609394719446716,0.14345258770356564,0.11344449134649986,0.014906193780517987,1.9910252084574942,76.30254745483398,46.028133392333984,30.2744140625,13.518447875976562,-9.791374206542969,26.68526554107666,108.9227066040039,0.6678515981748508,0.321983033459771,186.75,70.417948706278,0.7578205937309647,0.2657172629375974,0.13460320810461449,0.03228117723105907,2.3188025416597666,98.0,74.0,24.0,7.0,-1.0,32.0,155.0,0.6831195003079172,0.31307712790826153,209.25,76.87774385347166,0.7626489752343919,0.4749914937037258,0.1693752638243091,0.055201202464112586,1.7252307752150817,,,,,,,,,,,,,,,,,12.865123748779297,31.957245496081047,0.33051677958105674,6.2744140625,23.519948684690796,0.17723968813298285,,,,,,,6.2744140625,
CASE00305,-19.688121795654297,-25.498068809509277,5.8099470138549805,2.153970718383789,-0.9692602157592773,20.55905246734619,40.57436680793762,0.6541012704263179,0.3496911013626754,1157.0,460.6272896822332,0.5993968425792258,0.2010945380403465,0.09787490493749583,0.06338195963365459,2.174510745502221,27.443763732910156,6.156627655029297,21.28713607788086,11.81666374206543,-2.534099578857422,35.237359046936035,92.19577407836914,0.8365634102685119,0.17393546294943243,539.25,150.10225681181478,0.7924174777261601,0.5499517115564438,0.006543169132311699,0.06581015128677918,2.0525132824936976,27.45098876953125,32.15687561035156,-4.7058868408203125,14.117645263671875,9.411773681640625,34.509796142578125,100.39215087890625,0.7893348307839174,0.20404469426262611,665.25,175.83568323864188,0.7193932281798154,0.15290362438205013,0.010675697005350666,0.0951037268859956,1.0742476062316495,27.45098876953125,32.15687561035156,-4.7058868408203125,14.117645263671875,9.411773681640625,34.509796142578125,100.39215087890625,0.7893348307839174,0.20404469426262611,665.25,175.83568323864188,0.7193932281798154,0.15290362438205013,0.010675697005350666,0.0951037268859956,1.0742476062316495,15.477189064025879,44.88914098462237,0.5319387334827721,25.993022918701172,1.4645498052609265,0.008044620187643382,25.993022918701172,1.4645498052609265,0.008044620187643382,0.0,0.0,0.0,25.993022918701172,25.993022918701172
CASE00307,-21.707237243652344,-52.43406295776367,30.726825714111328,15.805086135864258,6.473926544189453,32.85298776626587,116.11017227172852,0.6692924434891953,0.29529472317589683,1093.75,328.34918531953144,0.7154709073464744,0.30525471319670655,0.10024425335428444,0.04629075746636866,1.4415494771707866,-1.456663727760315,-23.756420135498047,22.299756407737732,7.436296582221985,14.455428123474121,37.85296821594238,88.64521312713623,0.687977004626388,0.30427313620155416,1236.25,259.5018063520946,0.7117186876884353,0.2985158443639803,0.08926958209253368,0.05828409777371607,1.3674677148437726,21.176483154296875,-2.352935791015625,23.5294189453125,15.686279296875,36.07844543457031,51.76470947265625,116.07843780517578,0.7052129478254754,0.28762590754211054,1273.0,248.82423515405407,0.761481243074513,0.4035798974983526,0.1125405694783497,0.04122231881068376,1.0885583750792331,26.94687271118164,7.544215679168701,19.40265703201294,10.580809593200684,32.483044147491455,46.64598202705383,114.15362167358398,0.7431991351160417,0.24333291105641952,959.0,247.34894380207083,0.7555995034600129,0.3498596068990374,0.13239870177667007,0.034630401791633104,1.1833016385886066,-8.427069306373596,22.24280658791013,0.10604158676261698,-1.229662537574768,21.002363338678524,0.09295862549673906,2.8970993757247925,27.479390456154693,0.1314234466925702,4.1267619132995605,6.506727896917958,0.014429435312344406,-1.229662537574768,2.8970993757247925
CASE00308,,,,,,,,,,,,,,,,,-17.558679580688477,-42.90013885498047,25.341459274291992,5.863128662109375,1.184518814086914,47.88596320152283,94.70102953910828,0.5437110773844981,0.3828243795289888,13005.0,6092.606626067368,0.6015803673527443,0.17277519927351268,0.12004318060994672,0.023156747463272852,1.954175414445925,11.76470947265625,-21.176467895507812,32.94117736816406,10.980392456054688,9.411758422851562,56.47059631347656,101.9607925415039,0.4472236989231134,0.5468804670543187,14471.75,6583.486590515698,0.5743596968469894,0.024945602416082072,0.12048800598886197,0.023963763237361057,1.3395342074782202,9.73509407043457,-15.576834201812744,25.311928272247314,5.013679027557373,14.481028318405151,47.998380184173584,103.67013788223267,0.4986503172572195,0.49469076607894974,11237.75,5692.4810660642515,0.5817079297413383,0.12081273332659156,0.13674583111824018,0.029070111688351243,3.3353069708168013,,,,-7.59971809387207,29.519188069910587,0.09911959460501739,0.029531002044677734,27.317051277379253,0.09093890555031421,7.629249095916748,5.5849954772909305,0.013311795530732771,-7.59971809387207,0.029531002044677734
CASE00310,-21.248729705810547,-21.47671604156494,0.22798633575439453,2.563004493713379,2.8080902099609375,20.868159294128418,39.98768508434296,0.500694009802049,0.4732053996093777,236.75,113.98766380622071,0.5388795515320755,0.07086044830028301,0.06575991256295721,0.021208585872955144,1.5083497016224507,-1.1260775327682495,-6.493295192718506,5.367217659950256,1.1296617984771729,-9.095874309539795,24.483349800109863,47.481804609298706,0.5755711043930308,0.42589500383495327,211.75,31.877695964420013,0.6273057076992246,0.2176428054937264,0.08968364806600905,0.05597131718976221,1.573869963420642,22.745101928710938,14.9019775390625,7.8431243896484375,3.1372528076171875,3.1372528076171875,21.960784912109375,61.176483154296875,0.5040111034007375,0.4917079279774948,246.5,111.57620714112844,0.5662742945898591,0.08689655172353865,0.11324306272383675,0.03095922374298998,2.0596658464317694,13.893951416015625,12.688176155090332,1.205775260925293,-2.401923179626465,9.708380937576294,21.320102095603943,54.789000511169434,0.5922688671722406,0.40399488329745115,226.75,83.61033129942734,0.5470914237826732,0.1995661605191644,0.11263586131512986,0.010054159671436696,2.490565454318531,5.139231324195862,21.156929605751454,0.23180623324129165,-2.475906729698181,23.096152556096598,0.2836977139160306,4.161442399024963,14.336099483078934,0.12325587549025992,6.6373491287231445,8.794703131841683,0.06367028681515861,-2.475906729698181,4.161442399024963
CASE00311,3.9895591735839844,-14.510148048400879,18.499707221984863,5.202572345733643,-3.2423250675201416,19.43066692352295,186.14410400390625,0.6638059718339115,0.31897575079825535,545.25,215.87539808880493,0.6548823858314181,0.06352201257851647,0.07706260364840459,0.05068117054636554,1.3785113971982441,36.41740798950195,1.088747501373291,35.32866048812866,15.289650917053223,3.788942337036133,32.85234832763672,167.05026626586914,0.750248170879493,0.23966080027081305,460.25,120.69667559630629,0.7863064581453818,0.4852201257854006,0.15674233001654314,0.05964633781374574,1.4081244424247685,71.37255859375,30.588241577148438,40.78431701660156,12.549041748046875,7.8431396484375,43.92156982421875,197.64706420898438,0.7467564469286437,0.20060129924643136,457.25,153.8690595928889,0.7688346112332087,0.35092765712591556,0.14557421227193576,0.06506794356324996,1.7414013768743144,,,,,,,,,,,,,,,,,16.8289532661438,32.2996224627834,0.39201578427384903,-5.4556565284729,32.40169912544477,0.2318540413958632,,,,,,,-5.4556565284729,
CASE00312,,,,,,,,,,,,,,,,,-3.497702121734619,-28.83639430999756,25.33869218826294,10.122742176055908,-3.241276979446411,34.94661235809326,66.64727586507797,0.5820869234383266,0.4048152894828041,25263.0,9397.353563636945,0.6947331538429841,0.2514576321065197,0.09104284911845147,0.013062916556961434,4.831887077940909,55.686279296875,-18.039215087890625,73.72549438476562,36.07843017578125,1.5686187744140625,56.4705810546875,161.56863403320312,0.5380303962739169,0.4558898276619359,28962.75,11184.622666299476,0.6653567182837384,0.16377191580528944,0.10306298677889437,0.011198186896298878,5.133907703272464,49.34162521362305,-20.96875,70.31037521362305,32.03763008117676,4.132501602172852,51.29005813598633,169.272873878479,0.5414880992388171,0.44914076406729775,25852.25,11314.187539876648,0.6354420137996836,0.04824900218874504,0.09374240226695198,0.01097567901043355,5.179548246883694,,,,-48.386802196502686,58.62004323077963,0.3909513344164524,-44.97168302536011,52.420900483379796,0.36025128635908205,3.415119171142578,6.44175643115709,0.01201048356770739,-48.386802196502686,-44.97168302536011
CASE00313,1.3688294887542725,-42.755611419677734,44.12444090843201,8.7175452709198,-7.337710618972778,28.848812103271484,208.94061183929443,0.816832076587786,0.09323614960834584,1104.25,360.7439361929733,0.7925156957459996,0.3856012427785885,0.09241718986792428,0.05094026859236675,1.2505295198111634,20.51508903503418,7.474363803863525,13.040725231170654,4.477930068969727,5.259542465209961,33.79403471946716,236.43648147583008,0.7733450732831714,0.21337734369616798,1467.25,269.32543047398997,0.8258680795444173,0.6350308267388538,0.03834704481488981,0.07688645734918041,1.911852298595333,22.745101928710938,-3.92156982421875,26.666671752929688,3.1372528076171875,6.274505615234375,36.07843017578125,254.11766052246094,0.7423877151939274,0.22143453356039422,1578.75,430.9387282433548,0.7541459577209222,0.2338829276802609,0.06136339034422205,0.043157388487293176,2.0536964215955362,18.694393157958984,-46.088539123535156,64.78293228149414,15.115686893463135,13.855775833129883,37.27411699295044,250.22089767456055,0.9349387649780572,0.030551554080371725,1093.5,236.1837208615361,0.8381471207268041,0.5366279916498196,0.07229649274733813,0.053735562732990724,1.7859859737251444,-31.083715677261353,31.866910461665466,0.13677020992544994,-13.625946521759033,2.0018859535051328,0.005410505598075894,-51.742207050323486,37.39607812909783,0.028192441763004963,-38.11626052856445,37.862573452204835,0.025912774058088853,-13.625946521759033,-51.742207050323486
CASE00314,32.71413040161133,31.764995574951172,0.9491348266601562,1.4658756256103516,1.5116500854492188,15.572441101074219,62.6679425239563,0.6090808099968298,0.26447008546433837,458.5,214.37175653523016,0.47719275078125545,0.0891472868213215,0.07145790554405003,0.008540081051693479,1.8931538059049542,51.79783248901367,45.425662994384766,6.372169494628906,2.3129024505615234,-2.117938995361328,20.058712005615234,65.25014746189117,0.5582937954155984,0.32074099135871625,365.25,116.49114773234918,0.5428432248216961,0.10938845822519644,0.0991101984940464,0.01611149550261617,1.9101981849578962,55.0,64.0,-9.0,-1.0,8.0,14.0,74.0,0.5157224554741893,0.3338077092795527,376.0,134.00932803353652,0.5628222968416406,0.08055898068195413,0.059411362080685266,0.010002965305918751,2.1900092408092147,55.80849075317383,57.620656967163086,-1.8121662139892578,0.9001655578613281,12.780065536499023,19.36422348022461,60.34836959838867,0.4894124392867196,0.44088647947136383,429.75,139.10495138563545,0.480949055596679,0.04306632213590411,0.09514031485271028,0.0015024216665016305,2.252138757281778,5.42303466796875,20.23481538435407,0.3039393872951655,15.372169494628906,4.796027712577704,0.03562359677061132,8.184335708618164,4.929568322286879,0.013511333380626453,-7.187833786010742,2.684965989961313,0.028564080103086927,15.372169494628906,8.184335708618164
CASE00315,-16.239944458007812,-12.86426830291748,-3.375676155090332,0.30547332763671875,-5.13262939453125,30.380430340766907,45.70419669151306,0.6852093367337785,0.2869676019079005,1012.5,434.62541343092215,0.6412757726469006,0.02787385554422393,0.06793790246093097,0.03126398022275182,1.5581673681710566,23.629657745361328,29.612802505493164,-5.983144760131836,-0.8687496185302734,0.7113409042358398,42.05668330192566,62.075149059295654,0.8205966871445268,0.14909721003900114,726.5,150.54982563922152,0.7592261055342684,0.556154628687125,0.09418209953575424,0.055137352052069,2.335450328150315,55.686279296875,72.94119262695312,-17.254913330078125,0.0,9.411773681640625,51.76470947265625,94.11764526367188,0.817835125486198,0.14995453825646146,667.75,137.75226858386034,0.7758024500151438,0.49187506081493443,0.06476813258123287,0.035385964050300735,3.8278114457316588,63.34105682373047,69.32183837890625,-5.980781555175781,0.6838951110839844,9.835897445678711,49.71107482910156,78.28951358795166,0.8275190222849832,0.14893273839898588,635.0,204.49694374244325,0.728830621905901,0.4435401831124684,0.0861204013377819,0.02760229320906972,3.852099849917618,-2.607468605041504,43.13337892470693,0.32984475229085264,11.271768569946289,30.349001511837436,0.143454551604801,-0.0023632049560546875,36.15799581480428,0.20518114962564363,-11.274131774902344,6.757060630162919,0.011347826648087428,11.271768569946289,-0.0023632049560546875
CASE00316,-11.816025257110596,-15.821296691894531,4.0052714347839355,-0.4324970245361328,4.950048446655273,27.638113498687744,61.68458557128906,0.5252404007469845,0.45786387073461937,1970.0,732.1451358849555,0.508926411442591,0.014152227161376981,0.09278524142039762,0.01254600927242884,2.5076069224302353,23.078919410705566,21.921274185180664,1.1576452255249023,-2.8833560943603516,7.454154968261719,33.14481818675995,71.44128799438477,0.7614077841924497,0.19495295719748268,944.5,303.28987783966676,0.663478257582405,0.12537421754501915,0.0740779126559388,0.04379702717668527,1.8177501548652966,50.98040771484375,58.82354736328125,-7.8431396484375,-9.411773681640625,18.823532104492188,40.7843017578125,111.37255859375,0.7850431133328608,0.19087690001875615,979.25,340.99734236501024,0.6634119520174978,0.08088480801328807,0.08771975281450885,0.02872390093484249,2.204592821984015,,,,,,,,,,,,,,,,,-2.847626209259033,35.27670957644222,0.3147037093443567,9.000784873962402,25.072749951502498,0.16986490114091474,,,,,,,9.000784873962402,
CASE00317,-4.42413330078125,-3.2131612300872803,-1.2109720706939697,0.2814720869064331,4.629146575927734,18.336541652679443,23.473708271980286,0.6534639059510463,0.3369672941052806,352.0,153.78231367748373,0.5829271061459448,0.1436119116230941,0.09174338486477572,0.011275468817101146,1.2210809301837442,17.233963012695312,12.891949653625488,4.342013359069824,3.8677420616149902,2.5848989486694336,23.37839412689209,27.15386325120926,0.6676595133941322,0.3254810709121093,385.5,135.71016911049813,0.6775670846994537,0.212776176752611,0.09478316252675156,0.04042563343989882,2.148264701731095,46.27452087402344,47.8431396484375,-1.5686187744140625,3.1372528076171875,3.1372528076171875,31.372543334960938,42.35295104980469,0.7201660061928549,0.2734228636110448,361.5,132.7488229702998,0.7423142112086832,0.33109168347829837,0.07142029992470865,0.03609772391086338,2.541025715845037,47.20277786254883,40.707115173339844,6.495662689208984,3.752298355102539,0.16128921508789062,26.102123260498047,29.042428493499756,0.6846941892125957,0.31337764935198387,428.5,156.394533152537,0.6730709200678905,0.12055715657992182,0.1170169648543463,0.009548122345755139,2.2831801841880837,5.552985429763794,21.691644610456628,0.28878035139849284,5.910632133483887,28.686424706294677,0.30504046712131827,-2.15364933013916,28.873175193268022,0.33848131836036055,-8.064281463623047,3.505624549848368,0.0312713506817625,5.910632133483887,-2.15364933013916
CASE00318,43.479021072387695,37.5474853515625,5.931535720825195,1.4875946044921875,-3.3438873291015625,14.153014183044434,32.97625541687012,0.3802095791349938,0.6143172977494699,404.75,141.30176042781633,0.4669061636559791,0.020345252774227218,0.09975570032552981,0.0032175932402553884,3.1690999397851978,88.65021514892578,53.09589767456055,35.554317474365234,13.2158203125,-11.809638977050781,32.43134117126465,45.897300720214844,0.5962747169351474,0.37897606204315926,241.0,42.87773314903669,0.7829943477757528,0.7102342786639321,0.2306596091200516,0.027027783218145262,2.016549790650859,98.0,91.0,7.0,1.0,1.0,19.0,80.0,0.48407694861607553,0.502427551593216,352.25,100.14832749477148,0.547699059948124,0.16797583081469503,0.14698697068373984,0.014017514898851734,1.5410364649695731,75.5843391418457,72.5300064086914,3.054332733154297,-1.6523094177246094,8.048553466796875,17.209684371948242,47.4035530090332,0.45119259848521737,0.5292399673294216,402.25,91.6879899441579,0.4757135765624407,0.06535141800206319,0.18098534201917552,0.008085951708120064,2.837032027937305,29.62278175354004,45.8646816828322,0.6946044548368857,28.554317474365234,11.137612993190572,0.11378073326364184,32.49998474121094,14.53381216918437,0.15791174146296214,3.945667266845703,22.913782086080754,0.3783357126260602,28.554317474365234,32.49998474121094
CASE00319,,,,,,,,,,,,,,,,,-19.73647403717041,-42.46852111816406,22.732047080993652,7.676022529602051,-26.03096842765808,62.33379501104355,1022.7049899697304,0.9607949031612065,0.024152114988288727,1973.5,1002.9393052423461,0.7562244817024615,0.32905440353584,0.0679834692170267,0.00956515511031097,1.538553025831041,40.00001525878906,25.882369995117188,14.117645263671875,20.39215087890625,31.372543334960938,53.333343505859375,100.39215087890625,0.6429225901016468,0.3610358843586547,2745.0,617.3248739521193,0.7431345578414256,0.32350770366255027,0.042900128600496565,0.047012506324784445,2.5478060879344486,34.64070129394531,26.79566192626953,7.845039367675781,5.956960678100586,16.98962688446045,50.07879161834717,125.82854843139648,0.780409753937627,0.18124866694727654,2458.5,720.5534331331716,0.7131125527840294,0.20336671838989825,0.05130286042474982,0.04811226812007624,2.4508986987008403,,,,8.614401817321777,191.5855330112699,0.36722944184677697,14.887007713317871,181.14333176571438,0.3108667838899273,6.272605895996094,10.448135162791774,0.016411541936020634,8.614401817321777,14.887007713317871
CASE00320,-25.937257766723633,-139.63223266601562,113.69497489929199,18.218847274780273,-8.428805351257324,26.94096279144287,154.8105411529541,0.8243689981258246,0.10548999383201942,1714.75,888.1808304056105,0.6332213786014719,0.08689830150110163,0.09102079999998836,0.08054322911659285,2.0489892724684045,-8.865077018737793,-129.4345703125,120.5694932937622,41.73774719238281,-11.35943603515625,33.07076454162598,158.75523948669434,0.8416707462642538,0.08211309661436177,1380.25,475.4668100929864,0.7398242718519904,0.31411656917308184,0.13057279999998328,0.0860559724337513,1.768994435836225,22.745101928710938,-105.88235473632812,128.62745666503906,40.784332275390625,-4.7058868408203125,37.647064208984375,166.27450561523438,0.7156022542878331,0.19214192330219165,1722.75,424.9561006739402,0.7361688141152691,0.3729464341912425,0.14839039999998102,0.07212358260007003,1.7616306415706007,16.69090461730957,-111.00167083740234,127.69257545471191,34.30600166320801,-7.316162109375,29.82550749182701,163.0163335800171,0.7188063905902206,0.16103454758532948,1714.75,638.5254008259969,0.6558216618415422,0.25921488476970944,0.12518399999998397,0.08321990760652109,1.9370031907588976,6.874518394470215,15.795825334012676,0.1331789280116728,-8.057963371276855,40.22189897672691,0.24741607491303969,-7.123082160949707,33.28865975554829,0.1917945185166425,0.9348812103271484,6.93451365012875,0.024411107081729232,-8.057963371276855,-7.123082160949707
CASE00321,-57.007455825805664,-61.67890930175781,4.671453475952148,5.632396697998047,-4.771259307861328,28.431836128234863,102.1988639831543,0.6093249617929547,0.360472666624853,345.25,81.41061048782278,0.699737329348689,0.3205479452040158,0.04885401427492625,0.013890597869925084,2.314925388100091,-56.36828422546387,-42.832035064697266,-13.536249160766602,-7.090099334716797,14.05224609375,31.289783477783203,34.5865421295166,0.6338106292248795,0.35843576286297024,340.0,68.16524040887701,0.733136754883232,0.6881278538781365,0.08830961564033855,0.023830031581967937,1.70646432622693,-41.56861877441406,-19.60784912109375,-21.960769653320312,-17.254913330078125,25.098037719726562,40.78431701660156,58.03923034667969,0.6614434558584034,0.32665694324258915,298.25,63.361561691612366,0.6828195040454703,0.2987931751964262,0.08658066232207892,0.016132780990661025,2.0838907910516102,,,,,,,,,,,,,,,,,-18.20770263671875,2.9415955319946137,0.009401952126612892,8.424520492553711,14.235945932044737,0.07036088761885619,,,,,,,8.424520492553711,
CASE00322,47.036766052246094,40.26127052307129,6.775495529174805,4.5641937255859375,1.7108039855957031,26.901765823364258,54.05964815616608,0.5852782182820374,0.3823635019786312,401.25,165.70813951040546,0.5947162952703927,0.17479925880118963,0.06225115338427463,0.03900041053063306,1.6591269180759918,78.44733428955078,52.40164756774902,26.045686721801758,14.638675689697266,-3.7714691162109375,33.25479793548584,56.98417091369629,0.5596523414876182,0.4469236696774812,462.0,121.7476899164826,0.6226340640681669,0.2050648548480387,0.10794413195973712,0.0014421204433729363,1.4568250696351412,98.0,75.0,23.0,5.0,-12.0,36.0,116.0,0.777753956175191,0.08516091455385272,368.75,180.06995168544918,0.6701769073530441,0.11872812135321258,0.10257220501794692,0.002694765208054538,2.0343381565446745,88.02629852294922,89.10189437866211,-1.0755958557128906,-7.2581329345703125,1.1781082153320312,26.233362197875977,76.61424350738525,0.5443019582068016,0.4471343969241065,435.25,173.00343204688167,0.584454663112867,0.1016059295858505,0.0789989256145617,0.001578963989094456,4.593083606376377,19.270191192626953,33.157578254913986,0.2918502577857037,3.045686721801758,34.8753234835269,0.14645171640580126,27.12128257751465,9.637804682830108,0.04487606996339839,24.07559585571289,30.332227145608105,0.09784133504425609,3.045686721801758,27.12128257751465
CASE00323,-7.6480560302734375,-21.139699935913086,13.491643905639648,-1.4829528331756592,9.416807174682617,25.947248458862305,100.57121849060059,0.6440058186561634,0.29934098348154814,1301.75,429.9914970089525,0.6001372433347203,0.11382988258482223,0.07536722588527846,0.07642879632037682,1.4411433258838295,42.77925109863281,32.32325744628906,10.45599365234375,3.7801895141601562,40.8924298286438,47.52217769622803,95.64777946472168,0.8221823131584655,0.1660579207765395,751.75,95.44992142479741,0.7921025637638672,0.5040781572102679,0.10144853746084603,0.06221133180928222,1.626327860773841,74.50982666015625,65.09805297851562,9.411773681640625,-6.274505615234375,43.92155456542969,53.33332824707031,147.45098876953125,0.8016862802147902,0.18023942910044918,1057.0,155.55224202820094,0.7657475392914064,0.5137198959465354,0.12432219139022374,0.06149128690914398,2.018593280608925,68.6867446899414,44.45273208618164,24.234012603759766,2.8019332885742188,17.982450485229492,36.45726776123047,117.85064315795898,0.7392161860757357,0.24504929996575,1177.0,264.288667937163,0.7397621920592677,0.4545128618800264,0.12423308978894068,0.057696677663548544,1.7504413472102962,-3.0356502532958984,51.967987547720384,0.4608793945001366,1.044219970703125,28.9462132610153,0.10920457907953315,-13.778018951416016,23.82350826231046,0.11301670488133099,-14.82223892211914,9.820992439106387,0.04926519973251094,1.044219970703125,-13.778018951416016
CASE00324,,,,,,,,,,,,,,,,,41.301984786987305,27.62323760986328,13.678747177124023,3.6322765350341797,13.327409744262695,33.21467447280884,180.10650444030762,0.5468142653880099,0.44791007507235336,4028.0,924.153666875807,0.6800976871544265,0.2364219221995449,0.08868001063039897,0.015026072385319675,1.2385983895971113,50.0,49.0,1.0,-1.0,26.0,38.0,224.0,0.670058281853685,0.3202591123906891,2950.25,465.62558724795184,0.8083125777843538,0.5527414586569892,0.052956233477395975,0.04568179563218518,1.617930350055296,52.70263862609863,54.910369873046875,-2.207731246948242,-6.067024230957031,29.80340576171875,35.97593688964844,231.13405990600586,0.6783959498975554,0.3090702766913565,2862.5,631.7691429628389,0.7574697408707837,0.4426360890202692,0.07930846376567226,0.013408261583745454,1.401334105121949,,,,12.678747177124023,9.40011067671824,0.024574472332920552,15.886478424072266,11.066790969557523,0.03025146890497443,3.207731246948242,1.9967173524911817,0.006886188497915449,12.678747177124023,15.886478424072266
CASE00325,37.37031936645508,34.63991165161133,2.73040771484375,-0.45549774169921875,-0.3712806701660156,26.00368309020996,44.90113055706024,0.5237994828336004,0.46717014221390724,625.25,343.86797975385844,0.5077949508912925,0.015072463768086818,0.09806557945866669,0.0047205155102648935,1.8393494366695138,64.14073944091797,51.27881622314453,12.861923217773438,2.7687721252441406,-5.692050933837891,33.861820220947266,47.9168119430542,0.5049898403499994,0.4815065056447504,801.25,299.7652206310799,0.6125155345971541,0.22183574879184187,0.09867279666893708,0.0400344672561037,1.8414697063422418,121.0,106.0,15.0,3.0,7.0,42.0,65.0,0.6228292078890512,0.3670138782283426,556.75,192.434891586739,0.6762490709957275,0.2692164179099455,0.1314625260235377,0.038430990558966094,1.8159007748674378,116.7020263671875,98.44696426391602,18.255062103271484,4.504947662353516,-3.2521514892578125,33.34559631347656,55.70670413970947,0.5564164021852851,0.44124004851094906,622.0,309.35659036134984,0.5921223215547337,0.05294685990327933,0.12365544760577565,0.031964633598079426,1.7256527196532436,10.131515502929688,27.43627612635394,0.22926058142175484,-2.1380767822265625,56.46555724443947,0.47091809445822325,-5.393138885498047,51.686464104367396,0.4905271123742609,-3.2550621032714844,6.376846995186409,0.021026411466774184,-2.1380767822265625,-5.393138885498047
CASE00326,38.94056510925293,28.30135726928711,10.63920783996582,4.881078720092773,8.061384201049805,18.90312957763672,39.54342710971832,0.4665952771757856,0.5326683883452322,2184.75,1047.4214469352821,0.5383934243202657,0.01873303167419119,0.11234802431606673,0.010961791477592369,2.5362770524062546,75.78533935546875,36.70315361022949,39.08218574523926,14.953716278076172,22.67974853515625,42.4547061920166,83.37540292739868,0.8111308988742735,0.1876550758938878,464.0,62.82913336979908,0.7164421739642679,0.36488687782772405,0.24004559270507597,0.03356335418736181,1.848537719111045,109.0,90.0,19.0,2.0,52.0,46.0,105.0,0.8076603230719412,0.19648436467370017,963.75,253.13274679503638,0.7042863355989196,0.16782329045348016,0.15349544072942495,0.055762156646882916,1.4809992302820847,,,,,,,,,,,,,,,,,28.442977905273438,40.04325662338129,0.42957386574842216,20.082185745239258,26.23149896574866,0.13200665946807688,,,,,,,20.082185745239258,
CASE00327,,,,,,,,,,,,,,,,,27.844064712524414,-39.02507781982422,66.86914253234863,34.60905170440674,-12.583974838256836,33.42547035217285,178.17553615570068,0.7294852235492468,0.1838593533978753,1130.75,214.44623452045036,0.7468709211898503,0.33429460423439755,0.05469436578458468,0.05925023279340455,2.3265529217961123,68.23529052734375,-21.176467895507812,89.41175842285156,48.62744140625,-6.274505615234375,47.058807373046875,222.74508666992188,0.7667271194197544,0.14685723497095016,1166.25,166.2157859530797,0.8480684503537643,0.7015355086367181,0.05665950590761929,0.07800016094358747,1.9587661389665636,54.69848823547363,-32.71379470825195,87.41228294372559,37.27481031417847,1.2839126586914062,34.8378210067749,202.80624198913574,0.7649079465955599,0.1406915598645303,1185.5,151.8757716029782,0.7774022523698471,0.4047203460572173,0.0772019334049315,0.049306218170530096,1.7279806208505444,,,,-22.54261589050293,38.26171287143787,0.2968873288761681,-20.543140411376953,24.64282398271598,0.1727969627354199,1.9994754791259766,13.748594572252008,0.0731088590320961,-22.54261589050293,-20.543140411376953
CASE00328,,,,,,,,,,,,,,,,,66.28937530517578,42.99824142456055,23.291133880615234,13.073938369750977,-5.351043701171875,21.357738494873047,161.77125930786133,0.6861315435159169,0.285548175576801,37.0,4.636809247747852,0.8193351763980983,0.7475961538281828,0.06449948400396156,0.04339407021775017,1.3634422242432007,101.0,96.0,5.0,-1.0,2.0,24.0,219.0,0.7527700583364652,0.2212301164643196,43.25,8.37779804005802,0.7570537417184356,0.3534303534230056,0.07507739938061125,0.051171354199717106,1.9196794890433941,75.06085205078125,69.83305358886719,5.2277984619140625,-2.3653831481933594,2.7530059814453125,17.380199432373047,170.60693740844727,0.6582225995143233,0.3030169626256905,62.0,8.276472678623424,0.6658623556076145,0.6081730769084573,0.09752321981398988,0.024982540791052953,1.7912566783518324,,,,18.291133880615234,35.20208560720391,0.5588220566978437,18.063335418701172,9.038752435547638,0.08035654598624184,-0.2277984619140625,26.23632693560402,0.4242338982748198,18.291133880615234,18.063335418701172
CASE00329,37.20458221435547,34.348445892333984,2.8561363220214844,-2.1388988494873047,-3.7542800903320312,33.09343433380127,61.01591682434082,0.5629314581653106,0.4153275626731004,1643.25,629.6853877135787,0.35207604545086074,0.018071438655911237,0.08694360548594174,0.000633565280622599,1.1994491397155773,42.29672622680664,44.24374008178711,-1.9470138549804688,-2.5125961303710938,2.2121238708496094,35.108922481536865,61.34410095214844,0.7084951026268805,0.26836499956211946,1382.75,275.7991796579533,0.4816603556135456,0.42072568120793347,0.0864484824478669,0.011260182941974374,1.5618896366464903,52.0,68.0,-16.0,-9.0,22.0,45.0,82.0,0.5142178656816683,0.4580853744196909,1834.0,227.17944449267412,0.29876970030445427,0.07288158426502374,0.09808387384262562,0.003999380833930156,1.8408896026249075,47.71489143371582,55.53706359863281,-7.822172164916992,-5.221794128417969,10.176513671875,26.73273468017578,49.6466178894043,0.8201482843971255,0.150059203322838,594.5,135.72306362589964,0.4521033784753715,0.14315967810229682,0.11239292964298847,0.0054213029126001944,1.4390633374321375,-4.803150177001953,6.288872342137079,0.010149470028401131,14.052986145019531,11.798011759669718,0.03634568732287374,5.875158309936523,7.6689144446647015,0.029551754225964802,-8.177827835083008,10.656342315126247,0.0847012879178901,14.052986145019531,5.875158309936523
CASE00330,-25.407243728637695,-35.59909439086914,10.191850662231445,3.3315181732177734,-2.758390426635742,19.062883377075195,42.158345222473145,0.5482039184020695,0.4242788818013953,491.0,171.16804608337387,0.5598086124394202,0.18218623481714322,0.08536506289713222,0.05734446582718079,2.081896113644389,7.894717693328857,-16.495485305786133,24.39020299911499,13.12506115436554,13.2446448802948,26.692505836486816,42.917056620121,0.701819872882606,0.29097470870562386,268.0,66.19289992136619,0.6616902833998586,0.20647773279276233,0.2151471923225862,0.03541284681708487,2.023518210960051,44.70588684082031,16.470596313476562,28.23529052734375,14.117645263671875,25.098037719726562,42.352935791015625,62.74510192871094,0.7749029261665384,0.1816858304191008,213.75,84.42267171796922,0.709280586082309,0.35142756432727734,0.20691220334580246,0.062026780618143235,1.4931386203531336,36.41972351074219,24.163732528686523,12.255990982055664,3.2375736236572266,15.01578426361084,37.07433891296387,79.29647922515869,0.8030856134749033,0.13868540322743236,199.25,70.96257816624195,0.7280625076665894,0.40449024659402105,0.09606406432366228,0.026179544295100683,1.4124172657436913,14.198352336883545,32.77227050680861,0.45446926160054296,-3.8450875282287598,34.25562571550037,0.33538734507519297,12.134212017059326,26.587695733435556,0.25804869425858973,15.979299545288086,9.3845204183755,0.031936897868688835,-3.8450875282287598,12.134212017059326
CASE00331,,,,,,,,,,,,,,,,,110.50875854492188,67.01046752929688,43.498291015625,18.840576171875,-33.25503921508789,55.96836853027344,48.10761260986328,0.857516311361635,0.13265244564250855,230.5,36.47259244967377,0.9032393237133574,0.7386969829464463,0.12166924531543728,0.038040708798445344,2.427044215985932,129.0,110.0,19.0,7.0,12.0,37.0,69.0,0.7418707695306156,0.24681150146628994,546.5,203.80198723270584,0.7079013638811027,0.2287034615047269,0.141711076729107,0.02827213552933869,1.4007230751516342,110.20051574707031,106.516845703125,3.6836700439453125,-0.9939384460449219,23.76512908935547,35.343475341796875,50.43739128112793,0.76067311922707,0.24009839470692315,586.25,215.48361306605196,0.6635767380846149,0.07809357236547608,0.1367256890722399,0.010157970136625175,1.2444160294206676,,,,24.498291015625,17.63412361841467,0.08487563383402166,39.81462097167969,11.08384274828401,0.05518236423965631,15.316329956054688,19.70489784942382,0.09205393248966334,24.498291015625,39.81462097167969
CASE00333,-21.16541290283203,-21.781100273132324,0.615687370300293,-0.780609130859375,0.5591812133789062,16.855834007263184,33.603039264678955,0.8833116090682163,0.07899904774695189,351.75,101.77518115925906,0.6808313978281995,0.3747747747730866,0.0814453351922538,0.051195226552298995,1.983651492071468,-4.038403511047363,-3.388461112976074,-0.6499423980712891,1.3664909601211548,15.512078404426575,26.309879302978516,45.33201837539673,0.7293795028583188,0.13018449274782296,200.0,49.67393682807917,0.6726983857053747,0.2612612612600844,0.07505518763794003,0.03859034122692235,2.321634542097268,16.470596313476562,41.568634033203125,-25.098037719726562,-20.39215087890625,20.39215087890625,32.941192626953125,58.039215087890625,0.798605768617698,0.19438301166817787,208.0,32.8252951243397,0.7417914685282501,0.4370941558423819,0.06091940668445803,0.05088196904717129,1.2463133686696166,16.470596313476562,41.568634033203125,-25.098037719726562,-20.39215087890625,20.39215087890625,32.941192626953125,58.039215087890625,0.798605768617698,0.19438301166817787,208.0,32.8252951243397,0.7417914685282501,0.4370941558423819,0.06091940668445803,0.05088196904717129,1.2463133686696166,-1.265629768371582,70.57746573345828,0.2324715499509974,24.448095321655273,37.822802125701564,0.1558197008686493,24.448095321655273,37.822802125701564,0.1558197008686493,0.0,0.0,0.0,24.448095321655273,24.448095321655273
CASE00334,,,,,,,,,,,,,,,,,72.37547302246094,47.57135009765625,24.804122924804688,11.816091537475586,2.8710365295410156,30.2700252532959,60.82747411727905,0.7687025215491221,0.20934802735676852,170.0,30.240701050074883,0.8189819511612723,0.48713235293968404,0.11993000717869709,0.05048472532231399,1.3793450883967204,92.0,79.0,13.0,6.0,6.0,29.0,57.0,0.6889041428092294,0.29642997935347765,240.25,67.73616094819664,0.7447539489963554,0.4623399821361645,0.0959709260588227,0.026151847286535884,3.8593139876948968,72.5094223022461,73.1065902709961,-0.59716796875,-4.831172943115234,8.798141479492188,23.3713436126709,71.58669853210449,0.7725449221052426,0.21314862291623998,127.25,61.75101213745407,0.7004791282296854,0.19669117646998563,0.07950466618804759,0.04101009427990532,1.3898560404360625,,,,11.804122924804688,19.5358342906227,0.12761963072160462,25.401290893554688,4.892789941488,0.022565376814041745,13.59716796875,19.02083211066719,0.16604640960079525,11.804122924804688,25.401290893554688
CASE00336,,,,,,,,,,,,,,,,,80.90538024902344,64.26235961914062,16.643020629882812,10.129486083984375,18.67764663696289,29.574504852294922,31.55556869506836,0.5663141651915475,0.4351816075956317,712.0,228.3429438366774,0.5423692083797567,0.17177459218939256,0.2232519538002467,0.010971854340287813,3.1586264570550155,101.0,111.0,-10.0,-7.0,35.0,37.0,39.0,0.5921949622011006,0.3927818100472615,779.25,197.73008749302673,0.6172850139259882,0.23920510304161138,0.19987551006279833,0.009647479380665241,1.3683661230446729,,,,,,,,,,,,,,,,,,,,26.643020629882812,20.851729301317338,0.12728326766953427,,,,,,,26.643020629882812,
CASE00337,,,,,,,,,,,,,,,,,143.76368713378906,63.549468994140625,80.21421813964844,52.43574142456055,5.456871032714844,32.322017669677734,132.55905294418335,0.7553767798969705,0.2175691080917354,118.0,48.25453346577915,0.7269612777179012,0.14087837837790243,0.10507657402140516,0.05974792277123194,1.9115936571531684,123.0,71.0,52.0,24.0,14.0,23.0,152.0,0.6545712959168596,0.21156410461298553,232.5,76.38880808076534,0.6343787186349195,0.1836290071578474,0.09671015314790597,0.0626379801709825,1.3711082098954719,,,,,,,,,,,,,,,,,,,,28.214218139648438,20.22217943888929,0.16838449695728913,,,,,,,28.214218139648438,
CASE00338,48.0137939453125,50.991336822509766,-2.9775428771972656,-2.046478271484375,1.9543609619140625,12.440674781799316,14.826850891113281,0.6173430740871805,0.3599424510295397,20.75,5.448623679425842,0.4696428571254299,0.1809523809351474,0.06522659889849544,0.009569377990426807,2.641997635340921,88.26644515991211,58.62010955810547,29.64633560180664,15.175655364990234,-6.537956237792969,33.357452392578125,24.65780258178711,0.6235507468963446,0.36052418823716265,19.25,4.322904116447646,0.6081349206122182,0.1809523809351474,0.3113087674700919,0.031220095693767456,1.4883989819194792,100.0,106.0,-6.0,-9.0,6.0,23.0,22.0,0.6973263208580774,0.294059955820934,17.75,5.0682837331783235,0.8461291251978795,0.8301886791669634,0.1613722998722517,0.020334928229656962,1.440176678479146,73.65042877197266,81.49049377441406,-7.840065002441406,-8.1431884765625,-0.7783317565917969,17.767982482910156,20.211181640625,0.5908458693306033,0.3958002312261246,27.75,4.866980583482946,0.5236111110889093,0.3238095237786848,0.07750952985990042,0.012440191387554847,1.6090351879349358,32.623878479003906,39.527489950997484,0.6275394691404816,35.64633560180664,14.236419844854446,0.12424516757817501,37.48640060424805,14.69978276388986,0.1796125238312246,1.8400650024414062,27.9407040932065,0.4154784807472763,35.64633560180664,37.48640060424805
CASE00339,,,,,,,,,,,,,,,,,12.378829002380371,8.095162868499756,4.283666133880615,7.806740403175354,-1.7446141242980957,35.469611167907715,93.14342308044434,0.8256971952556884,0.11371787148681685,383.0,111.81010687768794,0.7222928379159073,0.3266988910994407,0.03903635089903498,0.07156594955582339,1.606364987904091,35.29412841796875,32.15687561035156,3.1372528076171875,1.568634033203125,1.568634033203125,26.666656494140625,161.56861877441406,0.608176481808318,0.3074272165627626,588.75,166.6648958239257,0.5272092038028839,0.08468374281211531,0.030882696349336252,0.059944744458782,1.680980846739282,36.184261322021484,26.891772270202637,9.292489051818848,-1.5420303344726562,3.993734359741211,26.04163360595703,212.24833393096924,0.6289620394172075,0.2712853950673354,555.0,98.27512401416749,0.5853367543855345,0.20983793005342669,0.022534443839024185,0.020445176730024044,2.4338640093995783,,,,1.1464133262634277,35.70611812203626,0.18114173506164585,-5.008822917938232,37.58538709435724,0.21266966934746856,-6.15523624420166,2.242334520863132,0.011045880175649682,1.1464133262634277,-5.008822917938232
CASE00341,35.30927276611328,35.23128890991211,0.07798385620117188,-4.279256820678711,4.707324028015137,16.58188772201538,687.0018119812012,0.3639517156552809,0.6134239113587605,51.75,14.635146053251399,0.286384976518231,0.1338028168919857,0.08543531326246773,0.004404156155127035,1.8390201452705777,85.74927139282227,49.49747085571289,36.251800537109375,24.42318344116211,-0.9409141540527344,22.938501358032227,549.3653869628906,0.5692533194504855,0.36777057929827134,15.25,3.5619517121937516,0.6515551643015184,0.2112676056189248,0.2270138323831285,0.027707700859439983,1.7190453983368226,100.0,76.0,24.0,16.0,2.0,20.0,840.0,0.5061256145668811,0.4352605919620382,24.25,8.898735865278843,0.4802311168001266,0.2112676056189248,0.1346623270946515,0.04468294351560923,1.6162575955967151,,,,,,,,,,,,,,,,,36.1738166809082,50.326065566904944,0.8266237851125817,12.251800537109375,13.997480427379337,0.13692347737217542,,,,,,,12.251800537109375,
CASE00342,42.284263610839844,37.41461753845215,4.869646072387695,-1.9497623443603516,-2.6554107666015625,22.748727798461914,81.19165849685669,0.526884597422593,0.44633621717475497,1620.0,648.5229371425501,0.5869458522712271,0.025484114343175886,0.09574733273504445,0.037068892186420184,1.3461916121296018,69.88795471191406,50.02175712585449,19.86619758605957,6.876058578491211,-3.5176620483398438,38.368927001953125,68.07836258411407,0.6596361447520461,0.3386505264238242,1210.75,139.1516708487541,0.6995976405402398,0.22256685388530256,0.10973177784422432,0.04702607676530689,1.626466720781442,123.0,113.0,10.0,3.0,5.0,39.0,67.0,0.6856955791253468,0.2994232193379828,1223.25,441.45745831280277,0.6550239323827285,0.15906148867301045,0.09893807956922453,0.051416311446742934,1.5848891618883552,92.79593658447266,99.47716903686523,-6.681232452392578,-1.8685646057128906,12.444015502929688,30.477638244628906,46.570539474487305,0.6502806497296264,0.34232737269320096,1193.0,320.6594767038704,0.6667634295204469,0.1976695448066077,0.06660684016350918,0.04868954566505445,1.6639298345592768,14.996551513671875,30.0564742045911,0.2639817967529422,9.86619758605957,49.174396204225246,0.35549799310774655,26.54743003845215,21.405080429575914,0.137648727243419,16.681232452392578,28.707886874886185,0.21515669425607992,9.86619758605957,26.54743003845215
CASE00343,39.03889083862305,5.917501926422119,33.12138891220093,13.472615242004395,-3.7366371154785156,30.565882682800293,65.4165096282959,0.56124267636238,0.4134340302665127,1141.5,628.4347619283961,0.607599651295673,0.01370011960420387,0.14437516466139264,0.02816969462697879,1.1070578175812882,52.97029495239258,17.567591667175293,35.402703285217285,13.117826461791992,-0.23437881469726562,35.21203422546387,80.29809427261353,0.40315377674834607,0.582504265820788,1694.75,854.232513722113,0.48371808636022506,0.008046101989770526,0.12263985246328153,0.010984409225614371,2.0331960890624203,70.0,36.0,34.0,17.0,-4.0,34.0,92.0,0.5069506164313544,0.4664284872717525,1237.75,711.8793349297338,0.588082811711251,0.008435346157794017,0.07161675594973584,0.018377142120859235,1.5182947022080229,62.459110260009766,32.61134910583496,29.847761154174805,15.75672721862793,-4.484180450439453,31.261606216430664,82.33393049240112,0.52517459940533,0.43595741776302516,1117.25,660.9120119198924,0.5344646284714684,0.016092203979541052,0.10033371388420992,0.02819385388480639,1.2224197407225477,2.2813143730163574,14.585585994053792,0.06039764879732984,1.4027032852172852,16.966739899110603,0.07506983727940753,5.5549421310424805,8.921919045436537,0.027569989938470322,4.152238845825195,8.162372714117414,0.022614261178654917,1.4027032852172852,5.5549421310424805
CASE00344,6.115029811859131,-9.044089317321777,15.159119129180908,6.394435167312622,-4.962731122970581,24.43161392211914,63.35972452163696,0.721048494261663,0.2346846964050096,3330.25,1669.8624756248641,0.5795154159383877,0.016746522770611366,0.09299361726575647,0.01193397692986052,1.3681102872018767,21.327180862426758,4.03890323638916,17.288277626037598,9.816648483276367,-7.774802207946777,30.328075408935547,77.83613014221191,0.6868709658120984,0.2711801217409541,2998.25,836.5256645793959,0.6792349556068804,0.32562683165077655,0.04552529589352581,0.05516653402346797,1.8375950366747076,40.00001525878906,11.76470947265625,28.235305786132812,15.686279296875,4.7058868408203125,29.803924560546875,90.98040771484375,0.6164017885409953,0.3382820446788278,3159.0,1029.7713338406736,0.6630444182120543,0.2551043004560631,0.07558995894574409,0.05160765510943452,1.499830980225351,36.26022720336914,13.821352005004883,22.438875198364258,10.354772567749023,0.7401618957519531,31.27690315246582,75.44781112670898,0.7432196553070509,0.2113989794764943,3156.5,834.3049502430151,0.7111645126815102,0.47001907242849233,0.10910192526663229,0.05549895677917439,2.1382453145148963,2.1291584968566895,17.432620326641263,0.11905397071684098,-10.947028160095215,18.630870735656586,0.10155229101288336,-5.15059757232666,13.37045238753552,0.07027076752438463,5.796430587768555,5.989741082766263,0.013184489531797561,-10.947028160095215,-5.15059757232666
CASE00345,,,,,,,,,,,,,,,,,-0.9105819463729858,-21.646575927734375,20.73599398136139,2.497065782546997,9.976521492004395,27.26578640937805,125.4612021446228,0.686499676818328,0.25540910221786595,1908.75,199.1536780980959,0.7597107507766901,0.5536118132229921,0.049293179089033363,0.08005763648639996,1.5354645620399203,8.627456665039062,-10.196075439453125,18.823532104492188,-4.7058868408203125,21.960784912109375,34.50981140136719,145.8823471069336,0.770190870788277,0.1715498280491974,1220.25,86.08535008931543,0.8365719489622284,0.6303516579949662,0.06075449714060793,0.09576613137127744,1.6492205951914212,12.543954849243164,-6.718427419662476,19.26238226890564,-3.24761962890625,25.31152045726776,37.295873522758484,137.62652969360352,0.7809843446274172,0.16939274527510742,1067.0,77.40800992145451,0.8354487061545106,0.565584674736886,0.1032469771367983,0.08765897020026388,1.6792624904849984,,,,1.9124618768692017,11.463200841873897,0.05692259408200214,1.4736117124557495,15.501513848197837,0.07718677614640261,-0.43885016441345215,4.4364967832911955,0.024014676369866934,1.9124618768692017,1.4736117124557495
CASE00346,4.8930463790893555,-15.037254333496094,19.93030071258545,7.231011360883713,-25.854878455400467,38.74092221260071,76.47187328338623,0.8051217068866466,0.18850060131539778,1492.25,595.1707213060804,0.7984138643217752,0.8985066618967195,0.0896683299089989,0.06299145461090856,1.7336695934789137,45.5653076171875,68.19413375854492,-22.628826141357422,-6.278247833251953,20.80821990966797,54.16245460510254,155.22625160217285,0.805577010478668,0.16137576202892087,828.75,33.42435489280234,0.6334131550134572,0.33595636233538767,0.05157830135815946,0.022062167231937633,1.7197036789368472,24.313735961914062,18.039230346679688,6.274505615234375,4.7058868408203125,-6.274505615234375,42.352935791015625,116.07844543457031,0.725761098206779,0.25660549959823525,1568.25,350.72808199515475,0.7378230380841619,0.7244482907825838,0.04564132668035787,0.010125149212725,1.6200703532936802,83.41923141479492,91.05887985229492,-7.6396484375,2.1648941040039062,43.55059242248535,70.53886699676514,147.21102452278137,0.8562237943626869,0.12555409050206004,658.0,77.61121053043819,0.7903376500443491,0.5417151032812825,0.08894788803798477,0.020302404456486244,1.1846158172221117,-42.55912685394287,39.5517959986587,0.18241014596024038,-28.903331756591797,20.79773532702331,0.055982579958192835,-14.989177703857422,35.69883726439404,0.11296641012984203,13.914154052734375,56.49314181749155,0.2732625088117105,-28.903331756591797,-14.989177703857422
CASE00347,-29.33954429626465,-52.612281799316406,23.272737503051758,14.63330364227295,7.962655067443848,22.096415519714355,107.03580474853516,0.5717677915118873,0.38757084353316157,14268.0,4601.536047886619,0.6460913390536204,0.15273333274236087,0.08819907300288517,0.028649267465619185,2.529693480152226,-20.181808471679688,-45.66587448120117,25.484066009521484,16.795729637145996,18.75231170654297,30.337358713150024,120.48180770874023,0.7140215311594682,0.2308015573234557,9899.0,1254.162868211302,0.819442023242357,0.6221645052343635,0.06485994282771196,0.0438318704240572,1.2536338229937476,-11.76470947265625,-38.431365966796875,26.666656494140625,18.823532104492188,25.098037719726562,37.647064208984375,125.49020385742188,0.7087169705246914,0.2664039898683139,10795.0,1110.9093122303009,0.8305860472674427,0.6493922149236059,0.07794015569371486,0.04060287149044521,1.296031474597501,-10.322977066040039,-40.88301086425781,30.560033798217773,18.028124406933784,25.189086511731148,36.03221082687378,131.72876691818237,0.7585062142366675,0.18941323395195542,8532.25,1565.0927089153536,0.8362576274278111,0.649590908687925,0.05900090311312577,0.03813509115443499,1.1261117934955216,2.2113285064697266,10.265645366207092,0.06513767450712779,-1.1825904846191406,8.380142604818946,0.041760356530112556,-5.075967788696289,9.379508233672004,0.03268590233468915,-3.8933773040771484,2.3883941571421827,0.0072979571452485206,-1.1825904846191406,-5.075967788696289
CASE00348,,,,,,,,,,,,,,,,,57.28519058227539,28.46021556854248,28.82497501373291,12.460107803344727,20.045473098754883,36.679351806640625,97.17214870452881,0.6227491111331994,0.3495635755147996,2036.75,596.0370688975645,0.6925758828192724,0.14888172373194694,0.14711710498467706,0.024447838924749003,1.722176450931265,67.0,42.0,25.0,6.0,32.0,37.0,108.0,0.6225756049711882,0.369993855618807,2237.75,872.5873523607822,0.6168005810782436,0.07130358705158389,0.1244156293887677,0.06248412785650966,1.1887618971030613,61.44145584106445,40.85244941711426,20.589006423950195,4.231555938720703,23.862804412841797,32.45054817199707,106.87040567398071,0.628015842875695,0.35634799330457056,1936.25,876.3273860264782,0.6076646031568421,0.06151798966167075,0.11591219530962199,0.06355680047909942,1.4884527149692481,,,,3.82497501373291,9.941664413693644,0.02292247045785155,8.235968589782715,4.870733999371031,0.007137789836187216,4.410993576049805,5.705137504011268,0.018721241690110316,3.82497501373291,8.235968589782715
CASE00349,,,,,,,,,,,,,,,,,52.94437789916992,28.51539421081543,24.428983688354492,12.501609802246094,-6.574718475341797,21.47181224822998,69.00103855133057,0.6723186737487996,0.26049688490981215,22.0,4.949747468305833,0.8809413507051286,0.665168539310895,0.1759628154044623,0.04480168152269479,2.231778062260588,90.0,60.0,30.0,15.0,8.0,21.0,48.0,0.7607301515779555,0.2661510746844691,34.25,3.832427429188973,0.9057341604114552,0.8580246913403698,0.13944223107523426,0.08462107352766159,1.4868554796829774,64.60159301757812,38.58891296386719,26.012680053710938,11.098770141601562,-11.494880676269531,21.37617015838623,69.2979187965393,0.6531075150509811,0.28129464714546515,33.5,8.73212459828649,0.8664269789142143,0.7573033707694988,0.14641434262899597,0.08166283912651058,1.457708564711738,,,,-5.571016311645508,36.17761443777799,0.5599155095236197,-1.5836963653564453,10.450857804967557,0.08776420534328346,3.9873199462890625,25.865754759032942,0.37199347571909114,-5.571016311645508,-1.5836963653564453
CASE00350,-18.326282501220703,-10.614473342895508,-7.711809158325195,-6.001264572143555,2.7654428482055664,67.76125288009644,57.171217918395996,0.9220743401720816,0.08692090206090798,308.75,182.49571912787434,0.6578412810023176,0.06114885731914407,0.08652014443715376,0.009384493334106857,1.3834865297379002,9.022164344787598,16.577932357788086,-7.555768013000488,-5.265736103057861,1.856722116470337,58.666770935058594,64.75591850280762,0.8839022782315318,0.11148710215774,310.0,100.99752472214357,0.7229847505885857,0.40333539221617254,0.10150408006593459,0.030934966428666676,1.9127696189309071,54.11766052246094,74.50982666015625,-20.392166137695312,-10.980392456054688,7.8431396484375,54.90196228027344,87.8431396484375,0.7303396088454874,0.2394049070466726,364.5,69.72266489456639,0.6166874824205999,0.2794939688135349,0.0891643683716445,0.04302838567364974,1.312137091090828,53.68072509765625,61.68316650390625,-8.00244140625,-5.228677749633789,-9.52413558959961,52.89208793640137,75.22058010101318,0.783772935555387,0.17573515866024025,344.25,84.64447707913375,0.6992051908574867,0.20166769610808627,0.09089875181254702,0.02758267061395737,2.624394360919447,0.15604114532470703,35.37304633784271,0.13577883244149505,12.836398124694824,56.629817680731236,0.22402067823280794,0.4466733932495117,51.46801233840961,0.20165711815884274,-12.389724731445312,5.609154018456246,0.012819753516961952,12.836398124694824,0.4466733932495117
CASE00351,32.16902732849121,41.69309997558594,-9.524072647094727,-4.124267578125,3.3648929595947266,19.447440147399902,33.6308650970459,0.6949792917987332,0.29473838573160527,55.25,9.730750228014282,0.6989487748397574,0.22274881516059836,0.04808498741949096,0.02052107728336636,1.2438588082946032,79.57561492919922,52.1938362121582,27.381778717041016,14.741939544677734,-11.173423767089844,34.178361892700195,30.824722290039062,0.7164651002164084,0.29350756072317596,42.75,8.699856320652657,0.634036664754974,0.3246445497553402,0.16829745596821835,0.011446135831378382,1.5957172868031235,98.0,116.0,-18.0,-12.0,17.0,27.0,39.0,0.7043922354054263,0.30185285170378134,68.0,12.549900398011133,0.6246648838385271,0.20087336244102896,0.08107352530030452,0.05866510538639969,1.2236654279609496,86.19708251953125,91.67761993408203,-5.480537414550781,-5.90338134765625,17.203079223632812,25.311471939086914,29.74114990234375,0.7143569264001225,0.2814180379147198,57.25,13.141061600951424,0.6879785144275445,0.20616113743587294,0.1649426894040678,0.03559718969553993,1.6638489176430082,36.90585136413574,46.63505525858688,0.5799693034460253,45.381778717041016,19.135924757022238,0.12435104033495757,32.8623161315918,8.724152212907676,0.044657418771162145,-12.519462585449219,11.391127878897326,0.08106685392238638,45.381778717041016,32.8623161315918
CASE00352,2.9705573320388794,6.2494215965271,-3.27886426448822,-2.35386323928833,6.284168779850006,32.11240029335022,79.65914964675903,0.5321063429823528,0.4385341921699389,711.0,385.7298277292022,0.5573098341591358,0.0411235542499704,0.05887574736950501,0.0012478618693309827,1.2566933585686113,73.87044906616211,25.87978458404541,47.9906644821167,28.469860076904297,-7.636924743652344,49.515427589416504,110.53137016296387,0.7566941856461186,0.20676855838366823,312.0,63.96092557178953,0.8122169695850247,0.5068845235900369,0.0670739667371434,0.04242305912912643,1.3473226790773443,149.80392456054688,98.03921508789062,51.76470947265625,28.23529052734375,3.137237548828125,67.45098876953125,174.11764526367188,0.716410935021232,0.24608060268358645,744.0,458.5684245562488,0.672644795112959,0.07623467020206126,0.07730868645725247,0.03864551809611768,1.3503483270353172,97.8505859375,77.73049545288086,20.12009048461914,7.94683837890625,-8.856369018554688,37.56814384460449,106.4924847483635,0.683351904273984,0.30972277528166575,518.75,136.39533533079495,0.7124410990753867,0.3357811639428387,0.05861465758072672,0.04476598345521726,1.3917911367027997,51.26952874660492,70.58948348028682,0.5963754144252075,-3.774044990539551,73.04354140149118,0.4399313986724257,27.87057399749756,24.397607745055744,0.09850185767252816,31.64461898803711,49.407446002274305,0.3177790351592932,-3.774044990539551,27.87057399749756
CASE00353,47.70439910888672,43.27433776855469,4.430061340332031,3.8994522094726562,-2.9472389221191406,24.456188201904297,53.132508754730225,0.5908926963013768,0.2113859445899918,172.0,75.91771861693421,0.6620133894016756,0.053853296192962384,0.052948832111770344,0.0485307395551153,2.2493301313361402,71.89574432373047,49.80488204956055,22.090862274169922,14.997760772705078,-4.658790588378906,31.40428924560547,42.4230751991272,0.7729245081210037,0.18949550484691707,118.5,46.12212050632538,0.6784780133406138,0.19467657072053646,0.08887595040753173,0.049295124353604954,2.380916988169907,87.0,67.0,20.0,8.0,-5.0,29.0,59.0,0.7852347594923904,0.15280121629313337,150.5,75.82380892569299,0.7117462816968705,0.11644623346717525,0.11774779094454492,0.04175387835508281,2.40500219083242,61.80556869506836,60.10568618774414,1.6998825073242188,1.0200824737548828,0.9385948181152344,18.283573150634766,49.781943798065186,0.6867999758476974,0.11222522757766754,79.5,31.87867625859016,0.6780531184047875,0.20829464561990624,0.06445646962118486,0.0621614134449611,2.2534818258875533,17.66080093383789,25.393979932602637,0.2184408676654138,2.090862274169922,14.483930047921438,0.08141118999773088,20.390979766845703,12.212368548428243,0.10729794178572916,18.30011749267578,24.817797463320947,0.31094870758955256,2.090862274169922,20.390979766845703
CASE00354,-24.26658821105957,-58.964115142822266,34.697526931762695,24.214150428771973,-0.7219114303588867,27.660547256469727,64.23970413208008,0.5407638062336053,0.4196950723270788,10458.5,4803.710675092745,0.611390423238313,0.061503097580794794,0.10651803230596775,0.032122016174828884,2.763228506267284,-12.863764762878418,-54.92526626586914,42.06150150299072,28.817442893981934,-1.4567575454711914,35.89396142959595,77.81061172485352,0.7775097798731198,0.203947618779417,7679.25,2621.485587887143,0.8562552630083898,0.8724385389509052,0.03902385361471043,0.07237061115789002,1.9884428365421882,0.784332275390625,-49.41175842285156,50.19609069824219,37.647064208984375,3.1372528076171875,40.784332275390625,83.13725280761719,0.7435861690128538,0.23238696961117847,7459.5,1558.765136253695,0.8386354861685068,0.7348185461426118,0.04228011954309447,0.07782586275546441,1.609464452964994,2.3495032787323,-49.403907775878906,51.753411054611206,33.4646230340004,5.020545065402985,33.918235301971436,83.93970859050751,0.6687572018545354,0.3024631511446304,8797.5,3372.585543763123,0.7291895132618618,0.411473663555012,0.05473680350561762,0.05426939119196306,1.4736401135810084,7.363974571228027,16.487761174928785,0.07224155299666692,-8.134589195251465,11.510746995381341,0.04565420905613813,-9.691909551620483,14.084776294500408,0.07413487907224577,-1.5573203563690186,4.938721895220338,0.02208004862544264,-8.134589195251465,-9.691909551620483
CASE00355,36.298635482788086,-6.421982526779175,42.72061800956726,18.439995765686035,10.701347351074219,25.540337562561035,150.89947700500488,0.8476298096471441,0.0945432870614193,25675.0,10012.7578868162,0.582497920227991,0.03499245642455138,0.0587756156749922,0.01952224092214575,2.307118056281414,50.50713348388672,19.968629837036133,30.538503646850586,17.943052291870117,37.940185546875,36.433725357055664,169.58757209777832,0.7128044853313372,0.2618399903316246,13906.25,589.1440295038218,0.8501114630283526,0.7002176165082145,0.059281188207798215,0.020651428626226636,1.0581212099714608,55.0,11.0,44.0,32.0,53.0,43.0,189.0,0.6689486628855159,0.31765425106183465,19217.75,855.9046018686896,0.8292963144246577,0.6489977521533145,0.06553343519683255,0.009823453540279038,1.4090095275359673,,,,,,,,,,,,,,,,,-12.182114362716675,20.276382358632045,0.09400731852817609,-13.461496353149414,5.018934006943089,0.009592464503687673,,,,,,,-13.461496353149414,
CASE00356,37.299346923828125,-7.537721395492554,44.83706831932068,3.7993431091308594,-1.5932350158691406,31.91444683074951,156.99331855773926,0.6733819076196486,0.18201019850993008,22.25,9.03811374126261,0.4237220375754133,0.2535211267248562,0.15976331360710408,0.02556280244053696,1.9350595082254989,82.64739227294922,17.111639976501465,65.53575229644775,43.35285186767578,-5.712715148925781,31.361454010009766,161.27910995483398,0.5062471159739655,0.40681717940103485,10.0,4.636809247747852,0.5479400599148417,0.40845070416782386,0.010355029585645636,0.00010519671786229202,,90.0,8.0,82.0,14.0,5.0,20.0,191.0,0.5379051424053485,0.19233956248854883,21.0,5.70087712549569,0.46079665083896765,0.22368421049688367,0.05917159763226078,0.014832737218583174,1.6720260229542414,66.70306396484375,25.89461326599121,40.80845069885254,8.366731643676758,-3.9471054077148438,32.12235069274902,165.61455535888672,0.5519487861597016,0.24463779788877385,22.5,8.616843969807043,0.36738921990161194,0.15492957744296768,0.10355029585645635,0.0035766884073179287,2.4557879053808773,20.698683977127075,56.91895684963398,0.5033225635990435,-16.464247703552246,9.609119441482115,0.08955624167870586,24.727301597595215,21.70441616980483,0.10311101417516186,41.19154930114746,25.81323644972458,0.24161288039251996,-16.464247703552246,24.727301597595215
CASE00357,,,,,,,,,,,,,,,,,9.225593566894531,-1.313405990600586,10.538999557495117,2.895561933517456,1.9502263069152832,27.238480806350708,78.61328125,0.7391610494603077,0.1702654936423232,666.0,194.54562446891475,0.6191477840089488,0.17706422018316134,0.07793859383514838,0.021065741960340938,2.033023195318686,22.745101928710938,3.9215850830078125,18.823516845703125,9.411758422851562,-1.568634033203125,31.372543334960938,89.41177368164062,0.7466791796183007,0.18097013914477447,552.75,50.4052328632653,0.7942501229740992,0.6970532483186334,0.06868830618299693,0.060416535995147666,1.4549417804387828,26.496828079223633,11.988044738769531,14.508783340454102,7.50096321105957,0.8302898406982422,30.411611080169678,93.105712890625,0.749573567847427,0.1853844928401461,566.0,64.31174076325411,0.7433330495435767,0.36899082568739633,0.06385877793252834,0.04144153830990083,2.1932122696666867,,,,-8.284517288208008,16.247349996840235,0.09407517519435728,-3.9697837829589844,19.294099127628257,0.12216507573089108,4.314733505249023,3.066781303857767,0.0160678034139881,-8.284517288208008,-3.9697837829589844
CASE00358,,,,,,,,,,,,,,,,,-29.53141498565674,-33.13999366760254,3.608578681945801,-3.472919464111328,19.28502655029297,33.82582974433899,128.82785296440125,0.7803120423430214,0.19378834825862876,1300.0,480.83313113802797,0.70407250372311,0.16573856975368864,0.11017124244964084,0.04542941761801261,1.1523058994867306,-19.60784912109375,-0.7843170166015625,-18.823532104492188,-17.254913330078125,14.117645263671875,43.92158508300781,114.50980377197266,0.7886579774861473,0.16775813729468397,1233.0,272.7938782304324,0.8283302775032131,0.6154551223291155,0.09350882949890091,0.027217189407643224,1.4916162520222283,-18.670228004455566,3.305791974067688,-21.976019978523254,-18.34590768814087,19.49352502822876,48.03621333837509,99.19013357162476,0.8301739560851059,0.1322276839657396,891.25,201.90266838256497,0.829703801441753,0.5793522860488135,0.09352098297297147,0.03855337227328132,1.661810745364002,,,,22.43211078643799,11.741923383934544,0.058074474894325996,25.584598660469055,12.639295573182805,0.06696826047990206,3.152487874031067,2.0415549348461335,0.009004410804058893,22.43211078643799,25.584598660469055
CASE00360,31.32468605041504,3.865846633911133,27.458839416503906,14.37948226928711,-9.30829906463623,29.637259483337402,109.33360862731934,0.6448970781293737,0.2862753932057987,60.25,23.155722834755128,0.6414627039567081,0.27272727272091546,0.14758269720039194,0.01853058944034895,1.7246582814555762,57.31886863708496,-1.5866429805755615,58.90551161766052,32.98369646072388,-29.473711013793945,105.55495369434357,131.43892288208008,0.10061385782789442,0.8852548867826067,252.75,77.12773495961099,0.35776029525775405,0.016317016316635968,0.1204410517382509,0.0007449483192100079,3.585223780763927,61.0,15.0,46.0,23.0,-23.0,42.0,116.0,0.6413481808664385,0.2928152753663355,51.5,9.937303457175895,0.8408074900719054,0.6210045661958674,0.15776081424869484,0.026911258031461535,1.6292481965809917,52.36940002441406,20.627297401428223,31.74210262298584,17.11857795715332,-8.398351669311523,27.82228374481201,109.63081359863281,0.5118721317207631,0.39854817541936594,72.5,16.454482671904334,0.6283993783938091,0.13986013985687973,0.10983884647960204,0.013083154856125764,2.273239108070424,31.446672201156616,44.626495351954986,0.29926857277397384,12.905511617660522,34.56197400731882,0.1628793678624631,27.163408994674683,45.04919537013052,0.3215035944955455,14.25789737701416,12.84105836316283,0.08744220851607495,12.905511617660522,27.163408994674683
CASE00361,48.25416946411133,35.54146385192871,12.712705612182617,6.57267951965332,-0.570159912109375,23.6142520904541,25.832172870635986,0.42576286910324546,0.5765196747633154,137.25,54.214273950685715,0.5219032904426851,0.03934871098996813,0.14438430311211856,0.0019864154812248517,1.8810480704478723,69.98274993896484,39.37120246887207,30.611547470092773,19.27172088623047,-6.832847595214844,26.208606719970703,22.102044582366943,0.7176398529791701,0.27796434923895147,56.75,14.686303142724515,0.8322617564160613,0.6105834463960572,0.21326116373448814,0.019639882096626357,2.4857829397058,101.0,70.0,31.0,18.0,-5.0,25.0,27.0,0.5959563949140089,0.395471585457715,72.25,31.1879383736726,0.7350657381283481,0.19022457067119913,0.2297699594042899,0.026143790849669016,1.1272524338485361,,,,,,,,,,,,,,,,,17.898841857910156,23.484615828920763,0.22428768497128843,-0.38845252990722656,29.523185962942176,0.3367506559549597,,,,,,,-0.38845252990722656,
CASE00362,-3.527984619140625,1.0206876993179321,-4.548672318458557,-5.91410505771637,17.88581073284149,26.864109992980957,94.35928153991699,0.6714252819731554,0.3162358173127122,542.5,256.2669506588784,0.6143214662046975,0.08685834713218898,0.07453005273698123,0.051117020929030414,1.9959089821322813,11.176792621612549,14.326858520507812,-3.1500658988952637,-3.8939762115478516,28.2591495513916,46.760358810424805,78.67036056518555,0.5871609452751656,0.4084372016286816,1040.5,317.13285859399684,0.6227137588435471,0.1032665964171259,0.11390823395378367,0.020069785220953207,3.0913722058432223,44.70588684082031,82.35293579101562,-37.64704895019531,-25.098052978515625,51.76469421386719,62.745086669921875,90.98039245605469,0.6492897194822315,0.3327801190607119,1005.25,234.20864095929508,0.6145848273749294,0.18095379586958707,0.092905312287519,0.023735469580046402,1.371182190174495,,,,,,,,,,,,,,,,,1.3986064195632935,17.506870632256664,0.12325883672094713,34.49698305130005,33.052451215537076,0.12251038941490233,,,,,,,34.49698305130005,
CASE00363,48.64432907104492,49.91889190673828,-1.2745628356933594,-0.3080406188964844,3.3704051971435547,16.833614349365234,25.266633987426758,0.7264762201560597,0.20482446535082485,700.5,389.0684387096954,0.6422998900529168,0.06362308718009801,0.07896217753160575,0.007985938736901208,2.4649514834186332,68.18352508544922,55.73836898803711,12.44515609741211,5.507081985473633,-0.026821136474609375,23.287158966064453,32.74683666229248,0.6395936000045713,0.3466107224985663,1122.75,461.44955033026093,0.6698976227476644,0.07314750142861569,0.12383378254300213,0.006177295353611083,2.5055454318811394,103.0,92.0,11.0,3.0,-4.0,25.0,50.0,0.6959171513997182,0.24208437808458466,1155.5,597.6087767093118,0.7097457504455662,0.19928892215556432,0.09963569588009069,0.013376984073740768,1.2614764767153952,93.72479248046875,85.07801818847656,8.646774291992188,1.9995193481445312,-2.994049072265625,23.657455444335938,37.09814929962158,0.632040888718419,0.35903289253371073,1208.0,563.0888029431948,0.6403857223242084,0.037970664804090434,0.11767319254803814,0.004835571775502681,1.681638532304951,13.719718933105469,20.500182254414515,0.2640603379841267,1.4451560974121094,34.305294875814134,0.45334990834407796,3.798381805419922,25.338775016536797,0.29498217695324136,2.3532257080078125,9.615575220588823,0.04994043575467905,1.4451560974121094,3.798381805419922
CASE00364,-31.54518222808838,-35.612281799316406,4.067099571228027,2.714914321899414,-8.764261245727539,29.623770713806152,75.0518958568573,0.7128183198924407,0.2643699138921993,59.5,14.150971698084906,0.7237682537012999,0.43765903306774406,0.057926221335934266,0.03461972183936416,1.3458791685479732,-25.466275215148926,-20.197991371154785,-5.268283843994141,-6.629705429077148,8.440113067626953,25.290937423706055,33.181700229644775,0.4967177111918337,0.5115138470586521,119.5,24.12985702402731,0.3940640683042616,0.06361323155054419,0.0974077766698929,0.005275028191955235,1.2704274577962844,-11.76470947265625,10.196090698242188,-21.960800170898438,-18.823532104492188,29.803924560546875,34.50981140136719,32.941192626953125,0.6473564963884461,0.35433908630737104,101.25,22.873292285982796,0.4406880639546161,0.1503416856457781,0.08484546360908789,0.03277784738754132,1.4951621888679045,4.578840255737305,21.59113597869873,-17.012295722961426,-13.542252540588379,24.163406372070312,32.67040395736694,29.241048574447632,0.7520056886448634,0.2624104452517449,83.0,13.209844813622906,0.6069760184258586,0.11195928752895777,0.08863409770679098,0.016238566595662668,1.3238701452036474,-9.335383415222168,7.7368450774504876,0.034365402083261665,16.692516326904297,12.544989846451594,0.09593554520707882,11.744011878967285,26.989495939558036,0.25937445147169563,-4.948504447937012,14.480142131256873,0.0842057152448308,16.692516326904297,11.744011878967285
CASE00365,-5.619461536407471,-27.82510757446289,22.20564603805542,1.87833833694458,0.6626887321472168,22.754038333892822,76.36211788654327,0.5284733588014562,0.3956969110238052,1072.25,412.99356835185705,0.511148982948047,0.08477046392984025,0.10833664031255279,0.08596781803999701,2.334434671697091,20.50649070739746,-12.962738037109375,33.469228744506836,11.342398643493652,17.108675956726074,30.066475868225098,102.7515869140625,0.5829666194228355,0.38008022281831383,837.0,83.38165265812378,0.7001850836205802,0.396648044691774,0.0009768307945905012,0.09208739780638381,1.6619129476750027,38.43138122558594,38.43138122558594,0.0,-9.411773681640625,18.823516845703125,45.49018859863281,131.76470947265625,0.7482234750656129,0.20132540132582455,596.5,35.25265947414464,0.8113529589462405,0.6547646122341261,0.07426966635120905,0.057974712798633664,1.6633726043156456,37.41728591918945,21.07268524169922,16.344600677490234,-6.530433654785156,18.42441749572754,33.42163848876953,119.79100227355957,0.6722115161575111,0.28521924473940485,654.25,78.29551392001972,0.6462298936226545,0.281515666746948,0.10043041606883592,0.030747156875016574,2.6415784131925086,11.263582706451416,27.879922469236494,0.2767339344682932,33.469228744506836,19.033615159769926,0.10773314405954373,17.1246280670166,16.04617470303583,0.08176584285234091,-16.344600677490234,8.37481993084179,0.0312275022100425,33.469228744506836,17.1246280670166
CASE00366,,,,,,,,,,,,,,,,,2.6934739351272583,-36.31412124633789,39.00759518146515,23.06679677963257,-7.442266345024109,47.733163356781006,121.77985858917236,0.6632201169018768,0.3176528987175705,12655.75,4898.11776986834,0.7108318545046095,0.19424790497285285,0.0924061326658294,0.02736951528026161,1.2680973324345244,22.745101928710938,-24.313720703125,47.05882263183594,26.666671752929688,-7.8431396484375,54.90196228027344,152.15687561035156,0.6744676821400445,0.29661615613067327,14760.0,6486.667981329089,0.6726271322637688,0.1301898252546388,0.07952440550688111,0.06228249063076716,1.278657872591676,19.0123291015625,-22.59676742553711,41.60909652709961,20.793203830718994,-12.464363098144531,52.28144145011902,141.8148651123047,0.7968606537314038,0.13885903681504955,12121.0,5600.94460783179,0.6904213591171334,0.14532929023562188,0.0797872340425507,0.04877783684471948,1.1157849219664029,,,,-8.051227450370789,18.045301219379784,0.05169431135447372,-2.6015013456344604,16.90325894642012,0.03952019010867039,5.449726104736328,8.442118993394073,0.007547357226309315,-8.051227450370789,-2.6015013456344604
CASE00367,42.697208404541016,31.994983673095703,10.702224731445312,-0.3979778289794922,-2.519716262817383,23.32967758178711,68.2197699546814,0.43647291494340923,0.5589980686782717,117.0,53.809850399346026,0.49408667162463094,0.05090909090816529,0.12016052880047176,0.01075708857059025,3.065872054838298,81.0374641418457,46.6246337890625,34.4128303527832,8.836044311523438,-6.053150177001953,38.11966419219971,134.65060710906982,0.543250430562326,0.4630772248199804,99.75,5.80409338312195,0.6873330852813344,0.310909090903438,0.117563739376493,0.01818181818181287,2.7743044234137475,95.0,65.0,30.0,3.0,0.0,36.0,129.0,0.4396700800498895,0.5659154023883035,116.0,36.52396473549935,0.5627669667339604,0.1518771331032103,0.13125590179383556,0.008535515931011829,1.4664673451650239,,,,,,,,,,,,,,,,,23.71060562133789,39.68042008493516,0.4011882838125376,4.412830352783203,12.480421774671251,0.04566325108286784,,,,,,,4.412830352783203,
CASE00368,,,,,,,,,,,,,,,,,18.418760299682617,-30.417570114135742,48.83633041381836,42.4532585144043,1.0160112380981445,31.136761844158173,188.64431190490723,0.7395124346205398,0.15902278135942177,1299.75,241.7523267726704,0.7550263507028535,0.33117372306740156,0.1052415312042693,0.04294700206395241,1.4176438897668748,61.960784912109375,-3.92156982421875,65.88235473632812,45.490203857421875,37.647064208984375,45.49018859863281,254.11766052246094,0.7730440241671697,0.18313464167746077,1239.0,127.49117616525467,0.8492812815508313,0.6635527767556723,0.08752321625218397,0.08146835560129036,1.6080852299152995,45.1510009765625,-12.165058135986328,57.31605911254883,51.693514347076416,27.90230369567871,35.48775100708008,224.2605438232422,0.751800801538493,0.1510932138954043,1061.5,142.44384858603055,0.8669556005215833,0.7243483501576583,0.09575779490802325,0.06745139302418157,1.495777790797346,,,,-17.046024322509766,48.07758714777143,0.3355570897111154,-8.479728698730469,27.87125565419199,0.1785277814505754,8.566295623779297,20.32327025677094,0.08466131427642741,-17.046024322509766,-8.479728698730469
CASE00369,-27.263044357299805,-25.21237564086914,-2.050668716430664,17.104315757751465,-13.336967945098877,53.235838174819946,61.7610102891922,0.7777376849430716,0.18631966759020632,59.5,22.994564575133836,0.7470003287248861,0.315581854037168,0.0341818928351117,0.04493653293801018,2.030935949866191,51.43835639953613,36.56826591491699,14.87009048461914,36.023881912231445,-3.0057849884033203,50.08310413360596,97.35327196121216,0.689355118736078,0.2693324934374194,48.75,7.595228765481656,0.8042406311561285,0.6173570019602099,0.058201601313838836,0.09558278513850464,2.33655162449366,46.27452087402344,33.725494384765625,12.549026489257812,-7.8431396484375,3.1372528076171875,56.4705810546875,100.39216613769531,0.7318108985397461,0.23604741565506837,68.0,18.3166590840142,0.8398868855564986,0.825925925910631,0.15284335865309706,0.08895812100434437,1.791571235974441,31.394774436950684,31.235994338989258,0.15878009796142578,24.411468625068665,-18.739601135253906,66.25926399230957,78.78802394866943,0.8010990123435823,0.15067682129254764,50.75,19.992185973524755,0.8194855358242921,0.5187376725735949,0.04721823034279694,0.05253404984711705,2.875739839392887,16.920759201049805,85.9788310492864,0.5708116176826749,2.321063995361328,5.039602661968132,0.016246382242720386,14.711310386657715,31.176421590577153,0.08776308375146717,12.390246391296387,28.67420765550418,0.08495489138213984,2.321063995361328,14.711310386657715
CASE00370,51.18542671203613,56.00140380859375,-4.815977096557617,-2.4311904907226562,0.15552902221679688,20.11073875427246,19.057287216186523,0.3796221759955032,0.6291387183813015,53.0,22.74862633215465,0.3200549450492751,0.06593406593044318,0.0839260312941539,0.0019795831230827233,2.1748861792116783,102.99930191040039,74.69881439208984,28.300487518310547,26.03250503540039,-16.42050552368164,32.66194725036621,16.63079071044922,0.6927740426442908,0.2714102091131854,12.0,3.605551275463989,0.8294413919208043,0.48351648348991666,0.08499288762416432,0.025851026666139094,3.19614874578303,130.0,124.0,6.0,5.0,6.0,20.0,19.0,0.5226451745355697,0.46858754126675956,33.25,8.042853971072706,0.5938333059469275,0.2688172042866227,0.12482219061122041,0.01428405077047926,3.9332175684599737,,,,,,,,,,,,,,,,,33.116464614868164,50.22591201761267,0.6697864019458573,22.300487518310547,28.86523441167978,0.3305621836169769,,,,,,,22.300487518310547,
CASE00371,34.539459228515625,29.181342124938965,5.35811710357666,1.5347633361816406,3.6283226013183594,19.653514862060547,127.54688262939453,0.6479100012484555,0.17545444042513603,5357.0,2549.137795412402,0.48967152576016104,0.010948541853285906,0.051744984885943465,0.012068923437385104,5.144221301492377,50.76357650756836,54.55120277404785,-3.787626266479492,-1.6900310516357422,7.723649978637695,27.374977111816406,78.32911786437035,0.5744632807667343,0.4079293387590395,4126.5,982.8798248005704,0.6445855936384803,0.16462625659395355,0.061225611431695186,0.023849038797906594,1.682908409401274,66.0,70.0,-4.0,3.0,18.0,27.0,189.0,0.7117970709897371,0.12714336245632604,4002.5,1160.7046351247159,0.7643014462207923,0.41072720694633064,0.04130255564714447,0.010633018491851925,5.233026574904199,61.37353515625,63.135276794433594,-1.7617416381835938,0.5486793518066406,9.70478630065918,24.047470092773438,93.85788488388062,0.5699244393255704,0.2872715604446036,4793.0,2138.2256662943696,0.5543600219773755,0.04226800703359468,0.05507007419619262,0.023133120184836226,1.452797210384647,-9.145743370056152,24.74202120645338,0.14855340723534954,0.2123737335205078,24.667458690274803,0.09222494909250156,-2.0258846282958984,10.822071168741088,0.048964744823277666,-2.2382583618164062,14.351320367340529,0.016440524934698376,0.2123737335205078,-2.0258846282958984
CASE00372,,,,,,,,,,,,,,,,,13.479019165039062,13.306917190551758,0.1721019744873047,10.600519180297852,43.98102283477783,49.58974552154541,231.08759880065918,0.9095179652006385,0.09743673901353248,929.5,99.76597616422144,0.9497488157565241,0.8960359012712353,0.09032373041577506,0.07194424492227014,1.6972990053036683,22.745101928710938,41.568634033203125,-18.823532104492188,10.98040771484375,87.84315490722656,80.0,296.4705810546875,0.9137568901982956,0.07004516935706652,658.0,219.93862780330335,0.963958261561584,0.8955309506049868,0.085194253746371,0.042709778320689756,1.4423216773124725,22.88733673095703,43.34553909301758,-20.458202362060547,5.866535186767578,79.67943000793457,70.4051878452301,280.1614799499512,0.9078452926018605,0.07313682077444611,757.5,282.8625991537234,0.948530914983652,0.8421839940162028,0.08256752777820185,0.06714084814354022,1.3878933818910002,,,,18.995634078979492,16.960318261438285,0.07928486955144685,20.63030433654785,12.498920310972244,0.04496311478659953,1.6346702575683594,4.800587853430452,0.029109122217959044,18.995634078979492,20.63030433654785
CASE00374,34.05800247192383,4.634353399276733,29.423649072647095,5.203550338745117,4.434404373168945,34.9745397567749,149.48849773406982,0.43209271701081003,0.5416357416024203,1594.25,737.7710942426519,0.48071414384969063,0.016639761579514915,0.09065840667846838,0.028797211246673508,1.5810176384069898,53.48891830444336,12.791923999786377,40.69699430465698,10.970817565917969,-1.5415611267089844,41.40253257751465,154.24239253997803,0.48504366640142693,0.503448542415329,1496.5,359.9031119620946,0.6240968993270214,0.1775735750649726,0.10202848184939295,0.020255959779731523,1.1443611287952338,91.0,44.0,47.0,12.0,12.0,49.0,176.0,0.4742147880027424,0.5314704481292997,1735.0,436.4178044030743,0.5989127524093483,0.09525512637089263,0.12034903486566677,0.04118549792718123,1.1971655979029039,,,,,,,,,,,,,,,,,11.273345232009888,20.351976882699045,0.0871878627578575,-6.303005695343018,37.00470677925786,0.18644032729359755,,,,,,,-6.303005695343018,
CASE00375,3.7510682344436646,6.565256118774414,-2.8141878843307495,-1.7503142356872559,1.7658140659332275,25.599794149398804,44.79107856750488,0.4427977920169744,0.5516747080011786,653.25,278.0740683702815,0.4925274708582491,0.018041920933886863,0.07522262636395484,0.002216162840279056,2.93154634129829,4.5817506313323975,7.319228172302246,-2.7374775409698486,-1.9055860042572021,2.8019111156463623,26.750044107437134,61.64255666732788,0.43365460284227686,0.5558036568223985,638.75,272.41913937900915,0.5437050000585503,0.1170071637035898,0.07487771227891794,0.004639915617495644,1.5191165568517746,19.60784912109375,38.43138122558594,-18.823532104492188,-10.980392456054688,17.254913330078125,39.21568298339844,61.17646789550781,0.4985514266396311,0.4854655220971881,711.75,175.23038406623436,0.6334871385625728,0.33308841538003164,0.09033613445375319,0.035267847124035814,1.3675561077280125,26.35214328765869,44.22426986694336,-17.872126579284668,-10.602718353271484,20.79541778564453,37.64442849159241,59.16058564186096,0.5600441390669897,0.4274808715828438,571.75,116.81047684176279,0.626627760512666,0.16662244627177866,0.08519377900411225,0.004639915617495644,2.1557291749970395,0.07671034336090088,1.194252235584114,0.0013180591826595321,16.08605456352234,16.126100015386676,0.10123957426513738,15.13464903831482,22.582562044620175,0.15276732728571416,-0.9514055252075195,6.464933440494827,0.021509365354429405,16.08605456352234,15.13464903831482
CASE00376,31.216699600219727,19.228281021118164,11.988418579101562,3.0972070693969727,-1.5509462356567383,19.509586334228516,844.5612125396729,0.5311824744709684,0.2864235986262286,111.75,45.074244308695846,0.6305731438825766,0.1579545454527505,0.08758782201391477,0.04208958979950464,1.1271163954103671,76.92500305175781,27.613513946533203,49.31148910522461,25.258495330810547,-14.894096374511719,30.665800094604492,840.2119331359863,0.6199850021520807,0.2874636996761624,68.5,27.436289836637897,0.7769581126893486,0.3443181818142691,0.19734582357502367,0.054232027514458894,1.260566739797477,78.0,63.0,15.0,4.0,5.5,26.0,869.0,0.584920035095153,0.2919377530676714,114.25,36.62905267680288,0.6876545307691704,0.12238147739666613,0.10991412958608913,0.06666806475965384,1.341312726913338,69.36949920654297,65.22158813476562,4.147911071777344,-1.118743896484375,6.886272430419922,24.72591781616211,834.6064186096191,0.6105832254048057,0.30675967119308023,106.5,36.513696060519536,0.7623903738544169,0.5113636363578254,0.08602654176411237,0.042404160724762524,1.2494083232754745,37.32307052612305,46.74182697419995,0.6044572266982291,34.31148910522461,2.9570501444999073,0.014249851526289907,45.163578033447266,7.450019026934269,0.036670397796210945,10.852088928222656,8.886789428950028,0.04557368942521291,34.31148910522461,45.163578033447266
CASE00377,31.38234806060791,23.74254608154297,7.639801979064941,3.6892290115356445,0.7306814193725586,19.78607749938965,118.95190620422363,0.47919280508734025,0.44201134652228885,515.75,266.8692329587658,0.5028875274005357,0.02505926176760901,0.07431978501841256,0.026454203912420465,1.745701110315278,94.25878524780273,44.34343719482422,49.915348052978516,20.489669799804688,-0.31986236572265625,21.179323196411133,130.76315116882324,0.5612114082788192,0.3810280998391543,336.75,160.19889980895624,0.6397983568457856,0.09583474432747771,0.23261672824972066,0.026480114004401287,1.2414980530711215,89.0,63.0,26.0,-2.0,-3.0,23.0,146.0,0.4673767998601457,0.5296686608406093,524.5,242.0222097246449,0.5472477393395904,0.14452603471246822,0.11605643265022164,0.03032776266355353,1.1407489528285455,56.398704528808594,41.72542190551758,14.673282623291016,1.861907958984375,0.9427547454833984,22.481271743774414,124.53361225128174,0.482672584135832,0.4947454119784468,454.0,212.43469584792405,0.5268037892773881,0.06569590247183985,0.10581121934824839,0.03448633242647565,2.0518238652157677,42.275546073913574,62.888627269911076,0.8811565770605908,23.915348052978516,4.476981127175428,0.029737360469701334,35.2420654296875,37.024475627603,0.5502356773561279,11.326717376708984,32.999407589480306,0.46145210466151426,23.915348052978516,35.2420654296875
CASE00378,21.7962646484375,20.577627182006836,1.218637466430664,0.16061019897460938,-1.49127197265625,18.602749347686768,494.25661754608154,0.5532899575467696,0.35314498734287475,193.0,50.214539727055154,0.6381697949569857,0.2173913043459728,0.03735632183897312,0.020496336236685852,1.8968687715157926,70.89384078979492,58.72651672363281,12.16732406616211,3.499065399169922,-5.0585174560546875,26.42377281188965,35.30964183807373,0.5409912850051505,0.45663023096330474,211.0,29.857997253667232,0.720379291292061,0.41261722079784646,0.1333333333329502,0.013963777132581928,1.3667017715741763,93.0,81.0,12.0,1.0,-5.0,24.0,40.0,0.6225507020257953,0.369253629535241,186.0,20.85665361461421,0.7326501094969199,0.324412003241489,0.19396551724082195,0.013618139084745741,1.6825260617201718,57.604736328125,66.35049819946289,-8.74576187133789,-11.050125122070312,-1.1450386047363281,19.436647415161133,174.5985870361328,0.6153149094329521,0.3586905735335,176.0,33.06055050963308,0.637396860523528,0.12276214833654936,0.08908045976985897,0.007258399004559914,1.7744508359876352,10.948686599731445,50.59011920863567,0.7563291007250446,0.16732406616210938,21.59535685634757,0.2224254967649144,20.9130859375,14.362557050247458,0.1380650247430485,20.74576187133789,35.91252075292051,0.5889218770754673,0.16732406616210938,20.9130859375
CASE00379,27.811628341674805,25.698208808898926,2.113419532775879,-0.7448091506958008,-4.061023712158203,22.99427604675293,781.9324254989624,0.5903489709409526,0.18899928053224802,1574.5,505.96467267982257,0.6551884515674358,0.05419828233131477,0.07897482718140114,0.025067195773297895,1.9887582621188864,47.653038024902344,33.454721450805664,14.19831657409668,2.112232208251953,-5.583198547363281,37.29018783569336,137.56741333007812,0.6916843656449949,0.30997321630553537,1468.5,58.64085606469264,0.8334433862863403,0.645626615525185,0.11311464718921575,0.022148649739867445,1.521614439146937,64.0,60.0,4.0,0.0,12.0,44.0,244.0,0.7291824791599126,0.26003512749003554,1235.5,501.5259215633824,0.7602054849246735,0.26666115429116366,0.10183252902044417,0.04923460265091367,1.3755633099792062,,,,,,,,,,,,,,,,,12.0848970413208,23.47141585596394,0.16704197125355033,10.19831657409668,13.22268156452434,0.05148711035416577,,,,,,,10.19831657409668,
CASE00381,38.841278076171875,29.338366508483887,9.502911567687988,3.4847488403320312,0.28360557556152344,23.76010036468506,60.890281677246094,0.5450584970792736,0.44877570102004144,410.5,197.3341075435263,0.5952379846371734,0.051240119923545276,0.1048930415539194,0.027224116614032807,2.998906618507507,55.597740173339844,32.499542236328125,23.09819793701172,11.392601013183594,-14.703659057617188,24.633581161499023,65.49005079269409,0.6507984611733921,0.33186392329123615,352.25,68.7727235173946,0.798232579155026,0.5862632869975845,0.10907302680102823,0.026058606270128595,2.912341298637372,88.0,59.0,29.0,15.0,-7.0,26.0,82.0,0.5827336255054991,0.38823000261958523,361.0,152.0115127218988,0.693631256892068,0.19287374128532694,0.16070813867707856,0.015065008701951044,1.7433528142382897,57.56950378417969,47.1321907043457,10.437313079833984,3.172637939453125,8.58905029296875,24.54922866821289,69.69190406799316,0.5778637295345529,0.39693478830705686,381.0,167.18702102735128,0.5988549408387093,0.04606159716531463,0.1393656257683111,0.017372404180085732,2.636565889976793,13.59528636932373,17.276502890990603,0.13820557049043614,-5.901802062988281,32.05592793784898,0.3761557212707417,12.660884857177734,1.7503810091790328,0.0025969052575254086,18.562686920166016,30.783666423796195,0.36063211461859923,-5.901802062988281,12.660884857177734
CASE00382,0.8560493588447571,6.780842304229736,-5.924792945384979,-2.9286627769470215,13.20453691482544,38.78476810455322,46.97493362426758,0.5860751983179764,0.40027073869464813,3663.0,1064.3498015220373,0.611527480678796,0.028064446566640564,0.09108742004263837,0.018353503702812746,4.55316199027754,14.459999084472656,20.84895896911621,-6.388959884643555,-2.0781068801879883,23.390395879745483,46.5295033454895,51.66252660751343,0.6275398639939918,0.36586939436639077,3806.5,736.8790606334258,0.6572182712271597,0.11207294907731984,0.08805970149253194,0.016702622030145685,5.020713800574398,18.039230346679688,43.13726806640625,-25.098037719726562,-10.980392456054688,51.76470947265625,58.03923034667969,128.62747192382812,0.7110064122251294,0.25044240324482675,2966.25,98.28625285359087,0.7607781666040236,0.35623120819771853,0.08556807797745442,0.019858677738560607,1.9781570844690815,,,,,,,,,,,,,,,,,-0.46416693925857544,13.542520507851243,0.038044878202078705,18.709077835083008,7.311732255170136,0.022908199326028316,,,,,,,18.709077835083008,
CASE00383,-13.700511932373047,-25.522451400756836,11.821939468383789,4.755060195922852,2.884943962097168,32.38595026731491,49.56143021583557,0.5800223958178238,0.4043464651242923,567.0,179.2777175222844,0.5772290634937542,0.15587328287032276,0.09330902172187165,0.0489800702381913,2.3851755284624776,32.37689018249512,31.086212158203125,1.2906780242919922,-3.0061817169189453,27.484936714172363,52.871649742126465,104.00004005432129,0.875441346763999,0.11701046514916619,161.25,7.562241731127087,0.814297707240472,0.7067563779066253,0.07557740077160945,0.08064369093458121,1.562530422779214,40.00001525878906,24.313735961914062,15.686279296875,-6.2745208740234375,25.098037719726562,48.62745666503906,119.21568298339844,0.817158696981151,0.1530746489448407,193.5,39.85285435197835,0.6357865139351416,0.29896329503978997,0.07200993604987263,0.08322227479716081,2.2247455218245786,39.47874069213867,17.006603240966797,22.472137451171875,2.122905731201172,24.950361251831055,57.70671033859253,100.81274795532227,0.8943903336767355,0.09557341756898155,169.5,48.153400710645556,0.7798391337694691,0.4126717129228689,0.09753712805874491,0.0711758602876349,1.8605767656106542,-10.531261444091797,50.2022178340214,0.3718734304008005,-14.395601272583008,5.494378280015596,0.015706927168802058,-21.181459426879883,7.692437571870434,0.026107166446257903,-6.785858154296875,6.64320232603503,0.015022614209694344,-14.395601272583008,-21.181459426879883
CASE00384,,,,,,,,,,,,,,,,,62.781673431396484,49.4307975769043,13.350875854492188,4.31712532043457,-21.12946891784668,27.91995334625244,470.3625831604004,0.5968341104652063,0.2426185390712203,81.5,9.233092656309694,0.7636400099847196,0.3328025477689342,0.09940652818972662,0.010002909123456485,2.3324910675525143,83.0,88.0,-5.0,-5.0,3.0,17.0,125.0,0.5481267404009822,0.37197165411043637,224.5,84.60053191322145,0.6425220345424555,0.31641202562682896,0.09328635014819495,0.017902298207528387,2.3431271295125065,70.29961013793945,69.25736999511719,1.0422401428222656,-0.8256721496582031,12.1607666015625,15.77877140045166,30.672618865966797,0.5403216804875658,0.3183584796422313,197.75,68.29119635794939,0.5493209585886376,0.23526287838430557,0.16598664688396517,0.012800143218382796,2.9144194462828166,,,,18.350875854492188,26.06175448165699,0.22599933846680884,12.308635711669922,15.77261354513509,0.10688863456272586,-6.042240142822266,11.834391009532714,0.16962707026886634,18.350875854492188,12.308635711669922
CASE00385,-17.93464756011963,-15.01927900314331,-2.9153685569763184,-7.285824775695801,-7.381972312927246,52.44621527194977,138.65910506248474,0.9241951033653463,0.06443921147040603,580.25,139.8791889453181,0.500084141225955,0.485257548844896,0.05177234410178001,0.04848941936491338,2.9032157971958426,39.060935974121094,36.84624481201172,2.214691162109375,-3.8282241821289062,5.381824493408203,53.66813921928406,109.00371265411377,0.9124959137062051,0.07232608735693544,456.75,107.96382496003001,0.4013955903168189,0.29638839549994506,0.11170218336037367,0.0285660958780179,2.3891942139363977,69.80392456054688,85.49020385742188,-15.686279296875,-15.686279296875,23.529403686523438,50.19609069824219,100.39215087890625,0.8287911668284174,0.14038029936489194,587.5,34.48550420104076,0.3750175873986871,0.14145562400166387,0.09819362270274903,0.015148658351473724,2.1367978049626566,44.471275329589844,45.72186088562012,-1.2505855560302734,-6.307441711425781,18.223356246948242,61.85942316055298,116.40086841583252,0.9406560711758654,0.05170567309574365,433.75,55.620926817161184,0.4571020322270194,0.34837181764316355,0.1078590502120417,0.03909245176293056,1.2345770608660998,5.130059719085693,60.92912279699796,0.3455059705758571,17.900970458984375,42.310316887150236,0.14228580637517213,3.4652767181396484,10.17211768786831,0.023235709780046125,-14.435693740844727,42.47166810639495,0.10557068963942214,17.900970458984375,3.4652767181396484
CASE00386,,,,,,,,,,,,,,,,,35.120187759399414,-26.82078742980957,61.940975189208984,22.944069385528564,6.452333450317383,36.09478998184204,189.43903732299805,0.6766039955723371,0.2884811807342729,2073.75,475.0691397049486,0.6909325038258601,0.12181627396731765,0.09162868429048224,0.028157994717090643,2.235290826926225,61.960784912109375,7.058837890625,54.901947021484375,23.5294189453125,18.82354736328125,43.92155456542969,207.05882263183594,0.6828863135058362,0.31142469854567295,2622.25,683.721205975067,0.7036073092972479,0.3003571262927042,0.1055454269219002,0.025753805631598556,1.8433675811458494,52.97202682495117,-5.609799385070801,58.58182621002197,20.591402053833008,14.533853530883789,39.10519313812256,204.63836288452148,0.669629518259786,0.2984055034789684,2640.25,753.7985059019419,0.6616380018508209,0.12663359725263443,0.12561531449406518,0.0623797717747291,2.524809630434091,,,,7.039028167724609,26.267302365243935,0.13997517374451954,3.3591489791870117,16.371660403945544,0.06579142335138845,-3.6798791885375977,9.942682573231806,0.026164708527174074,7.039028167724609,3.3591489791870117
CASE00387,48.25971984863281,45.024288177490234,3.235431671142578,-0.5013256072998047,1.0281791687011719,15.771793365478516,121.26138877868652,0.5692859531492355,0.3151614630264989,105.25,35.75874019033668,0.5996142619544129,0.11384217334910941,0.10304054054041621,0.0048071566146149014,2.2970036970332504,111.45765686035156,54.6014289855957,56.85622787475586,28.451068878173828,-25.629425048828125,42.50407409667969,142.44577407836914,0.7528573141620227,0.19282297434045387,41.5,12.459935794377111,0.8371635485083545,0.4786545924905737,0.23503861003832643,0.042675453257558116,1.2809759719904237,126.0,104.0,22.0,4.0,8.0,27.0,150.0,0.4946259770857497,0.5004066575912625,161.5,68.097356776897,0.5231753954658305,0.14810281517566581,0.20632239382214487,0.03247218375435231,1.2981537858456467,89.82804107666016,80.94246673583984,8.885574340820312,-1.9833297729492188,5.371360778808594,24.400390625,121.3289041519165,0.5085962955547608,0.4925500619084627,164.75,45.38378014224906,0.580815232758937,0.2755498059472762,0.1424951737450018,0.020263279372201223,1.41206307848065,53.62079620361328,62.84597439912304,0.7398507697477101,34.85622787475586,16.454761617097816,0.1083989837853853,47.97065353393555,21.340053319785653,0.17504322212471843,13.114425659179688,36.41926219746199,0.4485024924520576,34.85622787475586,47.97065353393555
CASE00388,-26.655227661132812,-37.21737861633301,10.562150955200195,6.634258270263672,-7.607780456542969,23.041849613189697,47.140564918518066,0.6358259308132627,0.30848328413875126,409.5,140.94413787029242,0.6658307668376992,0.14659131049047477,0.0898019178273641,0.06353514956910945,1.987118916776015,-11.034784317016602,-8.874320983886719,-2.160463333129883,4.5087127685546875,-2.5163469314575195,24.816172316670418,66.40875291824341,0.6544974517099443,0.31256251571475585,400.5,149.44313299713707,0.6492124147253734,0.33698339809135647,0.001469867711905414,0.09785163361911473,1.4958528518779368,-3.92156982421875,13.333343505859375,-17.254913330078125,0.0,4.7058868408203125,31.37255859375,94.11764526367188,0.6208398236076601,0.3338208914717139,470.5,147.77432117929015,0.6249731661903888,0.299335548171763,0.033561979421840284,0.006333653326271071,1.418170103088439,5.757620573043823,12.530067920684814,-6.772447347640991,6.019394740462303,2.1842617988586426,30.20841646194458,75.99913501739502,0.6985313088401878,0.26498890766543837,364.0,113.01990975045061,0.6387061132967328,0.22712822324186815,0.030447259746612148,0.06413099848830568,1.8067148490269103,-12.722614288330078,15.872867310373605,0.12361564149402349,15.094449996948242,7.725421566094678,0.054534588387900096,4.611984014511108,15.649269321439974,0.11968485878331907,-10.482465982437134,8.018802962271993,0.043919501551534824,15.094449996948242,4.611984014511108
CASE00389,-24.053019523620605,-37.9924430847168,13.939423561096191,7.560041427612305,7.184785842895508,32.443113565444946,113.5892562866211,0.545649466613658,0.41366620430759676,11347.25,4711.950624476025,0.5998460023209213,0.005262453133368337,0.08468951144768504,0.019368834414724374,1.9769839855127878,-20.463801383972168,-36.61872863769531,16.154927253723145,8.019988059997559,11.226044654846191,33.69926971197128,119.44147372245789,0.5986151264761422,0.3753246262531385,11610.0,2787.173388937258,0.6734975371621491,0.2441885377610814,0.0892431521039014,0.015137753244173572,2.2606300958096486,-8.627456665039062,-22.745101928710938,14.117645263671875,12.549041748046875,20.392181396484375,45.490203857421875,138.03922271728516,0.6704472212290016,0.32031887726519775,9740.25,861.9882177269014,0.736921160448981,0.3393839314067527,0.08559613719995875,0.013659461069915113,1.3169346864250495,-1.8394719958305359,-17.892290115356445,16.05281811952591,4.087792158126831,25.484346389770508,42.86151313781738,128.25207138061523,0.699362661526338,0.2818334148601921,7894.5,2163.852409477134,0.7050021034490415,0.14685324049274948,0.1049306492835152,0.012364274364406652,2.034191828258004,2.215503692626953,4.710281164304713,0.005015095752367146,2.0372819900512695,12.98232220964205,0.05041297634863149,0.10210913419723511,17.145452778503017,0.0771663112323183,-1.9351728558540344,5.4390711637356315,0.011070381956437017,2.0372819900512695,0.10210913419723511
CASE00391,-19.153705596923828,-26.247471809387207,7.093766212463379,9.237998008728027,-3.8474349975585938,25.86717987060547,41.9397132396698,0.6063478812413214,0.3357981326698734,33.0,11.022703842524301,0.6380057792958994,0.20574162678441427,0.07109794482490077,0.032899565038388874,2.027142189293957,-1.5200581550598145,-15.672639846801758,14.152581691741943,12.450916081666946,16.59364488720894,38.76698112487793,47.745314598083496,0.8423447563251555,0.1282243560971495,15.5,9.205976319760984,0.9284148319075239,0.9856459329671939,0.1538603962226368,0.02837095244061282,1.8398846768046488,10.196090698242188,11.76470947265625,-1.5686187744140625,10.98040771484375,0.0,36.07844543457031,81.56863403320312,0.6652879098663995,0.27588398025236405,22.75,5.0682837331783235,0.8182769883158352,0.7478260869240075,0.029809294575023498,0.08495176043100848,1.842419755112227,-7.843414783477783,-4.7403154373168945,-3.1030993461608887,4.335105895996094,-30.30925178527832,44.461334228515625,64.45322847366333,0.7455771064503587,0.2315477637483485,18.5,5.937171043518958,0.7326827915858058,0.34449760763901927,0.059803740048028506,0.03825156174485148,1.9780675718212317,7.0588154792785645,28.630696853883265,0.16029225181521384,15.721200466156006,13.304931249637791,0.09252063566709928,17.255681037902832,17.677461524147155,0.09635120770615521,1.5344805717468262,19.3833771973843,0.089561245542319,15.721200466156006,17.255681037902832
CASE00394,,,,,,,,,,,,,,,,,5.756800174713135,21.01485824584961,-15.258058071136475,-9.739777565002441,16.989434346556664,27.03219997882843,54.21838688850403,0.7773121358453619,0.18930391548355904,1490.5,139.93123311112498,0.8080929544805486,0.5154495883670932,0.060188391744001916,0.03874978200809464,1.520882113281271,8.627456665039062,47.8431396484375,-39.21568298339844,-21.960784912109375,39.2156982421875,40.78431701660156,72.15687561035156,0.8681388617982927,0.0880411921774409,732.0,184.8499391398331,0.8898530044917543,0.6514213836474709,0.08594218959226971,0.054667780337587894,1.846786425719385,14.982663631439209,50.548418045043945,-35.565754413604736,-18.61634063720703,37.24883031845093,39.39078772009816,64.36211717128754,0.847584430170808,0.11140888027165224,817.5,170.3489066592445,0.9191036448631286,0.7919384154812402,0.10546243708730371,0.03645054107885257,1.7223398552296965,,,,23.957624912261963,8.508465928991601,0.06644913509365122,20.30769634246826,13.146533862253367,0.06090532905982059,-3.649928569793701,4.653045584532591,0.03294090989530201,23.957624912261963,20.30769634246826
CASE00395,,,,,,,,,,,,,,,,,82.71941375732422,60.02114486694336,22.69826889038086,15.849584579467773,-10.316818237304688,24.89325714111328,19.33980941772461,0.5085335671731936,0.47184684078077066,23.5,8.200609733428363,0.7435606060419364,0.27878787877098254,0.14059304703404604,0.009054895302768403,1.4698611426304296,91.0,87.0,4.0,2.0,6.0,22.0,20.0,0.5491200821937519,0.46004949377389387,33.0,12.12435565298214,0.5556468038050305,0.1754385964809685,0.1365030674839647,0.010238205484380182,2.030189941502615,,,,,,,,,,,,,,,,,,,,18.69826889038086,8.228765561697772,0.06234806589945645,,,,,,,18.69826889038086,
CASE00396,36.52045822143555,42.468936920166016,-5.948478698730469,-3.7844924926757812,0.9445400238037109,23.723541259765625,22.83962917327881,0.4320829557691395,0.5695674202258711,111.25,42.59327998640161,0.44788437890929267,0.06639839034071633,0.08245398772985901,0.0017518334867419605,2.9742520985099423,81.00596237182617,50.47946357727051,30.526498794555664,17.283279418945312,-15.335456848144531,33.44503402709961,27.758628845214844,0.44461437740813387,0.5405328224559374,92.0,26.61766330841233,0.6414664382823364,0.2293762575406564,0.1774233128830002,0.0065025683660421925,1.750300748559805,101.0,88.0,13.0,9.0,20.0,34.0,31.0,0.509251833387057,0.5045818746557958,111.5,33.350412291304586,0.5227305315110665,0.12048192770842406,0.15656441717752992,0.0415392381008814,1.5971843450925625,75.50951766967773,96.62006759643555,-21.110549926757812,-10.788894653320312,22.018489837646484,32.454657554626465,26.781583786010742,0.5767809475107306,0.40951156908358494,101.0,23.93741840717165,0.5859657610102007,0.1307847082468655,0.09374233128811352,0.0030582855785495243,4.373396460309628,36.47497749328613,44.73517800464547,0.524583708484491,17.526498794555664,19.163849993256456,0.10413022861044155,51.63704872131348,4.746892987518016,0.01090063577924054,34.11054992675781,23.811831504778393,0.16037030887419496,17.526498794555664,51.63704872131348
CASE00397,-21.50032901763916,-30.899763107299805,9.399434089660645,3.876519203186035,6.670477867126465,23.006892681121826,111.2410569190979,0.9537579783268071,0.02490315023691309,13357.75,5457.2231205531625,0.7173629051188464,0.09123786111497227,0.058006124296361976,0.0387247048990243,1.697601642519584,-0.06816430762410164,-19.999784469604492,19.93162016198039,7.116693437099457,17.870450496673584,49.85424852371216,137.7486047744751,0.6775400229031641,0.31188840426068337,34724.25,7503.086577369343,0.7286576883742131,0.33171907334284295,0.06905786608262936,0.02228877899282571,2.175223721024784,22.745101928710938,2.3529510498046875,20.39215087890625,0.0,34.509796142578125,70.58824157714844,178.82351684570312,0.5672742861287106,0.427496177994455,43694.0,16558.431432354937,0.6443285832832197,0.06911252860954051,0.06524064788760768,0.022064662042291232,2.2017884418087634,23.577404022216797,7.8997368812561035,15.677667140960693,-1.1844463348388672,33.48399257659912,64.24543309211731,166.92700576782227,0.594114206426973,0.39910479722109554,37984.75,17094.966238267334,0.6289136768005875,0.027665728957609277,0.06457653277047078,0.022548131880738554,2.1968754531109957,10.532186072319746,41.13783483055918,0.21731962969975147,-0.46053071692585945,21.789376187231394,0.06691004224060008,4.253953021019697,21.694391391301185,0.06107469082667934,4.714483737945557,3.606916397748314,0.005212399429428891,-0.46053071692585945,4.253953021019697
CASE00398,52.138296127319336,43.60194969177246,8.536346435546875,5.596521377563477,-8.929805755615234,30.94118881225586,49.0739483833313,0.5573429708917029,0.4263786206505388,729.0,177.28931157856076,0.6216889359203273,0.07506584723425139,0.057962829859298716,0.03311917879510856,1.2625236346819828,80.87532043457031,73.39921569824219,7.476104736328125,3.9698333740234375,0.4638710021972656,41.26167297363281,59.366299629211426,0.6482726219711831,0.3278287929650453,616.5,131.50190112694187,0.7148723295281249,0.4431518876197473,0.07100318307830834,0.034833013297916944,1.0380755009486877,108.0,115.0,-7.0,-4.0,2.0,45.0,87.0,0.5963087689395307,0.389558083007223,733.75,205.4925485267045,0.6193883223678278,0.1799496644291528,0.04877297463802815,0.031925775712001156,1.0678104138432707,,,,,,,,,,,,,,,,,-1.06024169921875,30.429369796060033,0.20266557276100824,14.476104736328125,25.554327831515387,0.11292999008900483,,,,,,,14.476104736328125,
CASE00399,,,,,,,,,,,,,,,,,-6.302215099334717,-9.439187049865723,3.136971950531006,-1.0784780979156494,2.7684946060180664,26.53533101081848,21.68879860639572,0.6881748781882338,0.3175726569965134,224.0,32.94692701907114,0.6932457537134845,0.43566878980614226,0.17460020574199261,0.03161372884913354,1.141799596018385,13.333343505859375,21.176483154296875,-7.8431396484375,-10.980392456054688,1.568634033203125,29.803939819335938,25.098037719726562,0.6826059184009874,0.3251099380913394,234.5,61.20661728930949,0.6306796013822662,0.14069400630826062,0.1568315720564122,0.041932709951313776,1.4305815853535082,5.509962558746338,26.14187240600586,-20.63190984725952,-19.162916660308838,2.6077771186828613,27.83032751083374,23.186606407165527,0.6579292621223016,0.34104101596495895,229.5,72.25821752575966,0.5645037154976528,0.06496815286582823,0.09697933227340456,0.020746297963963413,3.395295437408296,,,,10.980111598968506,19.140435416451826,0.1570453727309784,23.768881797790527,10.851242399984066,0.0530808150281445,12.788770198822021,8.294522240670146,0.04758859791139326,10.980111598968506,23.768881797790527
CASE00401,1.1288719177246094,-18.340784072875977,19.469655990600586,8.302767753601074,-10.6170334815979,35.56092834472656,85.24883460998535,0.6250693437171481,0.2994840136685977,1103.5,340.3244775210857,0.6252608765447758,0.28624177235465365,0.08462595719613773,0.07311188540456606,1.9515974289525635,18.042482376098633,19.867761611938477,-1.8252792358398438,1.7471342086791992,-2.791627883911133,26.068400859832764,78.73589611053467,0.7040541129474408,0.23407557464752035,701.5,158.83560683927266,0.7098885588907259,0.32573446781132487,0.019454807251780313,0.07014479287649802,1.4913887082519393,36.862762451171875,29.019622802734375,7.8431396484375,4.70587158203125,12.54901123046875,37.64704895019531,105.09805297851562,0.7409994126812919,0.19557889743609486,600.25,111.51541373281094,0.7042155927795948,0.22327964860875069,0.04810524248968386,0.0431807975222596,2.8714044455967835,44.12294006347656,30.919452667236328,13.203487396240234,-1.3986186981201172,20.56553840637207,40.834604263305664,88.16182041168213,0.8343122706479654,0.14526860647503814,448.75,89.99548599790992,0.753227511103439,0.42671375822695984,0.10781137508997517,0.028565234223769925,2.276356127228854,-21.29493522644043,18.640604863210232,0.09835601153647794,-9.668418884277344,18.536136537180834,0.13454210210131268,-15.028766632080078,25.392331536227605,0.19577166502708837,-5.360347747802734,6.866495397194047,0.020621630620478695,-9.668418884277344,-15.028766632080078
CASE00402,-5.552332401275635,-50.5039119720459,44.951579570770264,9.69719123840332,-0.7547750473022461,45.00303840637207,200.60288643836975,0.6980320504585259,0.22130687428442672,15193.5,6505.154667646266,0.6272238034736553,0.06532973691411084,0.08383323107191723,0.037891740543184935,2.4782357329416436,-10.592374801635742,-42.71473503112793,32.12236022949219,8.290216445922852,6.22257137298584,25.466233491897583,126.07955729961395,0.8307998461338499,0.15693721136212524,5665.0,638.9123570568971,0.8522532637105065,0.6324850474961391,0.07976136749709493,0.029840219316205483,1.8851007665119068,13.333343505859375,-36.86274719238281,50.19609069824219,14.117645263671875,14.117645263671875,32.941192626953125,174.11766052246094,0.8337401410589008,0.1357742106520667,6264.25,918.6632612116368,0.84062439537862,0.6007809437427958,0.059391907995150796,0.04515752051436108,1.554059721759813,15.39151382446289,-30.679564476013184,46.071078300476074,7.854870319366455,15.281274318695068,28.742352187633514,155.42070960998535,0.8546196224257374,0.12259278215485958,6464.5,1355.979074322314,0.8505223698942384,0.7589460928031931,0.07443954829189445,0.021569993458803616,1.6421806269158328,-12.829219341278076,15.075555139744132,0.08146531702208513,-18.07373046875,21.814335832389947,0.18161766539978919,-13.948718070983887,24.19154334990734,0.21506132487155485,4.125012397766113,2.6765641873598205,0.020275573757009027,-18.07373046875,-13.948718070983887
CASE00403,45.01046371459961,46.145511627197266,-1.1350479125976562,-0.1952667236328125,5.414867401123047,18.109420776367188,32.30946922302246,0.6834565719223243,0.310420073178127,545.0,332.98273228502404,0.6668606087473671,0.04317091643520729,0.08228485153496143,0.00713859200665529,2.1632911542637854,62.0404167175293,51.7132453918457,10.327171325683594,4.430891036987305,1.1016368865966797,28.022714614868164,39.641714096069336,0.7155582186376493,0.28602259521761003,804.75,223.69105368789337,0.7239636958578853,0.2904148783974666,0.11246177074056125,0.024243705090271513,1.9887502890967883,83.0,77.0,6.0,1.0,4.0,27.0,60.0,0.6888824775553174,0.27726641347713726,935.0,505.332563763706,0.6656939836721527,0.08527310440187041,0.11040997251362503,0.015830364510999208,1.5318498557243578,80.03945922851562,72.63057708740234,7.408882141113281,0.5363731384277344,6.537837982177734,24.300086975097656,43.065147399902344,0.6640862396650465,0.3317167452091397,876.25,502.9415348725933,0.5859323581296313,0.07346629638973873,0.14453563547672477,0.005035256861837213,1.2006942596979178,11.46221923828125,17.1116130818743,0.1969071500490055,4.327171325683594,19.96877567580038,0.15626225411630998,2.9182891845703125,17.610080299284583,0.12769859335340003,-1.4088821411132812,3.348113106182096,0.013918341179534369,4.327171325683594,2.9182891845703125
CASE00404,44.44808578491211,29.06281852722168,15.38526725769043,3.5448875427246094,-5.906761169433594,14.877140045166016,56.282692670822144,0.7621058959248835,0.120375529542828,22299.5,10284.396931760268,0.7372387828816062,0.37940038881248334,0.09563838317488495,0.026224227811603693,1.677617379487682,66.7919692993164,43.941518783569336,22.85045051574707,4.488872528076172,-20.044960021972656,36.05192565917969,59.73937904834747,0.6927013925483451,0.18038672823519883,21298.5,4297.42262873923,0.8903782954388609,0.8113344939002224,0.07162152965786793,0.06020082996375516,1.6239190574322473,88.0,51.0,37.0,9.0,-23.0,32.0,66.0,0.6800796964631256,0.2556132350226792,29125.0,8842.429445576594,0.775638759197803,0.4248397357474782,0.09521231111544791,0.033127249642715094,2.135692618100217,,,,,,,,,,,,,,,,,7.465183258056641,29.239484895911538,0.3082041941883214,-14.14954948425293,18.175270081866323,0.09326428771971619,,,,,,,-14.14954948425293,
CASE00405,,,,,,,,,,,,,,,,,-1.128239631652832,-15.83812427520752,14.709884643554688,4.087341845035553,4.657361328601837,38.609395027160645,52.02510452270508,0.6010007447314957,0.39854200633404674,2036.5,568.1608487039564,0.656043132882538,0.2851369242559507,0.1332365930599201,0.016425950541218873,1.3743370348538082,27.45098876953125,3.9215850830078125,23.529403686523438,4.7058868408203125,6.274505615234375,48.62745666503906,94.11766052246094,0.6675998165583925,0.32430728153696287,1906.25,600.5977751374043,0.7210270263181692,0.3275502656174248,0.11432176656149977,0.013502136169658103,2.111785755351785,27.497812271118164,4.095746994018555,23.40206527709961,4.323286056518555,5.624785423278809,49.36241966485977,94.39043426513672,0.6687562934279985,0.32315348158904467,1921.5,596.783252110848,0.7032102873200776,0.2705734791998672,0.10611987381702132,0.014462266631606277,1.9974504939546829,,,,-8.81951904296875,26.494715237911418,0.13278291355743493,-8.692180633544922,26.455137047007558,0.12709239397548205,0.12733840942382812,0.39415626616444327,0.006128292390976382,-8.81951904296875,-8.692180633544922
CASE00406,,,,,,,,,,,,,,,,,35.18367385864258,55.21147155761719,-20.02779769897461,-6.306186676025391,8.854939460754395,51.582414388656616,49.12691831588745,0.28255279776087,0.7170793518167196,1149.75,556.3220178098293,0.4049004074650994,0.009630459126518186,0.08030173987098169,0.0003222168519413241,2.0822562485235925,43.0,95.0,-52.0,-30.0,22.0,62.0,59.0,0.24710870534401413,0.7522844663540789,1293.5,545.6837454057065,0.41031807759211636,0.015185350602913834,0.07196739262679647,0.0009565812792008059,1.4962156899823817,,,,,,,,,,,,,,,,,,,,31.97220230102539,9.357376175696409,0.014219171626267615,,,,,,,31.97220230102539,
CASE00407,,,,,,,,,,,,,,,,,2.4088969230651855,-7.854007244110107,10.262904167175293,11.312949180603027,,29.152786254882812,44.540141105651855,0.694165051988133,0.30345672267351176,28.25,0.82915619758885,0.7949994292169994,0.46153846152071004,0.017443445080379608,0.002672756491583748,6.2679424009393285,46.27452087402344,29.019622802734375,17.254898071289062,25.098037719726562,,39.21568298339844,81.56863403320312,0.7476266548514261,0.23153361903878517,26.25,3.5619517121937516,0.7794606077124858,0.41923076921464497,0.08081221041144615,0.036522033324869065,1.2089124709724592,19.397764205932617,22.811054229736328,-3.413290023803711,-3.10756778717041,,52.856080055236816,115.80095291137695,0.7810947413728963,0.1625009305610814,32.75,14.771171246722448,0.7144581453473146,0.24230769229837276,0.06500408830735213,0.02537427048971913,2.154014093693985,,,,-6.9919939041137695,41.05560890926549,0.3858060060334181,13.676194190979004,17.63994892800945,0.17083900547787848,20.668188095092773,37.09442284560483,0.2182964779275978,-6.9919939041137695,13.676194190979004
CASE00408,37.315818786621094,3.6556594371795654,33.66015934944153,4.90788459777832,0.3366069793701172,24.0931339263916,127.1304407119751,0.5807171578103479,0.35928416721856543,789.25,394.15946963126487,0.5856174738602479,0.07432668765289555,0.11899522301534056,0.022145456220347092,1.2767534584198357,68.95770645141602,-1.3230612874031067,70.28076773881912,12.128711700439453,-2.8621673583984375,30.247035026550293,154.21859550476074,0.49061024095569955,0.45555990366574306,938.75,407.7746773648408,0.5909732241548399,0.08167191325624051,0.10450324727598921,0.01768688683155841,1.3079719760346105,76.0,49.0,27.0,4.0,2.0,28.0,155.0,0.6587230396342514,0.27043933989034663,873.0,330.14466526054906,0.6584988714031448,0.16617468310441713,0.1091192099188937,0.03731748883054329,2.0046608580151886,70.75321960449219,46.703847885131836,24.04937171936035,4.458740234375,3.96807861328125,26.7445125579834,148.29997444152832,0.6740674929871364,0.2499074203459949,776.0,335.2156022621859,0.6350335694795367,0.1362364463096603,0.1020342440018775,0.01685781401132911,1.2816250177051383,36.620608389377594,31.643176703540227,0.33889284811976167,43.28076773881912,7.42961459635778,0.02584574601877069,46.23139601945877,3.3344961315951474,0.008132488268758405,2.9506282806396484,5.506604895584634,0.017456360755921028,43.28076773881912,46.23139601945877
CASE00409,,,,,,,,,,,,,,,,,2.8273367881774902,-0.960664689540863,3.7880014777183533,12.203060656785965,-14.860052555799484,39.494144439697266,63.920345306396484,0.847014659679309,0.1254478462014862,173.75,29.80247472945829,0.8047779680322795,0.6046013911150102,0.07321594068579411,0.046716053895667284,1.1930704858214114,38.43138122558594,30.588241577148438,7.8431396484375,26.666671752929688,-6.274505615234375,40.78431701660156,95.686279296875,0.8242478615922472,0.12777059505333194,173.0,69.20621359386742,0.7914146255342069,0.5101751064812581,0.09428245526481276,0.03995910417582691,1.9476078790419142,35.868736267089844,21.35220718383789,14.516529083251953,29.617456138134003,-18.045681953430176,56.653335474431515,96.12062454223633,0.8346280505238208,0.1373721440140737,141.5,54.865745233250955,0.759501803795648,0.25682182985416363,0.048941327439919816,0.04461414561426301,2.411442745642315,,,,-4.055138170719147,33.458776572407,0.25093572920105434,-10.7285276055336,29.505636436708226,0.2122026505727787,-6.673389434814453,6.161441585343862,0.021179343838337434,-4.055138170719147,-10.7285276055336
CASE00410,,,,,,,,,,,,,,,,,30.05841064453125,14.121333599090576,15.937077045440674,7.4749555587768555,-6.589487075805664,49.459901332855225,64.21120166778564,0.5670623599374539,0.4353543301086791,508.75,162.89164343206807,0.6349309054880108,0.1737408036214665,0.10656499907008041,0.02250074983272832,1.351292915113709,72.94119262695312,76.07843017578125,-3.137237548828125,-6.274505615234375,-1.568634033203125,62.74510192871094,84.70587158203125,0.6139995044964462,0.3857700045983936,542.5,258.22131980144474,0.6020208805621334,0.028664142779803507,0.07277912094722187,0.04944281660244737,1.4107788902967364,64.84707641601562,106.49343872070312,-41.6463623046875,-34.79636001586914,3.7260360717773438,50.56881332397461,88.82350826263428,0.6193560644435998,0.37158702429547674,547.25,222.4032092843986,0.5407535155769349,0.07130730050913608,0.08111710371332183,0.020580024456081685,1.2885720774613787,,,,19.0743145942688,39.607032312114605,0.1677554211145009,57.583439350128174,33.35557564392992,0.13015870995997134,38.509124755859375,9.076554369909768,0.020246152732199454,19.0743145942688,57.583439350128174
CASE00411,,,,,,,,,,,,,,,,,0.9928606450557709,-21.878925323486328,22.8717859685421,11.548153817653656,23.47219181060791,53.99113130569458,153.52353858947754,0.608315974696736,0.36997957754762895,7362.25,787.8795513909471,0.6329524379360497,0.1871103570917182,0.05900028069077268,0.034874087791327724,1.7591801279482595,11.76470947265625,2.3529510498046875,9.411758422851562,0.0,39.2156982421875,70.58824157714844,183.5294189453125,0.6520048487567249,0.33144422856199385,6989.25,493.93844505160763,0.700459570916194,0.2520802741066544,0.06861739086420232,0.029033312622084393,2.7870641309763813,10.975420951843262,4.597924709320068,6.377496242523193,-4.391676902770996,41.750683307647705,70.48794412612915,159.13043212890625,0.7143392265846339,0.2705563121602287,5362.0,657.4648279565988,0.7361484930681558,0.3266561739876282,0.09878934847529236,0.019153843967137957,2.887587274699196,,,,13.460027545690536,13.580970611087764,0.0295020832327755,16.494289726018906,12.969208029199635,0.02770570320995812,3.034262180328369,1.0087570319968695,0.001737937282855812,13.460027545690536,16.494289726018906
CASE00412,,,,,,,,,,,,,,,,,74.63446807861328,70.26058578491211,4.373882293701172,-2.5592880249023438,-9.660964965820312,22.053064346313477,53.35151147842407,0.5386458824566367,0.4600200138362216,156.0,44.58138625031752,0.6288629582236566,0.1828644501255388,0.10399007649347945,0.0020606417427136083,2.849090120035591,91.0,103.0,-12.0,-11.0,3.0,24.0,70.0,0.4121487802870371,0.5707052573996217,201.75,76.11956056100166,0.4639296316769661,0.0439952437569085,0.09013851560866211,0.008376374876225447,2.338182309365807,,,,,,,,,,,,,,,,,,,,16.373882293701172,16.319427838603605,0.14320504178542212,,,,,,,16.373882293701172,
CASE00413,49.627925872802734,58.91515350341797,-9.287227630615234,-2.5382652282714844,6.020519256591797,21.06429100036621,21.9556941986084,0.4832291449231591,0.5107548282831957,56.75,25.292044203662147,0.4230641120380572,0.06719367588667219,0.05531421951909843,0.0020616499850357258,1.5979919593682135,83.90966796875,64.63601684570312,19.273651123046875,14.609588623046875,-1.4890975952148438,30.44900894165039,25.638855934143066,0.5654537248599788,0.4419114868394282,36.75,12.577261228105266,0.6503171784210388,0.4466403161878798,0.16420503909596235,0.00482160077145452,3.3825014543778456,103.0,103.0,0.0,0.0,19.0,29.0,28.0,0.5785408002280438,0.4423774555022373,58.25,17.977416388346796,0.41003582609955164,0.09803921568242983,0.13119026933063657,0.01020849266783819,2.7587711218090454,,,,,,,,,,,,,,,,,28.56087875366211,33.92455971373295,0.42220652216120114,19.273651123046875,18.680222828521455,0.12656872618449608,,,,,,,19.273651123046875,
CASE00414,40.85837173461914,23.173203468322754,17.685168266296387,5.675691604614258,-1.3055896759033203,81.85767437890172,108.47818851470947,0.030712536910061785,0.9657592850304947,2931.25,1012.5041666580934,0.24100939786226758,0.002925117004674483,0.10382405389329916,0.0009176920690723662,1.5042340078809502,65.26258850097656,44.818918228149414,20.44367027282715,3.4706783294677734,-16.017438888549805,42.7675724029541,64.55489301681519,0.8101832700147397,0.18768976844564772,165.75,59.402756670040155,0.8505398627765269,0.511115444616788,0.11026352288477287,0.01165856684934189,2.745503807866716,87.0,82.0,5.0,6.0,5.0,28.0,107.0,0.6674993386057126,0.30127689107477873,698.0,287.88278864843585,0.6553135305154549,0.11279305888847556,0.08311868436686831,0.009965360355701329,1.3745947275533221,68.66191101074219,67.32157135009766,1.3403396606445312,1.966796875,9.291606903076172,21.184038162231445,76.20915651321411,0.5912041781702844,0.37532396762052506,558.5,273.0718769847968,0.5786622778253613,0.060647425896917614,0.1075886665344684,0.00483403991314176,1.4010088878565155,2.7585020065307617,34.4035084283655,0.19206680615820468,15.443670272827148,19.906290521594823,0.11057406991174147,19.103330612182617,10.438249628034498,0.09943075864433756,3.6596603393554688,16.843848120506454,0.1740628048494398,15.443670272827148,19.103330612182617
CASE00415,,,,,,,,,,,,,,,,,53.98907470703125,50.46983528137207,3.5192394256591797,-0.0133514404296875,6.353342056274414,26.252727508544922,29.718388557434082,0.6194951393493182,0.38912326249359985,343.0,75.53806987208503,0.6029195172495413,0.1859052247867986,0.11617952794416278,0.012729613404041511,2.1737582669685813,85.0,103.0,-18.0,-4.0,24.0,27.0,42.0,0.7066359344904566,0.29438103628857015,281.25,75.61208567418306,0.7682038444279202,0.5431918008768867,0.04922343157634265,0.02787064791330145,1.3584901100733588,75.58355712890625,87.03000259399414,-11.44644546508789,-11.645233154296875,7.099216461181641,22.33318328857422,30.18720054626465,0.6263859405704173,0.37114682288132794,329.75,119.06799528000796,0.6927209638590255,0.213547995139084,0.0897028249968878,0.0069652601644755435,1.8494372981989997,,,,21.51923942565918,29.950926393690025,0.3023966973167912,14.96568489074707,20.807269020225274,0.2120167631351941,-6.553554534912109,9.682276201136071,0.060199866025952065,21.51923942565918,14.96568489074707
CASE00416,44.60637283325195,29.639455795288086,14.966917037963867,3.267496109008789,-1.5656089782714844,19.086193084716797,108.55169486999512,0.7729582366122344,0.1825909976444681,4633.75,2257.542621413824,0.6731507692437781,0.15125081104458915,0.12752810296272402,0.023171498491420705,1.2031188345074082,59.13190460205078,28.00537109375,31.12653350830078,7.635263442993164,-4.059139251708984,25.209819793701172,122.33629417419434,0.7784689829139909,0.2176901166325934,2777.0,284.3650822446385,0.7889012119929348,0.4770143945400531,0.1463914166685891,0.03976134148161796,1.294233859672639,82.0,67.0,15.0,3.0,-11.0,29.0,109.0,0.7715047093286991,0.1990186003097194,4168.5,1046.7723009327292,0.7572031090780479,0.41705502989210164,0.10214816021596783,0.018358521547570703,1.2240954662923331,67.4496841430664,60.874488830566406,6.5751953125,1.0033912658691406,1.4396858215332031,20.24718475341797,113.36126136779785,0.6495756074454827,0.31821198557133845,4420.25,2140.3738429302484,0.6405767467916674,0.03138442313699292,0.11348244001208911,0.00553899461254166,2.186617452527112,16.159616470336914,18.620485964715986,0.1534514496025584,16.12653350830078,21.15658687291417,0.18003132996959995,24.55133819580078,7.91986996972397,0.053685392387152024,8.4248046875,14.908981217914103,0.13328917766827533,16.12653350830078,24.55133819580078
CASE00417,38.38107681274414,25.57950210571289,12.80157470703125,4.681034088134766,-3.318500518798828,18.362150192260742,110.43391799926758,0.7622701509495192,0.158812839116245,278.75,138.33360943747547,0.6291349066738013,0.13866901201952897,0.13740612949050643,0.005503276499269821,1.2507039100826824,67.60977172851562,34.582550048828125,33.0272216796875,11.000925064086914,-28.01509666442871,34.65863800048828,114.58517837524414,0.7864420117088058,0.1624982271444215,170.25,21.775846711436962,0.8982641942721412,0.7326297273505347,0.18015019281502734,0.02926798968911896,1.5743130117436919,88.0,65.0,23.0,7.0,-13.0,27.0,152.0,0.8178039996094414,0.10833633751923921,312.25,118.84312138277082,0.7264261090382091,0.22290938424247672,0.1685001014815634,0.03944843007546573,1.159831082295625,59.49801254272461,43.372657775878906,16.125354766845703,6.102237701416016,-4.211803436279297,21.848621368408203,131.9150733947754,0.812237354571561,0.11765516334303798,323.0,179.74287190317173,0.660351314374367,0.05658164761050548,0.14012583722340566,0.037585018168263755,1.1321611549597292,20.22564697265625,30.77592496216038,0.35126764062578064,10.0272216796875,20.095536725365456,0.15094384313638778,16.901866912841797,13.08587217084081,0.0851628870196724,6.874645233154297,27.496896122885207,0.35149676999614143,10.0272216796875,16.901866912841797
CASE00418,,,,,,,,,,,,,,,,,76.96734619140625,58.602149963378906,18.365196228027344,2.378589630126953,-4.590145111083984,41.15925979614258,63.147457122802734,0.7381376425139101,0.24830316596772745,2775.0,301.55264880282516,0.6444775914858895,0.2401143401618939,0.11952694173142657,0.04133088751082535,1.3327202624040615,96.0,83.0,13.0,2.0,8.0,29.0,144.0,0.5615094784610838,0.4330072387871476,3466.5,1677.0951821527601,0.6236711149472907,0.025971706201762656,0.08434655504616233,0.015099770457142172,1.3175747819783117,88.09229278564453,78.29352569580078,9.79876708984375,1.1643447875976562,-0.4889945983886719,30.463973999023438,78.97952175140381,0.8381575806681829,0.1251629611647147,2686.5,953.4931829855943,0.7491893726496922,0.5188551324804783,0.09353199122980309,0.05738900763056913,1.181654728790287,,,,5.365196228027344,18.934743220269635,0.10614293941114554,8.566429138183594,11.152689437494123,0.05578116118502726,3.20123291015625,12.539515492308583,0.033548760905475185,5.365196228027344,8.566429138183594
CASE00420,,,,,,,,,,,,,,,,,-14.992697715759277,-13.972053527832031,-1.020644187927246,0.22004985809326172,23.4027738571167,28.608718395233154,47.21995124220848,0.7920489059718467,0.1870707772835288,1662.0,417.5805311553689,0.7382290153422516,0.1728227300802253,0.0788892940070159,0.028716380493391744,3.0682230639342674,2.3529510498046875,11.76470947265625,-9.411758422851562,-4.7058868408203125,43.92156982421875,42.35295104980469,72.15687561035156,0.8106828252954601,0.17250523144087443,1864.75,775.2713637817407,0.8137138295598128,0.46565928702492454,0.08010784671181899,0.0369197742310775,1.7788610932564395,,,,,,,,,,,,,,,,,,,,8.391114234924316,15.486159230326589,0.12379053377442194,,,,,,,8.391114234924316,
CASE00421,-7.775240898132324,-13.356664657592773,5.581423759460449,2.0791165828704834,8.280237197875977,23.238565802574158,65.54352760314941,0.6465202708981101,0.3260484868770017,5780.0,2466.632826344448,0.6374112561756665,0.0690091463414529,0.0659243047224812,0.051906923981615644,2.3148931219337214,-5.638889312744141,-6.6244306564331055,0.9855413436889648,-0.4536689817905426,11.63929933309555,25.562915086746216,69.6113452911377,0.680731525899727,0.2943587564025123,6073.5,2090.156034845246,0.6520285628622885,0.11675304878047,0.07040686440600039,0.03840446936901082,1.9414924005756575,2.3529510498046875,10.196090698242188,-7.8431396484375,-3.1372528076171875,25.098052978515625,31.37255859375,94.11764526367188,0.7522670362786206,0.22083279993178023,4909.25,599.1871055855592,0.749707078039482,0.5016383850204065,0.06461937161747307,0.02121893735709983,2.9545988536190064,9.170393466949463,18.375986099243164,-9.205592632293701,-2.3947925567626953,26.943997859954834,39.131150007247925,71.94051551818848,0.8272144693173269,0.130992153749621,3281.25,308.8983449292016,0.8462492136650875,0.5895579268291784,0.07777401305848491,0.022909408715009856,3.0830299835324415,-4.595882415771484,2.683465712677923,0.004871151537721458,8.828680992126465,8.810100840140048,0.052679099136155746,10.191133975982666,16.944206083686364,0.10339269921582003,1.3624529838562012,8.474048647095799,0.02443323761945987,8.828680992126465,10.191133975982666
CASE00422,,,,,,,,,,,,,,,,,13.22510051727295,23.801876068115234,-10.576775550842285,3.0377068519592285,1.8547639846801758,30.373118102550507,60.57262706756592,0.691305068225435,0.269408076229027,340.0,86.78421515460055,0.6459924263763335,0.3692476260030342,0.06199060027364448,0.07722115398728503,1.1813506027574785,29.019622802734375,46.27452087402344,-17.254898071289062,4.70587158203125,4.70587158203125,28.23529052734375,69.01962280273438,0.6411280498339724,0.3000927032972161,385.5,88.14334915352377,0.6669502872133377,0.27656477438036187,0.048723897911818456,0.049885755943379476,2.155771316754187,31.36964511871338,39.117897033691406,-7.748251914978027,5.53416633605957,5.0391082763671875,30.788158178329468,66.3742151260376,0.6309700282163309,0.30667061354367137,408.5,128.18248710334808,0.5465120891554621,0.1738495252002416,0.05401868046878042,0.027491963774602713,2.564522451896402,,,,6.678122520446777,15.389178633188275,0.08998272463897175,-2.828523635864258,15.958041794305386,0.09838622230844613,-9.506646156311035,2.6993962009854897,0.01699011693653745,6.678122520446777,-2.828523635864258
CASE00423,,,,,,,,,,,,,,,,,82.16925811767578,62.621620178222656,19.547637939453125,13.955402374267578,-11.106914520263672,29.411256790161133,20.51296615600586,0.6982011922290371,0.318900364919199,42.5,4.5,0.47948979378937356,0.42738589210731565,0.14393679148034363,0.007887478058675568,1.4112546462304876,99.0,98.0,1.0,0.0,4.0,24.0,27.0,0.530094577972064,0.4709730040099123,118.75,31.514877439076294,0.36947806646571435,0.10379241516758897,0.11284781861883743,0.003738573415094778,2.3150547600653226,,,,,,,,,,,,,,,,,,,,18.547637939453125,15.710513575733227,0.12979668564316874,,,,,,,18.547637939453125,
CASE00424,38.84807205200195,45.94559097290039,-7.0975189208984375,-2.478069305419922,6.679225921630859,19.612192153930664,62.33156579732895,0.5820383658573167,0.32574718669242964,171.0,65.1766829472013,0.5602427529796817,0.09010458567908203,0.047228202368074235,0.04989129190981999,2.4130902566986863,52.560585021972656,51.584495544433594,0.9760894775390625,0.4254570007324219,5.878154754638672,26.556827545166016,42.30499315261841,0.6886314914390814,0.3105626773609562,170.5,34.81738071710737,0.6797938199866732,0.2799678197885763,0.09849300322914627,0.04315901895715697,3.2185633425914193,76.0,87.0,-11.0,-4.0,14.0,33.0,91.0,0.7195118387801254,0.2692927324712109,150.75,51.64966117991482,0.7188185578184614,0.23107569720931415,0.06095263724426675,0.028473890986758885,3.4978352306092986,70.35591125488281,80.83005905151367,-10.47414779663086,-2.734272003173828,26.663604736328125,32.26412582397461,48.00468635559082,0.7791502617853396,0.2173197680549947,139.5,31.70567772497538,0.7487767515382626,0.4167337087657544,0.08449946178675391,0.0438074531792265,3.1486302321098605,8.0736083984375,14.43108293480532,0.13953723113725172,11.976089477539062,22.986350153838966,0.18872406877971024,11.450237274169922,16.270938423918732,0.11151212146672734,-0.5258522033691406,6.772488627121134,0.022292031990214456,11.976089477539062,11.450237274169922
CASE00425,39.573997497558594,28.712119102478027,10.861878395080566,4.718162536621094,1.8130931854248047,22.60920524597168,72.92422866821289,0.5569160346594823,0.42083278071549707,452.5,215.1540146034928,0.5531707715266704,0.06605093758727666,0.08609854936272619,0.014054527188993698,1.2430623218874346,55.49901580810547,45.143911361694336,10.355104446411133,6.721158981323242,3.761503219604492,31.143531799316406,74.47029447555542,0.5626232837120533,0.42129224848933394,499.25,146.571441624895,0.622994215877666,0.22138259165905017,0.1072414400657149,0.03561872743367759,1.3761075414515118,77.0,70.0,7.0,2.0,11.0,33.0,92.0,0.6110544043769126,0.38940175169659513,480.75,186.30804464649398,0.6356892682975394,0.11618370694336747,0.09232395606971731,0.018321612938518327,1.6640180935692785,70.3883285522461,74.72724533081055,-4.338916778564453,-6.575466156005859,8.476078033447266,26.524295806884766,84.97962689399719,0.5827155230980335,0.4118253264670649,489.0,209.6687864227768,0.5513399104388714,0.10187517492274874,0.10060492159505455,0.02033082347792153,1.6935307963150756,-0.5067739486694336,16.83481488791155,0.12391495486274258,3.355104446411133,20.342264774713584,0.12293384226068065,14.694021224975586,14.240795079218858,0.0781087114486853,11.338916778564453,6.638035912318427,0.03201139191079073,3.355104446411133,14.694021224975586
CASE00427,,,,,,,,,,,,,,,,,91.64487075805664,30.706762313842773,60.93810844421387,18.81387710571289,-6.796604156494141,69.10624599456787,170.5182399749756,0.863981789180378,0.10664583087903166,614.0,13.892443989449804,0.8048816155086744,0.45006474364260135,0.13273384587220102,0.05433370385875567,1.9302738645935575,133.0,56.0,77.0,23.0,22.0,58.0,221.0,0.8758813198983311,0.11653356279774732,1780.0,555.4471171947876,0.8023583911496263,0.4540469631377531,0.12985081457071898,0.052384836367309104,1.1304554575189507,,,,,,,,,,,,,,,,,,,,-16.061891555786133,30.160119894235585,0.09232418623154663,,,,,,,-16.061891555786133,
CASE00428,41.34750747680664,8.7151198387146,32.63238763809204,2.7482242584228516,2.746074676513672,26.13298463821411,634.3817110061646,0.5043613964221384,0.4825098045375698,1289.25,676.4678022640841,0.5808841895831093,0.014276846679066545,0.1391565732472404,0.017635357022565593,1.5808435041753461,74.67390060424805,43.55788993835449,31.116010665893555,5.3538970947265625,7.5118408203125,38.408467292785645,524.3831634521484,0.574543804185076,0.4204299939730104,1131.25,502.4666033678258,0.6734257099157065,0.1671839437200836,0.07538384463499385,0.04195962445267546,1.1968855952517672,92.0,61.0,31.0,3.0,9.0,41.0,313.0,0.5442315875597132,0.4531792525493424,1310.75,660.3678425695788,0.6209259829965682,0.1248531139834265,0.0702266230512863,0.04852222970696949,1.1788084829411984,80.88481521606445,27.972387313842773,52.91242790222168,10.619014739990234,-2.4210166931152344,32.83026695251465,717.1765766143799,0.5112016205706778,0.4630120517293767,1189.75,647.897127250924,0.6073550195897935,0.015207945375527407,0.16435328441335445,0.02592413270461298,1.2253559893009378,-1.5163769721984863,33.5029220259009,0.29413642579993815,0.11601066589355469,17.254831365055708,0.06160851119826961,-21.796417236328125,6.696932544766355,0.015505414395815584,-21.91242790222168,11.701667433232453,0.04506857679101678,0.11601066589355469,-21.796417236328125
CASE00429,,,,,,,,,,,,,,,,,-17.807783126831055,-29.183527946472168,11.375744819641113,5.004656791687012,0.4383668899536133,33.70614039897919,89.78470301628113,0.5854937962406572,0.374013168981689,3107.25,1153.0284851208144,0.5998154163736915,0.12005819787270718,0.06461197748453773,0.012513656544680871,3.040561114238734,-3.92156982421875,-5.4901885986328125,1.5686187744140625,0.0,12.549026489257812,42.35295104980469,116.07843780517578,0.553673713113603,0.41784699985283447,3288.25,869.3144928620482,0.6389149780168745,0.2697300739723364,0.07681092553288947,0.04047954811365266,2.0421135269172463,3.1553730964660645,-1.7901875376701355,4.9455606341362,-1.1648154258728027,16.965600967407227,41.4890022277832,109.41720485687256,0.6245706731893709,0.33857677248906676,2756.75,499.22408545662137,0.6833619916367945,0.29033714629726554,0.0819414967241781,0.03794582322813523,2.015855933261322,,,,9.80712604522705,15.667892538104056,0.06216680973128176,6.430184185504913,22.026181560033645,0.10101582488296774,-3.3769418597221375,6.461956490446487,0.0117867109312274,9.80712604522705,6.430184185504913
CASE00430,-0.43623438477516174,-22.91636562347412,22.48013123869896,6.230072610080242,-0.1699137929826975,13.717007398605347,138.18312287330627,0.7583668249363453,0.1345760546495018,574.5,164.87040365086756,0.8342337170774164,0.7040764972315651,0.0968986496512733,0.05804937854062615,3.1406018613341313,16.770442962646484,-7.548521280288696,24.31896424293518,7.103674411773682,6.692026615142822,22.965633630752563,186.46463012695312,0.6454077648305503,0.2434163669454162,2004.0,375.00466663763,0.7403329978189503,0.43048565676872763,0.02353040934432583,0.06319649953496104,1.6019422734989055,38.43138122558594,3.9215850830078125,34.509796142578125,4.7058868408203125,12.549026489257812,31.37255859375,213.33334350585938,0.7019208999566268,0.23860937280876068,1638.5,94.31993426630449,0.8503803716294378,0.7047139380902582,0.05975876030779686,0.0561554071193021,2.9641716138062897,40.470380783081055,1.0874890089035034,39.38289177417755,6.827869415283203,10.148990631103516,28.994691848754883,205.82648277282715,0.7154703941743857,0.2372759931267697,1470.5,62.67575288738062,0.7963638651230722,0.49842727730215247,0.08484726432492265,0.05004016234040648,2.9342471918840682,1.8388330042362213,17.996009613770855,0.265013779939437,-10.190831899642944,22.738461265149038,0.20465208811319524,-15.06392753124237,25.1578938873859,0.24037722737787093,-4.873095631599426,2.5226025623668686,0.02455702437993893,-10.190831899642944,-15.06392753124237
CASE00431,,,,,,,,,,,,,,,,,17.51390838623047,28.99336814880371,-11.479459762573242,-8.108623504638672,2.369049072265625,29.86374306678772,31.95163917541504,0.7701838402542965,0.21231703797932153,577.0,108.41817190858735,0.7175241720532621,0.35343598517200825,0.10850721750373835,0.008953417231874134,1.2690233346905668,41.568634033203125,90.19607543945312,-48.62744140625,-39.21568298339844,4.70587158203125,47.058807373046875,61.176483154296875,0.7845391548114137,0.18109428214107834,448.0,65.74572229430596,0.7612367684163265,0.46310292702973327,0.07486631016041473,0.027754935563024958,3.0080281744043282,45.31759262084961,81.77215576171875,-36.45456314086914,-29.311145782470703,1.2889175415039062,48.570244789123535,56.217960357666016,0.8326512550383376,0.14353469518939738,378.5,38.739514710434875,0.783269620009317,0.4951525520380736,0.09283142847155067,0.023702543928319254,2.9809339414123257,,,,37.14798164367676,27.33269246784316,0.16101349164700307,24.9751033782959,28.97013171778352,0.18287320076225622,-12.17287826538086,2.749430368863285,0.009187770482005534,37.14798164367676,24.9751033782959
CASE00433,35.61488723754883,19.78079605102539,15.834091186523438,8.24734878540039,-9.018226623535156,37.33580017089844,624.97571849823,0.710049648774063,0.11676585558952696,809.25,315.42937006562977,0.5024977915831162,0.10073855243692545,0.08063644551180989,0.00447621462425109,1.876974180334195,40.83152770996094,25.581472396850586,15.250055313110352,7.636314392089844,-3.633148193359375,31.441932678222656,888.847339630127,0.6627489767913247,0.14488612443644683,805.0,336.4855123181383,0.4989612036094334,0.015952732643970596,0.07187030921640836,0.005149109633125436,1.8006574542949485,49.0,46.0,3.0,-2.0,5.0,36.0,476.0,0.2677393169674655,0.7284013250232594,1271.25,434.40670747584,0.3418965513929962,0.02049530315963423,0.08249774842384719,0.0017066177761305898,1.2072251576941253,45.10100173950195,40.271968841552734,4.829032897949219,2.019580841064453,1.8791217803955078,29.037376403808594,575.1410179138184,0.34434146378995123,0.5657862398335344,980.5,420.15027073655443,0.42565686907364614,0.02008862629240742,0.07385169618728679,0.005782996235688227,2.026977695051902,-0.5840358734130859,10.309794893573736,0.011664966533090121,12.250055313110352,15.790707681924571,0.02523650176159732,10.421022415161133,12.363732723389852,0.010193565033373478,-1.8290328979492188,5.2486982496864805,0.01788070796631831,12.250055313110352,10.421022415161133
CASE00434,36.35704803466797,28.105863571166992,8.251184463500977,2.746156692504883,-2.173616409301758,21.61371421813965,65.7252311706543,0.46712076142153675,0.5229771147639931,1233.0,544.6021483615356,0.557270868918482,0.11678004535130843,0.08021191560550227,0.020541827924976018,3.997542661840402,73.44391632080078,52.154720306396484,21.289196014404297,9.230705261230469,-5.4258880615234375,31.53355598449707,66.9956431388855,0.5386941273170734,0.4494079940451002,1099.0,190.07761572578713,0.6261224193551058,0.191043083899956,0.07328748024905972,0.0576024074088928,1.4385271525684333,94.0,84.0,10.0,4.0,0.0,31.0,70.0,0.4715283328334105,0.4975304738103403,1373.75,532.5407848230969,0.607891217083031,0.11556199762799373,0.061669300120800415,0.04080204050432957,1.4178329430956653,95.75880432128906,83.52476501464844,12.234039306640625,4.466156005859375,-0.6499671936035156,28.063888549804688,60.9006233215332,0.4808197998489544,0.4805309657511813,1186.75,532.8036106296578,0.5787419367123643,0.04124149659858101,0.047681011246376206,0.0474240242028236,1.4178966023188717,13.03801155090332,37.579676427013254,0.45424268259195544,11.289196014404297,19.88881871078702,0.12611069027060787,9.055156707763672,21.487481611234344,0.15737522991100494,-2.234039306640625,2.2862172392728684,0.011654285275398392,11.289196014404297,9.055156707763672
CASE00435,45.4695930480957,44.47919464111328,0.9903984069824219,1.5085029602050781,6.444562911987305,26.088057041168213,318.9973840713501,0.9409253759847234,0.034820079418459764,693.5,223.51118540243127,0.6593218467647389,0.46363118952707605,0.08851996456573755,0.02218832755856204,3.274516485551804,62.37253189086914,57.30242347717285,5.070108413696289,4.1166229248046875,7.9893035888671875,41.8604793548584,39.97796869277954,0.8425645142508479,0.15997808358699656,271.75,88.78731609864103,0.707935819608617,0.2516789982922576,0.11119131205088383,0.028403461258998227,2.7218432440656963,,,,,,,,,,,,,,,,,71.30252075195312,71.52428436279297,-0.22176361083984375,0.607513427734375,17.221708297729492,44.22745227813721,377.08263969421387,0.9309771586827565,0.04458260403845352,500.0,100.00249996875078,0.8622963433769413,0.7299943084795333,0.09941271039072823,0.021810015072448532,3.9033362148078856,4.079710006713867,95.41219050229529,0.1807961420102763,,,,5.291872024536133,59.43410197701286,0.07486737520157136,,,,,5.291872024536133
CASE00436,6.296581268310547,17.13983726501465,-10.843255996704102,-2.9512081146240234,14.29717743396759,33.9075608253479,87.95707416534424,0.792847653255527,0.14640135881006272,1065.0,142.73051530769445,0.7951013539426394,0.49500665778928427,0.04569782959892594,0.08230233335763446,1.721604080484064,54.14958953857422,51.69108581542969,2.4585037231445312,4.777614593505859,16.03335952758789,42.11453056335449,105.31533718109131,0.8347099255529575,0.11034741995759109,679.75,45.95310109230932,0.8914516063313958,0.7609853528623428,0.0834585938048629,0.03728193124878914,1.1273570187824289,96.4705810546875,72.94119262695312,23.529388427734375,10.98040771484375,0.0,32.941162109375,130.1960906982422,0.799890293901379,0.129134358296379,1207.75,417.27411554037235,0.7896524439337287,0.4769249527522545,0.11803048395025384,0.0647210706141735,2.257808844394905,87.58582305908203,62.57775688171387,25.008066177368164,7.825416564941406,-15.757492065429688,30.120708465576172,96.70298266410828,0.7967642884190222,0.14730795795180834,993.25,249.69819282485807,0.7790899443328962,0.35778961384796415,0.09497787455220974,0.029872810513056347,2.3500377082253374,13.301759719848633,48.904546011746746,0.40042262268272394,-21.070884704589844,38.2181570378955,0.2801398866245951,-22.549562454223633,30.740006854033812,0.20296811689177083,-1.478677749633789,10.795145571707858,0.04442311568628425,-21.070884704589844,-22.549562454223633
CASE00437,46.754573822021484,49.67636489868164,-2.9217910766601562,-0.7291965484619141,1.108957290649414,26.754377365112305,26.820823669433594,0.4296044033117598,0.5638143568435082,82.0,30.422031490352513,0.3874421296261833,0.03611111111010802,0.08739189804258674,0.0017389792191978266,1.667438909684037,71.61869812011719,65.45951080322266,6.159187316894531,7.331596374511719,-17.95383071899414,39.91722869873047,31.174022674560547,0.5227949588506557,0.4787581789461244,72.5,6.18465843842649,0.6475115740666298,0.26388888888155865,0.08944014565295985,0.0018549111671443486,1.4656465407945003,118.0,113.0,5.0,3.0,-11.0,35.0,32.0,0.5110426455540888,0.48477718231074635,66.0,17.190113437671084,0.5545084378427295,0.1269841269807676,0.08579881656785207,0.0026954177897566315,1.5660054640711132,,,,,,,,,,,,,,,,,9.080978393554688,25.419529552533593,0.19201129557400234,1.1591873168945312,44.95923443839219,0.3646868490062167,,,,,,,1.1591873168945312,
CASE00438,-13.328936576843262,-19.63059139251709,6.301654815673828,2.8653979301452637,11.375595092773438,36.57165849208832,52.706265926361084,0.5621680788661538,0.4274980376360683,3937.75,1173.5647351126397,0.5997377498043324,0.0489438873479629,0.10278404682980968,0.01707157929279214,1.9966166602948987,3.21412992477417,8.888150691986084,-5.674020767211914,-1.5324163436889648,27.172545433044434,35.98540377616882,51.84984493255615,0.7722691384038101,0.21159354340536768,1755.75,122.55483466595678,0.8309908612472559,0.578451034776796,0.10619578249523008,0.045638047414269196,1.4583006537578336,7.058837890625,32.15687561035156,-25.098037719726562,-14.117645263671875,39.2156982421875,39.2156982421875,76.86274719238281,0.7529737584538995,0.21332515092272394,2032.25,303.4957783890906,0.8469757006302354,0.5958766935006495,0.09352739967556832,0.014081954264651184,1.7285912741960048,8.119603157043457,27.445029258728027,-19.32542610168457,-7.400951385498047,24.802547931671143,45.29689383506775,69.42803382873535,0.8090708352081354,0.1791740654222731,1494.25,176.3609579810679,0.7938544555862247,0.40285897162346795,0.08040059242541078,0.01742835011618867,1.6449527290042987,-11.975675582885742,19.890224205216835,0.09124065020992951,19.42401695251465,5.356128252444434,0.0221772462536533,13.651405334472656,6.396891232514843,0.020061293443014962,-5.772611618041992,2.403593174053849,0.01397507078160382,19.42401695251465,13.651405334472656
CASE00440,48.70182418823242,46.93882751464844,1.7629966735839844,1.0248832702636719,3.180696487426758,15.049783706665039,19.860607147216797,0.658637157517703,0.34298364924490143,1431.75,690.6740819663063,0.6622063044885731,0.06470160997454018,0.09529601004352951,0.002973495603063162,1.413800216000822,77.81895446777344,57.20936965942383,20.60958480834961,9.002403259277344,13.8828125,48.75100135803223,34.00028324127197,0.7806330283751005,0.22536551438594493,431.0,37.36977388210959,0.7489111674221146,0.2600774724608037,0.1794891914158697,0.03446952838441219,1.8447421059287934,129.0,134.0,-5.0,-7.0,46.0,43.0,70.0,0.8648167816896287,0.15084158921539137,814.75,245.4968176983156,0.8041909573077579,0.43922175284081677,0.10543763976615296,0.059466075292743156,1.6679881600718098,,,,,,,,,,,,,,,,,18.846588134765625,35.35487627976838,0.38448943744025615,25.60958480834961,41.92376471689947,0.2255983738452591,,,,,,,25.60958480834961,
CASE00441,,,,,,,,,,,,,,,,,52.68429946899414,2.1622109413146973,50.52208852767944,36.57045936584473,35.84247970581055,51.26488399505615,80.79201889038086,0.8678828751815724,0.11042701929391546,190.5,25.558755838264116,0.9404269092035785,0.8912891986042014,0.18762217037638323,0.08434884853612884,1.5183214862392644,76.07843017578125,18.039230346679688,58.03919982910156,36.07843017578125,26.666656494140625,45.49017333984375,95.686279296875,0.8226521034747383,0.1587882949614825,366.5,75.93582817089704,0.8717006723811765,0.7338709677402445,0.06330790087645397,0.08134781047214291,1.62478937110593,46.728065490722656,11.032624244689941,35.695441246032715,19.569734573364258,15.103500366210938,27.390798568725586,79.19192886352539,0.7860236406691071,0.18241554185543213,432.5,79.93903927368655,0.8407201109696687,0.7121951219495651,0.05221010151962538,0.0847621062367433,1.6412748612239028,,,,-7.517111301422119,19.7505403836459,0.06134197688943747,14.826647281646729,12.417972921096197,0.09064827525737884,22.343758583068848,28.460420465481832,0.235058707201587,-7.517111301422119,14.826647281646729
CASE00442,2.1287931203842163,-39.99734878540039,42.12614190578461,15.354304552078247,10.787750959396362,30.228095293045044,192.19692134857178,0.8103133465914674,0.11220299092942743,5179.0,1304.4583166970112,0.7641951821817473,0.47281300160507717,0.10404928230884608,0.0799527658129666,1.1297488834986174,27.964702606201172,-13.518383502960205,41.48308610916138,23.190041065216064,6.954629898071289,35.40299081802368,175.45885848999023,0.7542882841728727,0.1635188633018546,6687.5,2365.200361491601,0.7470513692854919,0.35082263242371203,0.07824809423042353,0.05718532178497912,1.6981807793194907,50.98040771484375,-7.0588226318359375,58.03923034667969,31.37255859375,25.098052978515625,47.058837890625,225.88235473632812,0.7392998895081947,0.17371040909512522,6499.0,1249.4484783295388,0.7830413840034676,0.43938277065206655,0.09827142237972304,0.08205566910105185,1.191514659215645,54.849693298339844,-10.557783126831055,65.4074764251709,29.84776020050049,22.03620147705078,46.33221387863159,203.19781303405762,0.7670544298634443,0.1545134710677905,5685.75,1874.640815596417,0.7635474028892175,0.3093649678972325,0.11597468322157548,0.0753300401440653,1.2276240620783632,-0.64305579662323,26.768063686881916,0.1667294102592613,-16.55614423751831,25.097881433801547,0.11866095256262636,-23.92439031600952,25.802882901230106,0.1394569697437693,-7.368246078491211,3.0084298650499064,0.005855996329841756,-16.55614423751831,-23.92439031600952
CASE00443,,,,,,,,,,,,,,,,,-15.560868263244629,-29.78988265991211,14.22901439666748,1.4108481407165527,20.275468349456787,30.058509349822998,106.5668785572052,0.8274770245802031,0.114212541718912,441.75,92.50236483463544,0.8381921058092894,0.5708566853473646,0.0652921715124416,0.041822478398757565,3.0582691064525958,3.9215850830078125,-14.901962280273438,18.82354736328125,6.274505615234375,32.94117736816406,47.058837890625,141.17647552490234,0.8522105775954205,0.10160880419090715,314.75,27.206387117733954,0.9164009269722556,0.8327614500957291,0.07802195394490086,0.05416240346347891,2.5754556340114076,11.611105918884277,-16.35694980621338,27.968055725097656,14.739870071411133,35.59348201751709,46.370059967041016,128.58177375793457,0.8666232579846173,0.08791238216613365,218.25,7.75806032459145,0.9384046388815726,0.8683746997584173,0.08021296641176132,0.03274868280675827,3.062960434441224,,,,-4.5945329666137695,22.977485886152213,0.14820458709035228,-13.739041328430176,28.43492505811946,0.19990127771368035,-9.144508361816406,5.953487331691961,0.01348637276613451,-4.5945329666137695,-13.739041328430176
CASE00444,2.653623342514038,21.73526954650879,-19.08164620399475,-12.769495964050293,13.129112243652344,26.064891815185547,25.613186836242676,0.5024850192670516,0.47859946656475433,559.5,110.5407164803992,0.5889410069510568,0.19170124481248257,0.09605340841995728,0.0009496865370310706,2.173215707549818,72.55506134033203,34.869529724121094,37.68553161621094,34.13316345214844,47.4896125793457,40.04887771606445,27.4768009185791,0.8296750359945907,0.18626941434248506,148.5,67.16583953171434,0.8052879470280175,0.43402489626375923,0.19605794995222486,0.031346296886619954,1.6783866543866035,113.72549438476562,132.54901123046875,-18.823516845703125,-15.686279296875,51.76470947265625,58.039215087890625,36.07843017578125,0.8348058017005455,0.1661109804702297,204.5,37.31286641361127,0.7897860655528225,0.48792468276509243,0.1807984013805437,0.035224737009879714,2.893092418503352,59.934104919433594,73.1825942993164,-13.248489379882812,-12.770301818847656,20.987945556640625,28.86935806274414,22.526668548583984,0.7327750472006089,0.25804734505341415,383.25,51.47997183371413,0.7112151168598234,0.32074688796547407,0.1532313002406316,0.021318138348739416,1.5175764288617937,56.76717782020569,65.67946412226064,0.6200839876985258,56.50904846191406,43.10598688882269,0.2498204090737142,50.93402099609375,13.400297602768463,0.08094743794684381,-5.5750274658203125,53.005022502004906,0.4470195757206704,56.50904846191406,50.93402099609375
CASE00447,44.14696502685547,57.33253479003906,-13.185569763183594,-4.075481414794922,17.119884490966797,26.301033973693848,30.141067504882812,0.7103153193537429,0.2879067578384952,1059.0,506.723790639437,0.6840785422005666,0.06596787651227265,0.05296293711173966,0.03303014018865086,5.316582859971175,58.03855895996094,64.42615509033203,-6.387596130371094,-0.2517242431640625,14.054288864135742,28.758535385131836,31.615853309631348,0.7621261921581375,0.23814270088586392,913.0,390.8842539678466,0.7279951486796962,0.16447642886933433,0.06467508899280175,0.03473142271298758,5.056957750722779,80.0,117.0,-37.0,-16.0,37.0,36.0,58.0,0.8100336767395137,0.17949736827279222,770.25,319.92528424618143,0.8166112117158106,0.4749057726639184,0.05086898862287278,0.029736536466135815,5.5811853658301205,76.09001541137695,89.04332733154297,-12.953311920166016,-2.0505447387695312,36.96478271484375,29.590054512023926,32.60877799987793,0.8971704293758338,0.10020305707891493,319.75,116.19461046021024,0.8461170906961771,0.5879745515224301,0.06274865638304422,0.03373343602112776,5.163982722748933,6.7979736328125,13.996415560248764,0.07722609966329991,30.612403869628906,20.54797467816702,0.13539768876494232,6.565715789794922,16.694918647737886,0.10068042104794202,-24.046688079833984,5.1916257005575766,0.02577801959164741,30.612403869628906,6.565715789794922
CASE00448,,,,,,,,,,,,,,,,,0.8266993463039398,14.868941307067871,-14.042241960763931,-6.809375524520874,15.96761155128479,34.10979962348938,116.4648551940918,0.712813305935635,0.21561609056391054,482.5,73.47618661852287,0.7450138356738663,0.5553001277125025,0.050799224993929894,0.04032038387393972,1.7729622525441961,25.882369995117188,66.66668701171875,-40.78431701660156,-17.254898071289062,43.92155456542969,50.196075439453125,163.13723754882812,0.7991497690436568,0.11903819158754064,222.75,19.68978161382193,0.8774209230925223,0.6463173504680022,0.04952773068538099,0.04770136618891712,1.250058024842152,26.898649215698242,58.27199745178223,-31.373348236083984,-14.518653869628906,46.19370813854039,61.020993411540985,142.1965208053589,0.8436910173101857,0.12355932806785769,209.25,33.83323070591988,0.8155332056184634,0.5085568326934647,0.05897311697745854,0.05328555862877937,1.5040645635935217,,,,26.74207505583763,28.374674776444493,0.13994166845849532,17.331106275320053,27.726490138137827,0.1333265357575016,-9.410968780517578,4.552568589393761,0.018697597138175277,26.74207505583763,17.331106275320053
CASE00450,20.420339584350586,23.717758178710938,-3.2974185943603516,-0.7770204544067383,11.213588237762451,25.991328477859497,96.26864242553711,0.6556578197805809,0.3343585385459977,1104.0,256.47222071795613,0.7483157248553585,0.35461244783773893,0.09048836531923671,0.00655785814257943,2.373541250126179,44.159385681152344,36.491519927978516,7.667865753173828,1.9101696014404297,0.08759307861328125,30.061105728149414,73.63170051574707,0.5695934936995943,0.43168149375646964,1597.25,358.07218196894326,0.7100742913529271,0.38364556512440406,0.10311013301398003,0.02441983836741927,1.118621192935999,79.0,69.0,10.0,5.0,14.0,31.0,102.0,0.6368481960408495,0.36552220262408736,1399.25,370.6719405350235,0.7110187365971472,0.25872169275136947,0.1090973817922557,0.03413246647703992,1.3228862508005825,62.38576889038086,58.90974426269531,3.476024627685547,3.120197296142578,18.27937126159668,28.318931579589844,85.02991151809692,0.6568667235850186,0.34492555061326285,1276.25,407.3710685603483,0.670181453576154,0.09269288821797683,0.11812680022003362,0.01878752991105587,1.8264657713208,10.96528434753418,24.243219236344455,0.194621828446626,-2.332134246826172,33.380849696301375,0.2937765718346174,4.191841125488281,16.602127986211887,0.09696614421047067,6.523975372314453,16.839196391268413,0.10189863101858618,-2.332134246826172,4.191841125488281
CASE00451,,,,,,,,,,,,,,,,,22.147422790527344,-11.581254959106445,33.72867774963379,17.73588752746582,25.5425865650177,38.67250096797943,221.62477445602417,0.811415700498358,0.1835765591084498,1392.25,70.17255517650757,0.8327916040905188,0.5001072731171422,0.11542519034949598,0.08432441361083398,1.1296055696434162,63.5294189453125,7.058837890625,56.4705810546875,32.941162109375,61.17645263671875,64.313720703125,263.5294189453125,0.8342521888523146,0.16069075884701672,1373.0,291.87326016612076,0.8149694777083631,0.41523237619976516,0.09681451243004119,0.07235755394432405,1.1765333127785085,41.810546875,13.259347438812256,28.551199436187744,8.531881332397461,36.49170684814453,38.50716733932495,263.2238578796387,0.8253256238307064,0.17566764507738306,1564.75,489.38654200948355,0.7923523206749592,0.36361295859242065,0.0470484359233044,0.07683045572305225,1.175120460013477,,,,-22.74190330505371,36.99701875428444,0.20630644421222996,5.177478313446045,15.815175447638165,0.06339142678693045,27.919381618499756,22.187512696182413,0.14286146918611975,-22.74190330505371,5.177478313446045
CASE00452,11.978175163269043,12.403626441955566,-0.42545127868652344,-0.16408348083496094,3.5124030113220215,22.131334334611893,113.70327377319336,0.5471213955924135,0.3990674250922349,1150.75,549.7187348999487,0.5981283090927343,0.03969620253160537,0.04830367825851089,0.019850369056186257,3.9189417148580503,60.49494934082031,29.7304630279541,30.76448631286621,17.945568084716797,29.33335304260254,42.480804443359375,35.350502014160156,0.8481849655026388,0.1599865039167855,416.25,41.12405014100629,0.8289780762562304,0.5204050632906122,0.19609016171982785,0.02628751234371512,1.4624305839639908,76.07843017578125,72.94119262695312,3.137237548828125,3.13726806640625,15.686279296875,29.803924560546875,119.2156982421875,0.7452198800138956,0.24907240818690027,1039.0,374.07953699714716,0.7482202954546456,0.4362088752864994,0.05710370913581051,0.012305220345791007,3.041794516949757,64.17364501953125,68.7562026977539,-4.582557678222656,-4.254840850830078,16.368854522705078,25.379874229431152,93.90884733200073,0.7323867921249527,0.2623142497408374,915.0,328.511034822272,0.7254715468591366,0.45113924050587223,0.07095989810489194,0.005603628634073489,2.8597292258717464,31.189937591552734,51.060585735851866,0.5094427213893373,27.627248764038086,15.492758571123744,0.09016586801033505,35.34704399108887,11.240628662018901,0.06823704588663285,7.719795227050781,11.67291571251414,0.07582821687239136,27.627248764038086,35.34704399108887
CASE00453,,,,,,,,,,,,,,,,,52.24907302856445,41.51866149902344,10.730411529541016,6.586738586425781,6.523902893066406,28.724775314331055,33.686410903930664,0.5075956345858639,0.48872352206081027,869.75,195.6136178797376,0.6043235127050942,0.14579646017666859,0.1420330216828181,0.010108796194334437,3.113559859711239,82.0,79.0,3.0,5.0,5.0,34.0,56.0,0.6451226049227581,0.31431115255856873,555.75,172.10952181677806,0.6823396609399864,0.2434839270194538,0.08262051588085496,0.059881953926787225,1.3758470022192364,77.72813034057617,73.57295989990234,4.155170440673828,0.31960296630859375,-0.32370758056640625,27.81779670715332,65.18361186981201,0.7114798185652856,0.21935766329020986,564.5,291.09835107743226,0.6185437834459725,0.047787610619363305,0.10874610436966464,0.01825749900893954,1.2941434435208183,,,,7.730411529541016,27.973799644415433,0.22879609510075663,6.5752410888671875,23.64899059610781,0.21437115261220055,-1.1551704406738281,7.077090348604974,0.025501034159604474,7.730411529541016,6.5752410888671875
CASE00454,28.15338897705078,-25.67169761657715,53.82508659362793,9.403390407562256,-16.112472534179688,42.2087779045105,116.22908782958984,0.8433822562385174,0.11543253937952244,964.5,630.0755907032108,0.6048119301524911,0.03749800542518351,0.11328656685157926,0.03143832775978476,1.4496536968210039,38.812137603759766,-27.58317756652832,66.39531517028809,14.977795600891113,-5.286815643310547,32.72703552246094,115.11427879333496,0.6697114623961801,0.2657160480054097,974.25,314.74066705781763,0.6697691649268032,0.22706239029802608,0.11867867239026349,0.04373836393636066,1.6225242848778019,51.0,-25.0,76.0,44.99999999999993,-2.0,35.0,128.0,0.6620991970977866,0.23487378598208564,698.5,179.0719129288566,0.7178189979800632,0.16648151087102606,0.10548633650921081,0.08982379359938501,2.2605484404370566,51.7584114074707,-33.22334671020508,84.98175811767578,54.94984197616577,-7.274656295776367,37.875732421875,127.60477638244629,0.8018983020023825,0.1172454455266377,609.75,257.6697256178925,0.7135591325570909,0.15222594542819176,0.11307716469473715,0.08800614119452516,2.039130486953436,12.570228576660156,25.788057685846994,0.05170233814903835,-9.604684829711914,12.922059103147639,0.04111271138215765,-18.586442947387695,14.354943004075007,0.06936259444460575,-8.981758117675781,8.492060308952707,0.019655104945304407,-9.604684829711914,-18.586442947387695
CASE00455,,,,,,,,,,,,,,,,,-11.947400569915771,-12.410436630249023,0.46303606033325195,-0.7707033157348633,15.5717191696167,44.461703062057495,63.046260356903076,0.5364042706680453,0.4570023561448979,5110.75,2215.778799316394,0.551929137418178,0.022922022279342622,0.10057800371046899,0.006542696479463788,1.9109397027927555,11.76470947265625,32.15687561035156,-20.392166137695312,-7.8431243896484375,34.50982666015625,75.29412841796875,105.09805297851562,0.5084646883961281,0.48655387248201576,6032.75,2049.1390112679032,0.5917038404059372,0.06509487616977791,0.07701581305631504,0.00786873681532219,3.552587968011158,13.56284761428833,24.948976516723633,-11.386128902435303,-7.383623123168945,36.60811805725098,69.79347848892212,103.59898281097412,0.5493742037143386,0.4444505630675205,5080.75,1829.9115245005698,0.6241220077149057,0.0581887317909013,0.09353881599656455,0.005013374833235215,4.756311386187348,,,,20.855202198028564,27.04664206604776,0.1126380167894848,11.849164962768555,26.991153382346187,0.10623660937140955,-9.00603723526001,3.9850826210986394,0.0054342217722442845,20.855202198028564,11.849164962768555
CASE00456,-21.14402961730957,-10.432289600372314,-10.711740016937256,-6.147487163543701,16.94449806213379,33.91940927505493,39.457663893699646,0.723796262241152,0.26238684272430834,24.75,6.869315832017043,0.6645047391335578,0.29999999998125,0.07010309278336062,0.00761017719218393,1.6171572955236235,43.206485748291016,38.8237361907959,4.382749557495117,-1.8416862487792969,16.544130325317383,32.45519828796387,47.76187014579773,0.6016490712435923,0.3097725379717651,28.25,8.407585860400118,0.5300757917912153,0.16249999998984374,0.10371134020597172,0.07201272149021809,1.4866541029040212,24.313735961914062,46.27452087402344,-21.960784912109375,-14.117645263671875,19.60784912109375,45.49018859863281,48.62745666503906,0.7587784669500837,0.22371054458546213,25.25,4.264680527307995,0.7508849280576463,0.5792682926476056,0.07051546391738038,0.0044865970013621675,1.378835332061889,-0.8987336158752441,22.079368591308594,-22.978102207183838,-15.927633196115494,13.603999227285385,53.613534927368164,40.015590608119965,0.8709044326200122,0.14184331214379198,15.25,6.139014578904337,0.7776817290260966,0.49999999996875,0.07092783505140016,0.006303952748749375,1.3805626504885802,15.094489574432373,67.02745679420336,0.7023742218374978,26.343534469604492,18.949511924563044,0.10720564011667462,27.360851764678955,48.12565937718479,0.33999752984050013,1.017317295074463,29.252478734493526,0.1391416883211214,26.343534469604492,27.360851764678955
CASE00457,43.68564796447754,34.132606506347656,9.553041458129883,3.7707595825195312,-0.2247180938720703,22.174205780029297,72.42289543151855,0.6459383742993243,0.2928716619148012,593.5,327.3961667460387,0.582116432357956,0.02798029556644733,0.09416516618808984,0.0029619948058999743,1.5892890222132168,70.44102478027344,44.45783615112305,25.98318862915039,17.384601593017578,7.045217514038086,30.561630249023438,96.27757263183594,0.6122769923082635,0.39357725766266893,585.75,169.89905090965047,0.6975718884367933,0.18124507486173908,0.054065891284221096,0.06763362924990515,1.208840457271217,93.0,77.0,16.0,5.0,14.0,33.0,108.0,0.7036236331328406,0.24797265289292272,517.75,166.17366668639167,0.7474101265849132,0.4357645316541359,0.06749720181027422,0.054334357442325606,1.1670487161653846,81.83687973022461,90.9697265625,-9.13284683227539,-2.2358665466308594,13.443565368652344,28.61355972290039,103.88884687423706,0.6586266009141001,0.3026827664787105,514.5,220.78779404668185,0.6602925014027875,0.11665024630518887,0.03221567959509844,0.08567718500160527,1.2329135113819474,16.430147171020508,27.989285107458105,0.2826554043055972,9.98318862915039,21.66550665921339,0.15030461436830936,35.11603546142578,10.773293729801411,0.04456255652484151,25.13284683227539,11.437348983288167,0.05418801571758174,9.98318862915039,35.11603546142578
CASE00458,-12.012370586395264,-22.796043395996094,10.78367280960083,5.712276458740234,1.0723857879638672,30.81146928668022,85.8085578083992,0.8567892073171928,0.10195993244407867,46.25,19.954636052807377,0.6820230125216192,0.4293478260791785,0.08005485557548636,0.07629135414231177,1.1435082789739424,5.42888069152832,7.209895133972168,-1.7810144424438477,1.8331036567687988,7.237493276596069,44.496901988983154,105.3036060333252,0.7703871630761081,0.18365783490437676,62.25,12.028611723719408,0.6276743655950292,0.4184782608619841,0.06085540413125837,0.06615600365466862,1.9912585697019167,22.745101928710938,38.43138122558594,-15.686279296875,0.0,4.70587158203125,48.62745666503906,144.31373596191406,0.7217796544684081,0.21408547157962157,58.25,8.954747344286158,0.6814052687734184,0.49913644213300284,0.06094111596806296,0.05010305335400951,1.8207634314134822,,,,,,,,,,,,,,,,,-12.564687252044678,25.721179709163692,0.14766978911165815,13.905264854431152,17.608169310610872,0.04593797503359324,,,,,,,13.905264854431152,
CASE00459,,,,,,,,,,,,,,,,,15.764365196228027,35.250877380371094,-19.486512184143066,-5.792098045349121,-0.5520973205566406,25.750561237335205,40.31835174560547,0.7195693776304869,0.23999734122340718,320.25,95.45515963005876,0.6867773452234373,0.23796147672456677,0.04241733181298504,0.04584217356376059,3.354710390532208,32.15687561035156,71.37255859375,-39.21568298339844,-14.117645263671875,7.8431396484375,26.666671752929688,45.490203857421875,0.7132863082414027,0.22329484774693054,294.5,57.299650958797294,0.6391051562970713,0.16191181919169356,0.033360482163207895,0.061764887634660134,2.043978797171019,39.338069915771484,67.89930725097656,-28.561237335205078,-11.22060775756836,10.213134765625,31.86627769470215,41.452362060546875,0.7176898209163202,0.21997339637734958,300.5,62.595926385029244,0.6530039061155154,0.21027287319337773,0.04238475321712253,0.033555111541391146,3.7220728425847796,,,,19.72917079925537,17.836105711383137,0.13426703526369627,9.074725151062012,23.471899643550415,0.19976077003952994,-10.65444564819336,6.224602595340027,0.03399920145298782,19.72917079925537,9.074725151062012
CASE00460,-6.486538410186768,-16.371132850646973,9.884594440460205,2.116450309753418,-7.940651565790176,44.88254499435425,120.21802616119385,0.8306653250288905,0.12441907116929612,31.75,8.257572282456872,0.7107219389115158,0.203517587934585,0.08588957055204391,0.05738580185880201,1.4524082082870584,53.37089920043945,10.40404987335205,42.9668493270874,27.344820022583008,-2.7658557891845703,31.441452026367188,102.15220642089844,0.7620457952068346,0.21369351950842402,31.25,9.470348462437906,0.851458695910576,0.826633165808376,0.20449897750486645,0.04235712873244449,1.194462186656735,-52.54901123046875,-13.333328247070312,-39.21568298339844,-10.980392456054688,-6.274505615234375,95.686279296875,166.27452850341797,0.8899989890515178,0.0695534996668203,7.0,2.1213203435596424,0.9816429247426337,0.9595238095009637,0.057861181282259276,0.0869685584338426,1.2617172861436365,34.546165466308594,20.66044330596924,13.885722160339355,4.588382720947266,-8.404047012329102,34.20404243469238,121.38573741912842,0.7423790379768954,0.21285276758397392,42.75,17.440971876589906,0.6706490857772319,0.30150753768086663,0.1006856730421019,0.013538988860323837,1.499348870767258,33.0822548866272,69.85312516843275,0.6382484537839094,82.18253231048584,100.84592705142867,0.5560226544672827,29.081127166748047,25.38851237510763,0.14998217640893544,-53.10140514373779,75.46926627116001,0.40487245927402676,82.18253231048584,29.081127166748047
CASE00461,40.20442581176758,47.08282470703125,-6.878398895263672,2.280923843383789,-12.352888107299805,28.791126251220703,30.641130447387695,0.8252918131781996,0.13299588579395996,44.5,14.326548781894402,0.7286896045345025,0.29901960783580833,0.020351654437186277,0.058937449416108956,2.439739034027292,102.47472381591797,50.097843170166016,52.37688064575195,50.0473518371582,-23.518047332763672,40.00379180908203,29.70203399658203,0.7316860598168339,0.16191656407998392,15.0,9.354143466934854,0.8337875376901449,0.39215686273548633,0.04873321334618755,0.06372123944963815,2.548390371041775,100.0,62.0,38.0,34.0,-9.0,31.0,35.0,0.6375698824796407,0.32179501581722425,49.5,22.863726730347352,0.7403213646714794,0.39099526065424184,0.11435691540895147,0.014221297259796766,1.6365331790547495,69.2935791015625,65.72391510009766,3.5696640014648438,6.662494659423828,-0.27622222900390625,18.93990707397461,33.246639251708984,0.7677905514432702,0.13425059254952146,14.75,9.67923034130297,0.6135265611964188,0.232843137249195,0.06894642115454944,0.004205688518903312,1.5335785639028272,59.255279541015625,65.16191955398529,0.597305467122551,14.376880645751953,5.75413357121388,0.02761276182870307,48.80721664428711,32.39413795672514,0.3865906321518198,34.430335998535156,32.529963491260204,0.3951573591547061,14.376880645751953,48.80721664428711
CASE00463,-10.193562507629395,-20.32915687561035,10.135594367980957,3.2107439041137695,13.1158447265625,47.30560564994812,88.07609558105469,0.7233482531608391,0.25480750438575545,1156.25,545.4165266106263,0.5446667189882192,0.12702201007673425,0.09950166661164657,0.04013757435695686,2.3770983845581166,25.654396057128906,24.70441436767578,0.949981689453125,-5.885522842407227,34.16261166334152,58.358874440193176,157.45420455932617,0.7370884767325352,0.233514297881357,938.0,211.52659407270755,0.46970958767391807,0.1583134447094162,0.0871258374310935,0.020195046172433978,1.5570048483854197,38.43138122558594,-8.627456665039062,47.058837890625,-10.98040771484375,23.529403686523438,59.60783386230469,265.0980529785156,0.6493021745761833,0.3112222419178319,1162.0,284.53382927167024,0.6582395181070726,0.24532740818161636,0.09527738358468446,0.015541043762325736,1.7287577628993338,41.20253372192383,-16.164180755615234,57.36671447753906,-2.891693115234375,13.787527084350586,54.0369598865509,266.7939796447754,0.7126285157577873,0.19507073909407194,853.0,247.60553305610924,0.7185365760683429,0.3778838504370487,0.09667997755848047,0.015908633238398848,1.54991571793182,-9.185612678527832,41.06296020145755,0.15979982742198579,-46.108856201171875,13.023367749995613,0.01680633858581985,-56.41673278808594,13.23433115253014,0.024293563864436173,-10.307876586914062,5.862444522783315,0.009195238019202705,-46.108856201171875,-56.41673278808594
CASE00464,32.66143035888672,38.5046272277832,-5.843196868896484,-1.7227535247802734,3.285123825073242,21.12920379638672,18.363245010375977,0.48254050236601886,0.5227076307260746,230.25,104.96517279555157,0.4798106883521281,0.03133640552966511,0.08355263157880995,0.0012332668116686698,1.1085601611895672,76.93205261230469,50.36233901977539,26.569713592529297,14.992046356201172,-16.76862335205078,46.032012939453125,16.756938934326172,0.8386958006788876,0.17492145796866296,60.0,20.89258241577618,0.7425936392350764,0.3511520737294825,0.14983552631554303,0.013879857389507394,1.572326540284597,88.0,92.0,-4.0,-3.0,-6.0,35.0,22.0,0.7869595757669038,0.23494777576570547,162.25,65.15894029218093,0.645527379268026,0.22533936651379785,0.09523026315773811,0.012646590577838724,1.3355511459397138,,,,,,,,,,,,,,,,,32.41291046142578,41.645093752620944,0.42369529310788956,30.569713592529297,8.58259472029205,0.030531682455232374,,,,,,,30.569713592529297,
CASE00465,1.952255368232727,-26.052125930786133,28.00438129901886,5.441428542137146,5.6737624406814575,37.20080089569092,143.96238708496094,0.7828994191952029,0.15236988535806564,3398.5,895.402283892553,0.7457125559096728,0.3990164825659429,0.1086264656616374,0.04864258793043107,1.6908843629907138,64.29658889770508,16.482473373413086,47.81411552429199,24.49164581298828,-17.20059585571289,64.71358871459961,187.8595085144043,0.8237794531753468,0.14371814992862447,2354.0,267.97108052922425,0.862505766015004,0.6751921318603615,0.015970001522764732,0.04274656926173027,1.7883537909120228,69.80392456054688,32.15687561035156,37.64704895019531,15.686279296875,17.254913330078125,65.88235473632812,197.64706420898438,0.8503739416261717,0.118798140468365,1986.0,351.1303176884616,0.8054999236790584,0.43467749507078335,0.07025658596010087,0.03834494920172873,1.9768276117431036,57.149221420288086,21.427387237548828,35.72183418273926,13.319440841674805,12.359447479248047,57.72028923034668,158.11173629760742,0.7848461841879482,0.18266546538312933,3329.25,771.0296281596447,0.7466701262756532,0.2992561840511283,0.0836378864017023,0.020699416733272233,2.070574096610611,19.809734225273132,61.920205191265936,0.4148404902676755,10.16706657409668,7.329745854436622,0.009975765686406525,12.092281341552734,10.228132586966902,0.01861229136830281,1.9252147674560547,12.247031616889796,0.0248420129328502,10.16706657409668,12.092281341552734
CASE00467,,,,,,,,,,,,,,,,,-10.332508563995361,-19.750956535339355,9.418447971343994,4.561332702636719,-8.036705255508423,43.46759653091431,43.006449460983276,0.7891777414140205,0.1894244339777212,604.0,108.46427983442291,0.8011448151288016,0.6302592435175728,0.12242053679806628,0.0345288967310846,1.792564847625513,44.70588684082031,30.588241577148438,14.117645263671875,18.823532104492188,10.980392456054688,59.60784912109375,76.86274719238281,0.61745757994549,0.344134977333104,851.0,258.2731112601542,0.6474373514948939,0.2652279144811109,0.09032055028546278,0.04772497303083066,1.7011077059607913,29.518821716308594,23.041690826416016,6.477130889892578,9.279961585998535,1.3343276977539062,45.71907866001129,62.76905632019043,0.7883502215581211,0.18104988294164034,563.25,208.3223163753706,0.683861028473723,0.16532086697797424,0.09794092523488335,0.035574213294752695,1.8675063805439023,,,,-4.699197292327881,56.22610328117066,0.304637813708491,2.941317081451416,36.700129417944765,0.20258748894466846,7.640514373779297,19.554103500187242,0.05973237017920792,-4.699197292327881,2.941317081451416
CASE00469,44.2898006439209,45.072715759277344,-0.7829151153564453,-1.8741626739501953,-5.047412872314453,22.30388355255127,20.70647430419922,0.4798483411729448,0.5272125118890908,51.25,15.384651442265437,0.5792091466129838,0.09633027522493898,0.10690423162543837,0.0015652100342647467,3.0695969535382917,91.63105010986328,53.172142028808594,38.45890808105469,25.55109405517578,-15.276329040527344,35.209754943847656,25.972015380859375,0.5350885313649966,0.44067665738385936,32.0,4.123105625617661,0.7082975249735936,0.18807339448678562,0.18411284335492165,0.011844832691733219,3.387028460768187,107.0,90.0,17.0,9.0,-1.0,28.0,29.0,0.41394445095581134,0.5716158426680986,57.25,22.049659861322123,0.49364444279623926,0.12499999999479167,0.17965850037052838,0.017175007403013167,1.4272679932887222,84.17154312133789,85.32813262939453,-1.1565895080566406,-3.8878097534179688,5.859031677246094,22.82590103149414,23.51935577392578,0.5163578005297933,0.4882173531121683,51.0,14.611639196202457,0.44066462328733996,0.1009174311880313,0.1473645137336772,0.0023689665383466434,4.416156218493059,39.24182319641113,46.17893896101808,0.5620143026578777,21.458908081054688,15.8855255507721,0.10264432432875546,39.61549758911133,8.543457144427542,0.06273175961283647,18.15658950805664,22.39907134686903,0.22492159161743683,21.458908081054688,39.61549758911133
CASE00470,46.190067291259766,44.21499252319336,1.9750747680664062,1.8651504516601562,3.493194580078125,23.337411880493164,38.50737762451172,0.6274332410763293,0.3529780401824178,3616.0,2128.165524577447,0.6374226932228066,0.05255810443705619,0.07064250985463194,0.014882185825738256,5.618094588674088,87.810302734375,52.60788345336914,35.20241928100586,13.606241226196289,-25.52190399169922,36.57126235961914,38.22535705566406,0.8366654419838879,0.14990499692637946,1588.5,208.9802622258858,0.9022997682221748,0.7740529731359844,0.14437508548973846,0.06097489210227389,1.2299159332780583,104.0,90.0,14.0,6.0,3.0,24.0,66.0,0.6426744995194231,0.34119814643045804,3374.25,2030.2403028952017,0.6749891705025328,0.02029658745756293,0.11630957858216862,0.008287496885458651,5.22999229108504,82.19438171386719,72.56096649169922,9.633415222167969,3.9926605224609375,1.342193603515625,22.447505950927734,47.53074645996094,0.6337847713444015,0.34267797761888014,3508.5,2162.0581051396375,0.6489699346609021,0.016073045578022926,0.09005334560240179,0.011418941168663377,5.565536533394237,33.22734451293945,42.9460365181431,0.48939436770203787,21.20241928100586,14.84133146638941,0.11112332769022504,25.56900405883789,8.385123240706095,0.0658616664886994,4.366584777832031,21.725073023394565,0.23041560722819387,21.20241928100586,25.56900405883789
CASE00471,8.67873764038086,4.296145439147949,4.38259220123291,-1.5119409561157227,12.904366612434387,24.170679569244385,87.81770515441895,0.6973072529408901,0.2739517373511799,2442.25,748.7454090009501,0.6723217649426723,0.1765072684047794,0.0773217617000505,0.04834796831538429,1.6294125584549304,73.70679473876953,73.81439208984375,-0.10759735107421875,-4.180137634277344,44.63817596435547,46.07392120361328,87.15392112731934,0.8715357285805548,0.13003731291203963,1180.25,56.64527782613481,0.8441750457927412,0.6483884796754946,0.08954497526157112,0.013304822998336682,1.461240811135539,96.4705810546875,91.76470947265625,4.70587158203125,-3.137237548828125,58.039215087890625,43.92156982421875,109.80392456054688,0.864724315710438,0.13855285027797948,1797.5,557.5161432640314,0.7816895101330387,0.43445371888491785,0.09755049071294529,0.009548699498806257,2.77698052094784,,,,,,,,,,,,,,,,,-4.490189552307129,64.75196814182816,0.6214097088575533,-4.813468933105469,18.275698037402286,0.07068020598649374,,,,,,,-4.813468933105469,
CASE00472,,,,,,,,,,,,,,,,,70.55252838134766,61.358421325683594,9.194107055664062,3.72235107421875,-0.6144142150878906,32.13052749633789,29.500926971435547,0.5521294007187002,0.4547950763544347,270.75,65.84214076106578,0.6386288976464162,0.3125414731233408,0.12874876414354744,0.004825879441399183,1.939895065538351,95.0,87.0,8.0,3.0,4.0,38.0,38.0,0.421637025540927,0.5909047419804639,385.0,101.91172650877817,0.4982830926276861,0.08781694495925903,0.1292980336151496,0.0107654233692751,1.3875075389436093,67.53107452392578,68.2740249633789,-0.742950439453125,-0.5769805908203125,9.593893051147461,29.63637924194336,28.630117416381836,0.44182393524856095,0.5752096700500995,370.5,133.33510415490738,0.4463803817767467,0.07033842070291747,0.09952762825431227,0.0038536326674909224,2.3768571911432663,,,,1.1941070556640625,23.25035327560273,0.13521454584612838,9.937057495117188,4.4752322532916144,0.008560384716591572,8.742950439453125,27.716979526425963,0.19492358639046714,1.1941070556640625,9.937057495117188
CASE00473,-28.369585037231445,-20.18183994293213,-8.187745094299316,-3.892703056335449,6.475006103515625,20.371200561523438,47.98751676082611,0.653654100815697,0.1840455339391428,849.25,419.6584176446363,0.6211032584234989,0.08495112212572635,0.052033222318150565,0.023963512169814363,2.7286885002250063,-12.042935371398926,-1.3978832364082336,-10.645052134990692,-4.842668766155839,20.280649185180664,29.85163724422455,53.22104072570801,0.770656788052472,0.12417494619340094,732.75,202.96228097851088,0.7478956928517296,0.586672174031961,0.11078903005630715,0.09207124637931381,2.4013457949348633,3.9215850830078125,44.70588684082031,-40.7843017578125,-23.529403686523438,15.686279296875,28.235305786132812,53.33332824707031,0.6531269149534162,0.3238503034149578,955.75,285.4998905428862,0.6409961728448808,0.15195599021986314,0.04570124583692165,0.039397345553584394,1.7886508207507723,2.1329615116119385,33.86296463012695,-31.730003118515015,-22.34245729446411,16.152510166168213,25.7900333404541,64.61485815048218,0.6631916421658265,0.1766442210159247,691.0,224.518373412957,0.6249870034466508,0.19385928679582287,0.06730808766085537,0.01712420561151627,3.1209500356043027,-2.4573070406913757,30.493432796530893,0.14187454492380586,30.139249622821808,35.465015000009885,0.1011251420246652,21.084950983524323,28.219646858617683,0.08109590754916113,-9.054298639297485,7.339777543514909,0.020178432533055655,30.139249622821808,21.084950983524323
CASE00474,-26.315497398376465,-34.06297492980957,7.7474775314331055,1.1231861114501953,5.557384490966797,26.38915705680847,124.72689533233643,0.6330794906098905,0.31344719005689803,3516.25,1355.9941694196182,0.5539817200447532,0.05887100390079412,0.08905567625693381,0.022011751293518855,2.1334746064446026,-17.679046630859375,-34.08574295043945,16.406696319580078,3.0018043518066406,6.174077987670898,34.27774724364281,153.8677361011505,0.8527235254129031,0.07894161919130234,2231.75,461.82267971592734,0.7773980401982339,0.57987714657195,0.08828757653564433,0.033446264588444616,1.6795095170535912,7.058837890625,8.627456665039062,-1.5686187744140625,-7.8431243896484375,23.529434204101562,36.07844543457031,166.27452087402344,0.7012895456200844,0.28134664768965073,2920.5,496.73861335716595,0.715077241657536,0.392637780470316,0.09165990007387717,0.04871614523209881,1.9937940657148168,10.356257915496826,-7.821481943130493,18.17773985862732,3.516350746154785,21.237767696380615,40.033523082733154,174.1260871887207,0.7381716763209404,0.1437288331343637,2013.0,154.43607091609135,0.7401487177615045,0.2970004035330238,0.09657573829012979,0.016460043633343597,1.5228769563619116,8.659218788146973,26.547367693145016,0.07077075454196606,17.97531509399414,44.5338236005686,0.15341150169779905,-1.7710435390472412,33.98992756735047,0.15899973659692368,-19.746358633041382,15.474251891965952,0.03770604694256471,17.97531509399414,-1.7710435390472412
CASE00475,38.260196685791016,-38.33491516113281,76.59511184692383,14.784934997558594,-7.668819427490234,26.71600914001465,660.1330642700195,0.6107916973203991,0.17038877946423353,4071.0,1953.181891171429,0.6451931448289513,0.020420382567037335,0.06827820870489619,0.06463812908230734,1.6834575519883748,58.06630325317383,0.3263927102088928,57.739910542964935,15.347127914428711,-2.7294921875,36.13740158081055,188.92804718017578,0.5615366572124533,0.43923772511798387,4194.5,927.94248205371,0.7332166131977,0.40944757823073474,0.04934608375932507,0.04247165844990983,1.4687458703675034,88.0,3.0,85.0,32.0,8.0,36.0,227.0,0.5814590682803871,0.41485766420146014,4053.25,1284.4803180664155,0.6830523531299301,0.179260792790544,0.0575059263678932,0.03797329763006963,1.5168997159476028,76.46975708007812,53.31097412109375,23.158782958984375,-1.1058807373046875,5.80279541015625,31.470118522644043,179.17717742919922,0.6139063754869716,0.3417966028457022,4086.75,1551.1710697083026,0.6859951734038828,0.3479343270411408,0.06629468965182528,0.06041505042668546,1.5052070878520556,-18.855201303958893,28.421953359955204,0.14501157950192559,-27.260089457035065,27.777219711263392,0.1747327097416754,34.58112758398056,16.984676864234185,0.09283513055586327,61.841217041015625,12.403357753085496,0.03923178937439638,-27.260089457035065,34.58112758398056
CASE00476,,,,,,,,,,,,,,,,,64.06682205200195,57.38587188720703,6.680950164794922,4.812229156494141,-5.74310302734375,44.91301345825195,37.79901599884033,0.397460115085684,0.614183417860754,104.25,9.832980219648569,0.5460655800235923,0.11538461538184171,0.11410742143946043,0.004031024992353832,3.2519995349769486,111.0,97.0,14.0,1.0,-9.0,47.0,39.0,0.5181822789678644,0.4783389580377926,88.25,30.597181242722343,0.5259818732382661,0.09557109556886781,0.1593492311117465,0.03753023268743223,1.496065290344424,87.5135612487793,105.08557510375977,-17.57201385498047,-12.503776550292969,4.0521087646484375,36.01260757446289,33.59362602233887,0.46543457784956455,0.524978624797896,96.75,32.66783586342995,0.4705350262592716,0.11298076922805335,0.08090037887211746,0.00214061327180169,2.207850430482275,,,,-7.319049835205078,44.574092268218855,0.25376210278269334,24.25296401977539,22.69463964487081,0.11729024334376616,31.57201385498047,22.108943926702914,0.11361300037394788,-7.319049835205078,24.25296401977539
CASE00477,,,,,,,,,,,,,,,,,2.2465617656707764,-157.00287628173828,159.24943804740906,4.986621022224426,1.3742806315422058,36.351491928100586,223.61131381988525,0.9047971643843227,0.05274049091658721,548.0,178.6798813520985,0.7255816939239461,0.36892628584929016,0.05628528006946442,0.09923413227496514,1.8695156683335072,25.882369995117188,-38.431365966796875,64.31373596191406,3.1372528076171875,14.117645263671875,26.666671752929688,263.5294189453125,0.8155016554221929,0.16123699434252473,620.25,122.19528427889514,0.7618334768823757,0.262483844436303,0.048107540888687204,0.0590586338408093,1.5443431521182553,23.139293670654297,-114.17523193359375,137.31452560424805,3.9362363815307617,6.349660873413086,32.98292517662048,248.08482265472412,0.8321374761062668,0.08751358721242625,584.5,207.3095511547888,0.7448225290349626,0.20775065181297966,0.06194818352871943,0.04859384205140775,2.005438873653632,,,,94.935702085495,50.76512868522466,0.22129793039076326,21.93491244316101,32.977924149339636,0.13599768181013888,-73.00078964233398,18.0501502708737,0.04296085320697389,94.935702085495,21.93491244316101
CASE00478,-11.399286270141602,-16.460065841674805,5.060779571533203,0.17961883544921875,-1.7610764503479004,11.866482973098755,123.26038312911987,0.7502141330890779,0.0968503326216143,395.0,162.58997509071708,0.7097259937580701,0.1870363614250431,0.025134471080412855,0.0780142265608024,1.736771870742129,13.167580604553223,10.258565902709961,2.9090147018432617,-1.9539613723754883,7.743381977081299,22.040998101234436,128.35154342651367,0.6686835656383382,0.24303827884636564,1122.0,165.60042270477453,0.6071087842165388,0.2919858932259613,0.0993259844611031,0.032736547041879095,1.5958007460361023,32.15687561035156,32.15687561035156,0.0,-18.823532104492188,14.117645263671875,28.23529052734375,185.09803009033203,0.6610101301237974,0.24480289420498233,1031.25,172.6432376318285,0.7397774622155352,0.3247459229492735,0.060794209442848,0.07125765056641475,1.5902338390292494,33.58667755126953,33.44634246826172,0.1403350830078125,-14.791461944580078,10.29292106628418,26.715277671813965,187.1334686279297,0.6894587098373098,0.20166792195917957,877.75,167.54607575231358,0.715441387634823,0.19603551015420642,0.06607344445181186,0.053065725759704495,1.1899673478664101,-2.1517648696899414,27.738751831930024,0.5036134190599678,2.9090147018432617,20.461556113031676,0.18245905777139712,2.768679618835449,20.664151711610803,0.19394145002266436,-0.1403350830078125,1.447616928072634,0.00918285471212254,2.9090147018432617,2.768679618835449
CASE00479,24.782649993896484,24.62882423400879,0.1538257598876953,-0.42986106872558594,-1.0466289520263672,18.548858642578125,53.00174403190613,0.45841087991902985,0.48906801139359346,183.5,59.935381870811504,0.49935344827394795,0.0459770114937244,0.06562054208263493,0.04067372254465901,1.1730046261568154,52.94645309448242,36.03582572937012,16.910627365112305,5.220451354980469,-18.080459594726562,29.264263153076172,47.97359609603882,0.6508108888953089,0.3483499759666384,112.0,9.974968671630002,0.8177203065090316,0.563218390798124,0.10366143604358272,0.01704791168771662,2.1733047416464744,64.0,61.0,3.0,1.0,2.0,22.0,90.0,0.5557760672622174,0.3683870690912645,149.5,50.082432049572034,0.6341232417184348,0.09354120267156413,0.054208273894350595,0.02294298395356255,2.696060692077823,57.24319839477539,54.05228805541992,3.1909103393554688,0.3986091613769531,0.4379692077636719,18.660181045532227,57.722007513046265,0.4567893257004324,0.5329484409805335,179.5,70.06604027629933,0.49025383141579276,0.04942528735575373,0.08004438104282764,0.03279845225901154,1.1777687058037298,16.75680160522461,29.081484348056655,0.3603531665910481,13.910627365112305,9.904111979492436,0.07188762336919234,13.719717025756836,6.893865652122155,0.06498477630915675,-0.19091033935546875,6.5820648028804785,0.04380005441485226,13.910627365112305,13.719717025756836
CASE00480,,,,,,,,,,,,,,,,,49.986324310302734,54.915714263916016,-4.929389953613281,-2.010885238647461,8.10687255859375,27.866531372070312,31.92368221282959,0.6412143030082517,0.35950396403081086,4184.5,1961.8423101768399,0.6666668449871783,0.0480268310122837,0.07557404128037057,0.01580912844989468,6.081063969709238,69.0,83.0,-14.0,-3.0,26.0,32.0,39.0,0.6802252934061482,0.3193710447210586,4087.0,2062.2235572313684,0.7241121353731639,0.1858394324241787,0.06803672673699995,0.023750005446915464,1.6328620132117009,61.62070846557617,66.74059295654297,-5.119884490966797,1.0937881469726562,20.84012794494629,32.332115173339844,35.33021640777588,0.6537847232573418,0.34603112766851796,4091.0,2075.1463803789843,0.6583718526536418,0.03663727059143372,0.09475587434336115,0.014315947262234655,6.0086021795140825,,,,9.070610046386719,17.628722547343344,0.1129982817782536,0.19049453735351562,11.186119008796432,0.04800453840866594,-8.880115509033203,6.4652075150208,0.01961706774023447,9.070610046386719,0.19049453735351562
CASE00481,-53.544111251831055,-80.11315536499023,26.56904411315918,33.85596466064453,-69.00403594970703,165.23365020751953,173.24044036865234,0.95410820387137,0.03798592341239389,148.75,95.82894917507966,0.7657474752828963,0.17242406194111845,0.02796697950342824,0.03983746669500586,2.0361869168150486,-30.38685703277588,-56.102294921875,25.71543788909912,6.621417999267578,2.8345069885253906,18.276094913482666,186.77387976646423,0.5135434112025449,0.3971305087080029,490.75,215.92750519560957,0.5817148756900417,0.07355568790925088,0.05153959634638515,0.021735369283774758,5.002487889669876,-11.76470947265625,-49.41175842285156,37.64704895019531,6.274505615234375,-1.568634033203125,25.098052978515625,213.33334350585938,0.6095936494458244,0.35113822381010007,439.0,100.49129315517837,0.6495907009853005,0.25712791001763763,0.04752189334252565,0.020346322486244465,5.158173710864211,-18.343174934387207,-63.344390869140625,45.00121593475342,32.58735275268555,-15.022517204284668,38.955907344818115,219.0114040374756,0.8834964227028601,0.06732376657596398,231.5,81.91611563056442,0.8127949075311476,0.6217986896943961,0.03145108132708765,0.04579405527516247,1.5297034929749873,-0.8536062240600586,68.19488689678704,0.2682613885958437,-11.931611061096191,18.107207354716344,0.21053492230881604,-19.285778045654297,35.81722925839524,0.26501120945386725,-7.3541669845581055,32.92584483824005,0.10452944038691932,-11.931611061096191,-19.285778045654297
CASE00482,,,,,,,,,,,,,,,,,-21.745553016662598,-85.34195709228516,63.59640407562256,29.55918788909912,9.802342414855957,36.55339786782861,196.43848037719727,0.814207486178196,0.11335844093619814,1322.5,638.5062646521176,0.9186223924129344,0.8933101650733314,0.010053091852228411,0.0978123129630756,1.800091311665493,-16.4705810546875,-71.37254333496094,54.90196228027344,42.352935791015625,15.686279296875,48.627471923828125,235.29412841796875,0.8430125386923113,0.09510746689084702,1049.5,703.685476615796,0.9409413640629753,0.9358882323701275,0.028186342425817915,0.08044703114358077,2.049958172311001,,,,,,,,,,,,,,,,,,,,8.694441795349121,11.098679317828195,0.05382381219132206,,,,,,,8.694441795349121,
CASE00483,30.305212020874023,23.098058700561523,7.2071533203125,4.68727970123291,1.9742212295532227,22.319900512695312,810.4265117645264,0.6038173373584749,0.2358740466265499,62.0,14.124446891825535,0.727737776255873,0.4078674948155721,0.08175473579241836,0.058607822954175694,1.1699451543906796,48.728614807128906,32.55061912536621,16.177995681762695,11.59844970703125,1.1876869201660156,25.29694938659668,621.2408132553101,0.7392975266435733,0.2647548582606336,55.75,12.214233500306108,0.7006489233931704,0.23395445134091192,0.10692921236264474,0.05284997426658104,1.4485099857931385,64.0,53.0,11.0,1.0,1.0,23.0,841.0,0.6358396786886624,0.24148158585512328,74.0,32.30325061042619,0.7316376329164097,0.386980108492098,0.10917248255207086,0.05153113741634987,1.222046718189031,61.640602111816406,66.7020149230957,-5.061412811279297,-3.5305557250976562,9.879074096679688,19.99745273590088,515.3111209869385,0.652756453236261,0.2763422675115878,67.0,18.66815470259447,0.6682558267061535,0.21118012421923021,0.06704885343951383,0.048250128666994255,1.4110778235210806,8.970842361450195,19.43568914809188,0.20172813954388147,5.177995681762695,15.104505563488157,0.13144220667375955,21.239408493041992,13.863024661694006,0.10676611463356972,16.061412811279297,3.7499163421557626,0.020650619991785874,5.177995681762695,21.239408493041992
CASE00484,-30.491214752197266,-190.4767303466797,159.98551559448242,29.957469940185547,6.401073455810547,28.57095432281494,177.8401165008545,0.9404586700216834,0.03872182653037804,4560.75,1631.3948594684243,0.6999220116235552,0.34450405910268705,0.10437853015328409,0.07489628929080462,2.4696345731217213,-22.279329299926758,-77.61820983886719,55.33888053894043,15.13696575164795,8.050679206848145,26.540098190307617,186.40972709655762,0.6815223769353109,0.19874998458539525,4218.25,1005.9059038995646,0.7123082987277025,0.2832663838871083,0.08354451820532488,0.03222773672126255,1.2593592241481253,-5.4901885986328125,-55.68626403808594,50.196075439453125,20.392166137695312,26.66668701171875,39.2156982421875,211.7647247314453,0.6984045358736306,0.22823564001557697,3551.5,576.8390156707502,0.8043470574309174,0.4488427315188141,0.07278223310900574,0.043492937628504424,1.2720676351940994,-5.702990531921387,-59.94553756713867,54.242547035217285,19.050604820251465,25.642643928527832,36.5486044883728,208.75677347183228,0.7399784861624332,0.16105659893460392,2707.0,488.9846623361514,0.8116400933739032,0.4561925896793573,0.07317311513429578,0.04676955438569996,1.275186823966287,-104.64663505554199,68.25855403775644,0.04872823845055885,5.142805099487305,18.4244474175103,0.12047302619247789,1.0963335037231445,16.996699180735906,0.10808981014375058,-4.04647159576416,2.0503466233570973,0.00990455628505695,5.142805099487305,1.0963335037231445
CASE00485,17.254425048828125,-5.076995849609375,22.3314208984375,14.666540145874023,4.715134620666504,36.43701136112213,222.36591720581055,0.7188573517755193,0.12940418939372772,1720.5,707.0100777216687,0.5123881827922989,0.06643026004724992,0.08104188813036006,0.0501183001182994,1.3161289225227129,47.80441665649414,18.224027633666992,29.58038902282715,26.235958099365234,-9.10659408569336,45.460219860076904,201.55561065673828,0.7010613274763672,0.15917251111078862,2066.25,712.2535977445112,0.43790788678826764,0.1252482269502954,0.060524876645996414,0.03354775229775182,1.8269142420743287,76.07843017578125,46.27452087402344,29.803909301757812,31.37255859375,7.8431396484375,62.74510192871094,244.7058868408203,0.7272450545503711,0.14123283345362095,1764.0,568.8145567757563,0.4883959397398493,0.18748094263179532,0.05313285364039908,0.036715692965692444,1.8618072958814533,75.11486053466797,43.532955169677734,31.581905364990234,27.22585678100586,9.632041931152344,57.67182159423828,229.02808380126953,0.7256597127097639,0.15114316937848354,1847.0,729.2934937321188,0.44080304290024064,0.08501182033092906,0.0517441610391813,0.03848024160524106,1.8463769872905982,7.248968124389648,30.152190232760976,0.18581009619800176,-0.22352027893066406,25.865600491574767,0.1290139258264974,-2.001516342163086,24.405268201083885,0.11118466996817095,-1.7779960632324219,3.9004222428382667,0.005100747875264208,-0.22352027893066406,-2.001516342163086
CASE00486,,,,,,,,,,,,,,,,,8.931015014648438,20.219226837158203,-11.288211822509766,-4.661123275756836,27.911152124404907,34.75221562385559,59.61630344390869,0.804942764482868,0.18325533188862272,1198.25,136.58582466713008,0.8229903087072121,0.5262165665131812,0.09378061724362205,0.030007276375825225,1.5858920492383861,30.588241577148438,71.37255859375,-40.78431701660156,-12.549041748046875,62.745086669921875,65.88235473632812,101.96080017089844,0.8953380936905215,0.09213236505940513,646.25,212.54690658769889,0.8489158478804509,0.5208453632056121,0.08504449706073594,0.019494882696943727,1.691626497919008,29.960301399230957,60.77933883666992,-30.819037437438965,-9.84005355834961,52.963520273566246,60.04310530051589,89.13615369796753,0.8709157405225814,0.11626235240893251,736.75,255.5889033193734,0.8564274773180175,0.5686932956282734,0.10517023187458104,0.015512569887412791,3.482219253596221,,,,29.496105194091797,24.040842630725034,0.13985703301793587,19.5308256149292,20.37520207578477,0.11702612645412241,-9.965279579162598,3.8090450861681577,0.011788892790483313,29.496105194091797,19.5308256149292
CASE00487,40.101335525512695,31.11481475830078,8.986520767211914,-0.07094383239746094,-0.6140537261962891,21.103946685791016,128.4031744003296,0.4695672940608439,0.4748423123356477,63.75,28.88230427095456,0.5280455105294266,0.09139784945990866,0.13106123579902726,0.00498161954168929,2.269907321283214,67.59390258789062,36.5416259765625,31.052276611328125,16.752792358398438,-6.0073394775390625,28.302213668823242,141.32027626037598,0.527759070751622,0.46403219355912045,50.0,18.907670401189037,0.6528038749563498,0.14784946236161695,0.14325297866405307,0.016456522485994277,1.5601385858867238,90.0,67.0,23.0,5.0,-5.0,26.0,158.0,0.46113313828438957,0.5226755748840847,68.25,22.038318901404434,0.5402067419757024,0.06783919597819499,0.19312829038461313,0.0334283849245771,1.1968578803940184,74.10366821289062,65.63615036010742,8.467517852783203,0.18291091918945312,3.9569129943847656,22.61176109313965,148.59979629516602,0.44618938489240983,0.5439216805558357,65.75,30.293357357678268,0.3707945821689962,0.08602150537403168,0.12801330008277081,0.00381351564915525,1.0766946255309,22.06575584411621,28.40996632319309,0.3292587399801377,8.052276611328125,21.73402146299787,0.18491940949875157,22.584758758544922,6.801038517889664,0.03930752682387666,14.532482147216797,15.063970622189084,0.11850398389108455,8.052276611328125,22.584758758544922
CASE00488,44.010990142822266,49.005001068115234,-4.994010925292969,-2.191080093383789,4.010686874389648,21.25113296508789,25.43722915649414,0.569320986164683,0.43576209511007247,624.5,241.36952997426994,0.5255364517344746,0.07162397413560899,0.08350798000962786,0.0070569023503560474,1.074531819102013,97.11685180664062,80.07866668701172,17.038185119628906,9.273555755615234,-0.7337837219238281,42.90813064575195,33.7730598449707,0.659975258587546,0.34420566753290655,546.75,104.4733817773695,0.6915223875239243,0.15195225068353158,0.16013756784343053,0.045801823519115284,1.3392311002034223,120.0,131.0,-11.0,-8.0,17.0,48.0,45.0,0.6823167353480912,0.316136195381494,633.5,153.33867744310305,0.6857644184959681,0.32499999999921875,0.12321994733724369,0.04497560216955569,1.4891362959751993,,,,,,,,,,,,,,,,,22.032196044921875,52.467430605000295,0.5531001341286218,28.038185119628906,21.994234209671852,0.07834594152919543,,,,,,,28.038185119628906,
CASE00490,44.28446578979492,32.47354507446289,11.810920715332031,1.8867416381835938,-2.3837890625,18.561656951904297,90.94204330444336,0.556296126385801,0.44056527626165204,2577.75,1436.1570901193227,0.5952919347206506,0.029769959404590984,0.08550715150720298,0.02198686810029828,4.401455092180827,61.07524490356445,46.84261703491211,14.232627868652344,5.28486442565918,-1.133871078491211,25.998077392578125,105.26572799682617,0.5819689129034107,0.4149223321760379,3686.75,1307.868948901227,0.6732592873854217,0.13825538796655393,0.05045331064051804,0.05046287334814127,1.2622648228862043,89.0,68.0,21.0,11.0,2.0,30.0,153.0,0.5980517166351468,0.3964647076403578,4027.75,1323.0308717108608,0.6826065994862955,0.31434995533917076,0.04344908846921032,0.04803559193405021,1.2696288518179433,,,,,,,,,,,,,,,,,2.4217071533203125,17.487957293441667,0.1784448781992551,-6.767372131347656,26.892625262510816,0.24866829679219368,,,,,,,-6.767372131347656,
CASE00491,39.15507125854492,33.90833854675293,5.246732711791992,2.85980224609375,-2.3615970611572266,15.294469833374023,282.2454843521118,0.5269528632457562,0.2366006508895282,59.25,25.810608284191986,0.7128224770358733,0.2462057335540269,0.03571428571423121,0.036279798155553114,1.4826331041811616,78.13424682617188,45.292816162109375,32.8414306640625,23.55369758605957,-6.062065124511719,20.735748291015625,329.34725761413574,0.5238331672257759,0.40446232574772,81.25,36.21032311371993,0.6196995332132209,0.15008431702950953,0.13156288156268076,0.03175569862536423,2.1982008997033895,75.0,67.0,8.0,5.0,-4.0,21.0,498.0,0.49869224056987127,0.32666934431847916,103.0,49.178247223747206,0.5693966704486703,0.14839797638872854,0.06486568986559087,0.060100922220278394,1.418483243962436,62.97264099121094,64.6670036315918,-1.6943626403808594,0.2484893798828125,4.7427520751953125,19.328319549560547,459.6923313140869,0.46880397220599485,0.32780032556075694,133.0,33.42902930089356,0.6232880742679541,0.36930860033104035,0.07402319902308604,0.026361579954754417,1.128612332337957,27.594697952270508,40.48880907425858,0.673584980282063,24.8414306640625,4.553908633378211,0.011031435227724597,34.53579330444336,15.257402796644458,0.15309841951038478,9.69436264038086,10.821274833957766,0.1098423560155942,24.8414306640625,34.53579330444336
CASE00492,3.0244288444519043,11.801154136657715,-8.77672529220581,-3.740708351135254,10.930385112762451,25.85369300842285,63.85803699493408,0.7257175220433405,0.13304101000657612,846.5,264.248462625613,0.6281991637343664,0.0595100679747858,0.045446847817712965,0.033820746393081476,2.302899889755951,12.501232147216797,38.43107223510742,-25.929840087890625,-17.973958015441895,26.640688180923462,46.05380630493164,92.44919395446777,0.7312160889915311,0.14148697997237447,700.75,69.6755875468589,0.7060577936994926,0.17917147620856846,0.08258024786389308,0.0434746892057162,2.0375231381493695,24.313735961914062,85.49020385742188,-61.17646789550781,-29.803924560546875,37.64704895019531,45.49018859863281,133.3333282470703,0.7668041688059153,0.11787823862468533,338.5,24.904818810824544,0.7581590158998184,0.17346084877444892,0.03636363636363077,0.05840437637293919,1.8128016654129817,24.255599975585938,93.02247619628906,-68.76687622070312,-33.60843276977539,40.56002902984619,51.97945839166641,128.17973166704178,0.8009291032282494,0.07943970080166174,262.0,25.79728667902886,0.8335891684877721,0.4617160446319588,0.0459856823954975,0.05595818348880483,2.0090718882560266,-17.153114795684814,16.005097662297278,0.11154141635209555,35.24662780761719,17.583393003831322,0.03594228457487889,42.8370361328125,17.133180496271457,0.03186409289036435,7.5904083251953125,4.535903961758304,0.008436408121069525,35.24662780761719,42.8370361328125
CASE00494,30.33106231689453,32.8668327331543,-2.5357704162597656,-0.8068675994873047,4.349331855773926,30.853874683380127,48.103761315345764,0.557477378451583,0.4403593949769185,2031.0,1111.4841429368212,0.5974892484484525,0.06589566929130615,0.05522019481409713,0.018437561969316885,4.327839086072719,61.759944915771484,46.8341007232666,14.925844192504883,7.568428039550781,-4.342765808105469,30.239091873168945,37.576969623565674,0.6249470710369439,0.36879763505785174,1878.75,635.6730193267605,0.6886357676953776,0.15418307086606584,0.08357342113686336,0.022466694308737392,4.532752406325048,71.0,66.0,5.0,3.0,2.0,33.0,47.0,0.5676708073973867,0.43086907007403424,2322.25,1024.6785776525242,0.6360048304567236,0.16098086241487886,0.07567338912515713,0.02139180833228125,4.6122177187938345,,,,,,,,,,,,,,,,,17.46161460876465,31.412445545192824,0.27172451956932603,9.925844192504883,8.5290125280855,0.03279523060492642,,,,,,,9.925844192504883,
CASE00495,-11.77832317352295,-10.414746761322021,-1.3635764122009277,0.26859474182128906,-2.835000514984131,13.216890573501587,20.125940263271332,0.8227173551000304,0.14908449108322983,120.25,22.76373211931646,0.562675562087386,0.09629629629558299,0.04727306455600814,0.07730728481446965,1.503395100403809,20.085351943969727,10.494840145111084,9.590511798858643,5.587113380432129,-11.703137397766113,27.959197521209717,33.420016050338745,0.8982042198894507,0.15720799854977488,149.75,33.29695932063467,0.778919087374919,0.6822222222171688,0.11977491961411088,0.05228137988846024,1.9942500059225776,65.09805297851562,69.80392456054688,-4.70587158203125,-4.70587158203125,-3.137237548828125,32.941192626953125,50.196075439453125,0.764871488705859,0.1901509445685848,170.0,41.07919181288746,0.4952973672585239,0.3016105417254641,0.10737694781099821,0.07469350688663104,1.618616083919004,62.41389846801758,71.27746200561523,-8.863563537597656,-4.890417098999023,1.712808609008789,26.393495559692383,51.289748191833496,0.714301407475813,0.23319982736290257,191.0,41.41255848169731,0.3924871467085822,0.21407407407248835,0.06696759831805993,0.027610576195408854,1.871818313846876,10.95408821105957,37.471986091819645,0.5751477910187971,14.296383380889893,40.5841751810261,0.4077083712258747,18.4540753364563,39.89036162743102,0.44960946435878585,4.157691955566406,4.970231448748273,0.02340142402091187,14.296383380889893,18.4540753364563
CASE00496,47.404951095581055,43.916086196899414,3.4888648986816406,0.40193748474121094,-3.711721420288086,18.968225479125977,27.816828727722168,0.4969599500944507,0.5016953369470741,616.0,212.3617197142649,0.6202206501594549,0.02602324406259216,0.08988707145384621,0.007510517305160361,1.121035455425093,79.83176040649414,56.286760330200195,23.545000076293945,10.319171905517578,-25.8013916015625,39.27698993682861,34.40642166137695,0.7005345929029483,0.2996609406104382,373.75,61.32852109744699,0.7740230756265606,0.4161192521464979,0.10356003443555803,0.011287283739255893,1.8197049917244572,116.0,104.0,12.0,2.0,-9.0,33.0,38.0,0.6754754136877034,0.3238520879321,492.25,174.48406087663136,0.7395383853937796,0.3712763380954922,0.1525294981515407,0.00904187134905331,1.4430482308615609,93.34043884277344,98.62953567504883,-5.289096832275391,-2.7377586364746094,-2.596149444580078,24.523366928100586,35.084171295166016,0.6378821409730566,0.355192342870477,480.75,220.7785938446026,0.6104829880405654,0.0330975240019376,0.06937762698127849,0.008413844128805078,2.428119300788129,20.056135177612305,32.395460716034435,0.3580813671982068,11.545000076293945,35.19783740958676,0.2688854453407212,28.834096908569336,13.50997189672364,0.09674017837173546,17.28909683227539,22.59780541603549,0.20491087837244132,11.545000076293945,28.834096908569336
CASE00497,36.73782920837402,20.654197692871094,16.08363151550293,3.811713218688965,-5.356143951416016,31.850768089294434,107.63308715820312,0.6988605007194377,0.26611078617537753,9682.5,5699.850107678271,0.519507765758399,0.009353471612865346,0.09084339232000363,0.015307489616363433,1.8035170143728485,61.5557918548584,36.978424072265625,24.577367782592773,7.473854064941406,-2.509105682373047,36.88123035430908,94.03751373291016,0.6143486376934061,0.3700637888372992,7590.25,2176.6650379651896,0.6953075256129925,0.2727629146985283,0.12951677799912795,0.023199425364357273,2.1702567194197595,72.0,38.0,34.0,10.0,-14.0,41.0,137.0,0.7470139695744111,0.22109288888663423,10247.75,5855.307352095191,0.560928573922211,0.008037066737947423,0.10042384468142307,0.013709005106218017,1.3120744776932622,54.36677932739258,30.73533821105957,23.631441116333008,6.16472053527832,-8.736419677734375,34.609272956848145,131.82416915893555,0.7498781818821352,0.21770096376036713,8677.25,5204.428420825864,0.5425456709600457,0.007449172003060425,0.10530684792373673,0.011634138716448356,1.7231263731601218,8.493736267089844,30.24691017022305,0.16272492524001983,-9.422632217407227,14.436559173098566,0.051947506415716264,0.9459266662597656,14.667545450285289,0.030149055456770955,10.368558883666992,16.875577452882514,0.08433665479372121,-9.422632217407227,0.9459266662597656
CASE00498,41.28012657165527,39.20174217224121,2.0783843994140625,-0.347991943359375,0.3322563171386719,21.42446279525757,38.38661336898804,0.4289641013163876,0.5724358336352782,8454.75,4180.696435703027,0.5334195277667599,0.004948766915130712,0.06192648845065765,0.0462508966001753,1.2876150556704222,87.37541961669922,64.79024124145508,22.58517837524414,10.449783325195312,18.519432067871094,44.005340576171875,51.74056053161621,0.8026845613270542,0.17272905680032985,2161.75,119.56457460301526,0.6644789078488409,0.2509497114929976,0.10644986781801692,0.03835660812735112,1.3257742447127334,129.0,146.0,-17.0,-4.0,36.0,39.0,105.0,0.7674948981191392,0.22578698552650553,4506.25,1090.3362726700418,0.718581582315998,0.21169910985029608,0.08290208326953048,0.02506273571907807,1.2727186434319555,,,,,,,,,,,,,,,,,20.506793975830078,48.665686218288016,0.5010503749455757,39.58517837524414,37.796255481088735,0.2204155087585613,,,,,,,39.58517837524414,
CASE00499,77.78792572021484,74.17119598388672,3.616729736328125,1.0735015869140625,6.101348876953125,38.48322296142578,57.81594944000244,0.3247887611343654,0.679578575913508,313.75,118.01562396564279,0.40166820991603536,0.03003875968963141,0.10917913465411891,0.0012997086137137499,2.0812568069233355,81.45421600341797,47.238922119140625,34.215293884277344,17.03040313720703,-12.1298828125,40.40083694458008,47.49447441101074,0.47074966848336747,0.5266452788895081,206.25,66.2848964697087,0.566782248415109,0.19476744185857786,0.1757649278876186,0.016393098966518586,2.1690068292804603,78.0,77.0,1.0,0.0,5.0,27.0,46.0,0.46395425322794603,0.5361074677175682,217.25,96.31037067730557,0.4599464471180407,0.053191489361187706,0.11551422024516038,0.004066830178394636,1.4802606432343985,63.425601959228516,62.64466094970703,0.7809410095214844,-0.5331268310546875,10.696846008300781,32.50929641723633,43.53696155548096,0.3889746951353327,0.6072327746008604,295.25,98.55296799183675,0.44813957747319877,0.033914728681841914,0.11807521229260268,0.0021382302999806853,1.7130240112693818,30.59856414794922,3.5822052988973327,0.004548753207926133,33.215293884277344,8.360693767658008,0.04768630248277798,33.43435287475586,18.57901717388047,0.09049673238206299,0.21905899047851562,14.76029816435521,0.08441749102349536,33.215293884277344,33.43435287475586
CASE00500,3.8124518394470215,-5.096118450164795,8.908570289611816,7.216607570648193,0.6653087139129639,28.104406356811523,92.86902809143066,0.44333853619803926,0.5268894113031549,8276.5,4051.919452555788,0.5184226182415633,0.0036289705528706846,0.06625752626607144,0.015247193471930634,3.9671816636243316,11.946353912353516,1.0670984983444214,10.879255414009094,8.162286281585693,2.8899035453796387,30.62741184234619,98.03839349746704,0.48387491626220036,0.49263901726957704,7774.5,3131.4323799181743,0.5607691416932824,0.05170189974421186,0.06015208202508349,0.022522201473920995,2.133144073192123,46.27452087402344,25.882369995117188,20.39215087890625,12.549026489257812,10.980392456054688,40.78431701660156,116.07844543457031,0.5475973371845697,0.42121341820652825,7404.5,2288.9000087378217,0.6386034569106375,0.12064320592689834,0.06063228550471176,0.03906655971428632,2.395439126821836,48.5142707824707,35.273698806762695,13.240571975708008,2.9427528381347656,15.822185516357422,37.834951400756836,146.8538818359375,0.5983548275723796,0.38178842527129225,6343.5,1610.6230937124924,0.6479335965025158,0.25551450495152145,0.054743196677622265,0.039175412701847274,2.1124298771608485,1.9706851243972778,8.554773162863494,0.0257848568327697,-9.512895464897156,34.17968669448464,0.25610268913154216,-2.3613165616989136,36.70320545347319,0.2931601529867696,7.151578903198242,3.4187357787902175,0.007067088293864825,-9.512895464897156,-2.3613165616989136
CASE00502,46.800167083740234,41.08241271972656,5.717754364013672,1.3487548828125,-1.4447650909423828,18.468650817871094,40.63130474090576,0.45674035003174657,0.5353794213501005,1103.5,452.2175914313816,0.5531768111427646,0.037188208616723825,0.08688524590159617,0.004709222226860543,1.4313337117110307,58.76063537597656,49.999446868896484,8.761188507080078,2.514453887939453,-0.3894004821777344,23.842535972595215,47.20256519317627,0.500426789034538,0.5025204033685637,1143.0,261.75465611904593,0.6674324533967833,0.3718820861672383,0.08047690014899131,0.0059199265227732716,2.99691073606289,70.0,70.0,0.0,-1.0,2.0,25.0,51.0,0.49366168148826,0.5060849364959018,1168.25,370.23058693198215,0.6004527509116521,0.083380843785514,0.07888723298555445,0.004358535465285821,2.1014818406985856,59.41452980041504,53.68102264404297,5.73350715637207,-0.0267791748046875,-2.0221786499023438,23.241769790649414,42.937581062316895,0.327304548414339,0.6679115655622966,1591.25,614.9212856130449,0.48264966595032377,0.019803476946304154,0.09831097863879865,0.0015029432638916627,3.2904669246722804,3.0434341430664062,12.323158203934478,0.1056982586487848,8.761188507080078,11.432661897707149,0.06624696769403254,3.027681350708008,0.6196346115610798,0.0007052204436010619,-5.73350715637207,10.844294265456545,0.06258712145575683,8.761188507080078,3.027681350708008
CASE00503,50.33089828491211,52.1999397277832,-1.8690414428710938,-1.21954345703125,-1.204010009765625,13.42044448852539,14.367624282836914,0.6351103428091639,0.36382285076532045,105.25,15.927570436196476,0.4314563786837967,0.0815384615372071,0.08767513134841541,0.007497840296000474,1.6670561340769536,80.268798828125,72.10945892333984,8.159339904785156,3.8435745239257812,-13.152015686035156,24.733688354492188,21.039941787719727,0.6034095592860017,0.39096716132346115,108.0,4.949747468305833,0.6682874083680136,0.14153846153628402,0.12981611208392094,0.00733484376782655,1.3581077463772573,111.0,104.0,7.0,4.0,-7.0,27.0,25.0,0.5573375847687528,0.44064234920438505,137.0,13.910427743243556,0.6188689030044857,0.2437223042800041,0.12270140105065377,0.014082900034226976,2.5444735508307224,92.88360214233398,96.98258972167969,-4.098987579345703,-1.9912300109863281,11.910911560058594,18.79361343383789,14.873416900634766,0.7028044976436544,0.3142259362348007,95.75,32.205395510690444,0.45345103145939675,0.10769230769065088,0.09763572679498944,0.0031947319522088974,2.6986415202203493,10.02838134765625,30.040463301793828,0.5360169283378767,1.1593399047851562,30.147348210189087,0.33798880266817927,12.25832748413086,11.880559849173373,0.10426451660465863,11.098987579345703,18.342295718388677,0.21685271577894683,1.1593399047851562,12.25832748413086
CASE00504,,,,,,,,,,,,,,,,,82.07925415039062,50.0887565612793,31.990497589111328,19.097312927246094,11.768524169921875,32.23720741271973,167.51356506347656,0.7350567660530566,0.253377767086847,93.0,19.836834424877374,0.7616933195033827,0.3632326820571649,0.10954106280180007,0.043958366354934934,2.8061956678123496,113.0,97.0,16.0,1.0,24.0,38.0,198.0,0.714558179580865,0.26138670959523463,110.25,22.554101622543072,0.747100177984372,0.30626654898229244,0.09021739130423886,0.03650869128757216,2.6495955186389675,,,,,,,,,,,,,,,,,,,,15.990497589111328,29.908641912548106,0.21169499790137422,,,,,,,15.990497589111328,
CASE00506,,,,,,,,,,,,,,,,,7.4428980350494385,-24.81842803955078,32.26132607460022,17.549529552459717,-8.447941303253174,37.05619716644287,157.89696502685547,0.7854860390906796,0.15331520586408304,3090.25,516.9614951812175,0.8472377823880801,0.7666113416318765,0.008394209331236918,0.08511362008226794,1.252076406575878,36.862762451171875,-5.4901885986328125,42.35295104980469,25.098037719726562,-17.254898071289062,58.03919982910156,192.941162109375,0.8430874415133524,0.11518213830402577,2243.75,677.6777903251663,0.9169755491825803,0.8765914976260044,0.05942216605533503,0.07438760432627918,1.8831676158755668,43.384761810302734,-6.388550758361816,49.77331256866455,23.175925254821777,-18.519775390625,52.995012283325195,173.305908203125,0.8472218443917808,0.11839122463329921,2308.5,153.25387433928057,0.8806800368832344,0.7842600276623004,0.043106371174056905,0.05967829608703243,1.8447227603423135,,,,-10.091624975204468,32.97421112933134,0.14763046009416214,-17.51198649406433,33.87448797698823,0.1856705701929708,-7.420361518859863,6.596144090421555,0.034132131304955786,-10.091624975204468,-17.51198649406433
CASE00507,37.61940574645996,5.202378034591675,32.417027711868286,9.421640396118164,-3.316638946533203,22.704650402069092,102.45830821990967,0.6052241652394377,0.37127950767546725,8618.25,4356.02292091077,0.6601763737475561,0.03412140214105828,0.09093621486148024,0.04723903953529084,1.9554213173379806,60.599151611328125,17.341739654541016,43.25741195678711,9.760189056396484,-2.220947265625,31.655982971191406,112.9051399230957,0.7227197066334488,0.2566211881798085,7544.25,2238.8988783551613,0.7163133505322619,0.21032313949982956,0.07402397847804422,0.04803525376198655,1.4318656701863133,76.0,26.0,50.0,14.0,13.0,34.0,141.0,0.6931920483815398,0.2932762941776002,9809.25,3934.5121918098057,0.7244133541377751,0.3183647855125449,0.07552574130891682,0.038931370339767755,1.6424503256494343,,,,,,,,,,,,,,,,,10.840384244918823,23.04608493951185,0.21499787443687263,-6.742588043212891,15.129193776519767,0.07217936199182448,,,,,,,-6.742588043212891,
CASE00509,,,,,,,,,,,,,,,,,4.059154033660889,24.90476894378662,-20.845614910125732,-13.078073501586914,35.5478458404541,43.00857496261597,32.014732360839844,0.8467669635180324,0.12491142527818697,142.75,46.719241218153364,0.766468808192767,0.31424581005498814,0.14810412094606556,0.07119145371624397,1.382108079552062,18.039230346679688,96.4705810546875,-78.43135070800781,-45.490203857421875,58.03923034667969,73.72547912597656,45.490203857421875,0.871638465022167,0.0821854869976654,112.75,29.953088321573787,0.8678328413896909,0.6484333510338597,0.07653621068029855,0.0433984508309439,3.7424861659210364,17.59775733947754,81.165283203125,-63.56752586364746,-39.874074935913086,50.68852519989014,65.01381397247314,50.75244426727295,0.8688046351831289,0.08856140057241674,122.25,63.06494668197223,0.7651827281183284,0.19245810055812163,0.09339185564493618,0.0461493117676843,3.558849196540369,,,,57.58573579788208,23.650460873754533,0.12002052975044321,42.72191095352173,17.72511114621836,0.08256540804213613,-14.863824844360352,6.013900862681476,0.027853942548047378,57.58573579788208,42.72191095352173
CASE00510,-0.08793039619922638,15.808089256286621,-15.896019652485847,-7.27407169342041,7.353104591369629,27.461912631988525,28.27055925130844,0.6022984785146234,0.3869477674890576,1205.75,396.74385628513517,0.6290791149312482,0.24940305635118265,0.07583859154443963,0.006426894887905066,2.341446459436348,36.341575622558594,50.28994369506836,-13.948368072509766,-4.221378326416016,26.795690536499023,41.69198274612427,29.469818115234375,0.8140400950703043,0.18962716563058324,700.25,181.3606558766261,0.6914249044886857,0.2239732569242789,0.1019892371438712,0.031163575262664802,1.2384989926218641,49.411773681640625,80.78433227539062,-31.37255859375,-18.823516845703125,29.803924560546875,47.05882263183594,29.80389404296875,0.8215316757232962,0.16271434837431037,730.75,187.21695302509332,0.7032903100716901,0.22220988339786538,0.09667658133175788,0.04316741963112228,1.2415102950715795,42.84843063354492,60.96260070800781,-18.11417007446289,-6.088665008544922,17.6352596282959,41.49630546569824,31.040355682373047,0.79086401448344,0.21133484924245918,856.25,203.74785274942164,0.6819981693724988,0.1261938872968885,0.06067431184772783,0.04978718674608045,1.2476420188785216,1.9476515799760818,34.211011744778745,0.29379107032889334,17.424190521240234,12.776192422210364,0.041716561073821476,4.165802001953125,5.799892472782074,0.008293067947525485,-13.25838851928711,7.234176752779412,0.024509716159659824,17.424190521240234,4.165802001953125
CASE00511,-4.1646037101745605,10.139533042907715,-14.304136753082275,-5.515995770692825,17.138032406568527,33.607651710510254,39.55723810195923,0.7877330498890124,0.20832897148413018,291.0,50.57667446560717,0.8238201965778141,0.7282814614323998,0.07289464711896594,0.020342090787645945,2.4027776981147335,37.29735565185547,25.397216796875,11.900138854980469,3.7491493225097656,7.606843948364258,33.677982330322266,34.50998115539551,0.8529038547820661,0.16225480683341462,187.25,46.63354479342097,0.7825206333544115,0.340460081189877,0.1598022502556564,0.0563585404824865,1.63741421709943,80.78433227539062,85.49020385742188,-4.70587158203125,-4.705902099609375,17.2548828125,40.7843017578125,47.058807373046875,0.8421753000120249,0.1574225822071399,246.25,110.9219883521748,0.7294720502569443,0.15414812876170075,0.11121718377084513,0.04917096681247614,3.1747482231706194,63.900081634521484,56.45942306518555,7.4406585693359375,-0.3970909118652344,5.7486572265625,34.31412887573242,34.13601303100586,0.8536294813862743,0.1584947957944782,188.25,54.20966242285595,0.766123669712305,0.30175913396400067,0.15949539720417336,0.07268774392958731,1.1926421358863002,26.204275608062744,37.87951706785625,0.30774962201041434,16.60601043701172,40.12696322915183,0.3240096079178278,4.459480285644531,25.12689231917039,0.16969420226949028,-12.146530151367188,15.005555719741244,0.0758237446250529,16.60601043701172,4.459480285644531
CASE00512,-23.818665504455566,-23.98685646057129,0.16819095611572266,-1.938157081604004,5.192383766174316,20.082534790039062,28.712909698486328,0.4767446010286143,0.5168159252190855,2392.75,969.3622581367607,0.5317325234767273,0.05649188514352645,0.10704747949801396,0.049977700176499544,1.1548156992345087,-4.742855787277222,-12.101456642150879,7.358600854873657,2.805262804031372,5.915278434753418,24.584448218345642,29.048931421362795,0.6040832644405667,0.39601940972642774,1950.5,503.27850142838406,0.6216994478598594,0.12492197253423461,0.1394488691418548,0.014297982577669472,1.5309506643644601,16.470596313476562,8.627456665039062,7.8431396484375,4.7058868408203125,15.686279296875,26.666656494140625,36.07844543457031,0.5881731424827513,0.4131238112896338,2129.5,661.6874262066644,0.6405678274952636,0.1519895126463973,0.1377827145321606,0.013968229868478156,1.4952987626550562,9.891291618347168,11.504976749420166,-1.613685131072998,-2.3024468421936035,12.919295072555542,25.44946175813675,33.00355505943298,0.5836432901980315,0.4116188922248188,2156.75,633.7749501992013,0.5987959346568563,0.09121410736572158,0.12075485075507282,0.010874722438366825,3.209836705024623,7.190409898757935,19.39417485722098,0.20588185840825254,-0.4845387935638428,21.292119094571213,0.20306238323588788,8.972285985946655,14.238676232531958,0.0977317937094738,9.456824779510498,7.230015534385295,0.04655267018145478,-0.4845387935638428,8.972285985946655
CASE00513,-2.642534613609314,12.358078002929688,-15.000612616539001,-3.3709754943847656,17.531502723693848,29.17090344429016,28.45512080192566,0.5912318908196793,0.4020363973170615,1969.0,618.158960138895,0.6459250398296162,0.05822478468214234,0.07420887350026988,0.010682095076419977,2.614630416713867,18.30909824371338,29.320064544677734,-11.010966300964355,6.465145111083984,37.3042494058609,41.55506485700607,21.96722984313965,0.8713807939226081,0.13221995763090919,501.75,182.6107540644855,0.8993848338188926,0.6838209125199773,0.09098961269021806,0.03473413131470506,1.7890540179878882,29.019622802734375,63.5294189453125,-34.509796142578125,-6.2745208740234375,48.62744140625,50.196075439453125,23.5294189453125,0.8655987643131521,0.12389223261850994,592.25,250.20928739757045,0.8208937972228216,0.38641203087544157,0.07630243980995631,0.03139381131378131,1.780576135039052,29.03941059112549,48.055110931396484,-19.015700340270996,-5.539146423339844,30.092334747314453,36.87497007846832,20.62012481689453,0.8290330816631821,0.16662935674575172,911.25,387.6205457660881,0.818869003811141,0.4565449498181674,0.08106932925355004,0.019585765675252196,1.9858462505585537,3.989646315574646,22.020726436305953,0.14978595465427025,23.49882984161377,9.564495526842796,0.05478865817550829,8.00473403930664,7.934522533685401,0.01912036833101728,-15.494095802307129,5.2698280131962205,0.04839511987187427,23.49882984161377,8.00473403930664
CASE00514,,,,,,,,,,,,,,,,,78.28133010864258,35.531097412109375,42.7502326965332,20.6502742767334,3.2396087646484375,35.05788803100586,814.0662231445312,0.6408892315227374,0.1708608918993072,940.5,234.14365248710033,0.7974625202590208,0.545137763370709,0.2069948728680007,0.04895118710703231,1.6816024438279564,170.0,109.0,61.0,25.0,8.0,51.0,349.0,0.7687797190473322,0.2315145140426756,1281.25,375.31078788119055,0.7337236625005622,0.2637161388780895,0.20877367374693714,0.0395422463907679,1.6508681762461928,,,,,,,,,,,,,,,,,,,,-18.249767303466797,89.6367958469494,0.6305203190874928,,,,,,,-18.249767303466797,
CASE00515,45.72105026245117,49.66925811767578,-3.9482078552246094,-2.021869659423828,2.509441375732422,21.048492431640625,21.52399444580078,0.5476522232923136,0.44639002549473955,134.0,65.13447627792827,0.4374478625752275,0.06533575317545068,0.08924144769448532,0.0012441679626747336,2.9827720471205748,112.0104866027832,75.33943939208984,36.67104721069336,22.397037506103516,-14.227005004882812,28.360424041748047,30.575098037719727,0.5537266819198062,0.4088353156250956,123.25,67.7435421276449,0.595616552027562,0.0934664246815475,0.12369856222096716,0.024682096788944348,1.1092053796139245,106.0,108.0,-2.0,-5.0,2.0,29.0,32.0,0.4953807066543107,0.4960115959681111,214.25,65.10520332507994,0.5327825952568872,0.19112318840406592,0.1470004957856383,0.006824627207024641,2.5289484665833024,,,,,,,,,,,,,,,,,40.61925506591797,65.31581454567305,0.8401663199803954,38.67104721069336,4.519641886332131,0.01586942741433721,,,,,,,38.67104721069336,
CASE00516,,,,,,,,,,,,,,,,,-7.2025229930877686,11.38603687286377,-18.588559865951538,-7.139826327562332,21.13577076792717,26.74513530731201,111.59185028076172,0.7041008081033351,0.20507292104671204,1695.25,175.76031264196135,0.7230167456825068,0.30285028845587314,0.07184701512738938,0.03846153846153766,2.1826892918482894,3.9215850830078125,25.882369995117188,-21.960784912109375,-17.254898071289062,32.94117736816406,34.50981140136719,145.88235473632812,0.7725371176355681,0.18740414319058898,1358.0,55.5517776493246,0.7957208478977731,0.3982029244333083,0.04466751128869347,0.07203877321351473,1.9741588384209512,5.106596946716309,28.364116668701172,-23.257519721984863,-18.87363052368164,37.91814994812012,38.733967781066895,129.83584213256836,0.8021855724465196,0.16011745217512535,1050.0,100.4166320885141,0.7993052778886472,0.36648197863690724,0.07743451472132049,0.06715446950395415,2.002739853379822,,,,3.372225046157837,12.840502583878568,0.054374530247104605,4.668959856033325,15.137201180606198,0.07495175296427897,1.2967348098754883,2.366777793630813,0.022530942822569636,3.372225046157837,4.668959856033325
CASE00517,,,,,,,,,,,,,,,,,79.9290542602539,42.0683479309082,37.8607063293457,14.312641143798828,37.06757354736328,50.586591720581055,125.61917209625244,0.6120029702852063,0.37392839040279646,12158.0,2549.9099003690308,0.6699506828377941,0.12170350979250029,0.11541381128095779,0.014736537461232215,6.3054112766453905,83.0,50.0,33.0,9.0,38.0,48.0,130.0,0.5299155862874447,0.4616174260856334,15567.0,5639.429004784083,0.611760859211171,0.022024604893330184,0.10409066947811238,0.014278953893566565,6.313507550383648,64.40653991699219,44.056854248046875,20.349685668945312,2.3497276306152344,8.885143280029297,33.63324165344238,93.7507905960083,0.3672950272813133,0.6286807599564489,17001.5,9338.509798142313,0.47726790840210365,0.0011392282334689331,0.11185028993145896,0.015831609247098727,6.353432537163573,,,,4.860706329345703,2.714958343385524,0.005401107151080346,17.51102066040039,16.015110052847117,0.07788727817577061,12.650314331054688,18.18852792645957,0.094888757918123,4.860706329345703,17.51102066040039
CASE00518,45.19321823120117,43.700645446777344,1.4925727844238281,2.5839195251464844,2.1303672790527344,13.794839859008789,23.568593978881836,0.5732590114841664,0.42775524298796247,240.0,121.06403264388643,0.6151857897999995,0.04291044776099389,0.06337551927343892,0.025437815375478564,1.4417618630342868,73.72290802001953,48.21175765991211,25.511150360107422,23.768856048583984,14.336566925048828,31.65578842163086,32.31662559509277,0.6189384874719417,0.38594359519401117,291.5,106.24852940158749,0.5938763215163492,0.22294776119299,0.1517727755770923,0.004036806173938256,1.5489048301557975,84.0,85.0,-1.0,-6.0,6.0,20.0,42.0,0.6455038987664411,0.3584416627562766,353.0,149.78150753681177,0.5646205518442359,0.0693842150907659,0.12317650468541862,0.020866726031460246,1.2103638074620924,66.63526916503906,66.37154388427734,0.26372528076171875,-2.88232421875,6.511440277099609,15.516218185424805,25.672714233398438,0.5931939767980352,0.4006054769692511,373.75,161.36352592825926,0.5782513215164246,0.12919776119342727,0.1269442565934432,0.0066488572276630084,1.3069204068449738,24.018577575683594,28.65565080395957,0.4335901701233436,26.511150360107422,10.641624170417023,0.0757258660812724,25.247425079345703,10.898072354740664,0.12878143133102807,-1.2637252807617188,17.001401798584016,0.26164345333651734,26.511150360107422,25.247425079345703
CASE00519,35.82298278808594,18.93349266052246,16.889490127563477,2.9409103393554688,-0.7242164611816406,19.946043014526367,84.79134273529053,0.6704346123620333,0.3085407120909597,156.75,78.455003027213,0.5854248646015198,0.08481262327388293,0.12555350553499744,0.05257106444284004,1.0484751853371388,66.23011779785156,40.623247146606445,25.606870651245117,4.681758880615234,17.29946517944336,31.907352447509766,90.45153617858887,0.7428887913964556,0.2648065560865869,217.75,47.88723733939973,0.7238610492429175,0.3004602235361589,0.1997693726936348,0.06869562808222497,1.4216647385646355,85.0,62.0,23.0,6.0,33.0,39.0,131.0,0.8125655873202934,0.20155247823456512,183.0,19.144189719076646,0.8669454530240659,0.7560446373194171,0.15784132841321133,0.07789383276998407,1.1828630948305534,79.97553253173828,66.55456924438477,13.420963287353516,0.091461181640625,23.16672134399414,29.35858154296875,99.703693151474,0.8401570366600019,0.17197553772441973,127.0,40.50308630215727,0.74225639082463,0.37376725838141434,0.14852398523978388,0.049724330913721825,1.6143601833435304,8.71738052368164,30.59132706997495,0.3621017006987355,2.606870651245117,18.648912366608464,0.09940378715979523,12.185907363891602,12.204326028298281,0.052672020379154784,9.579036712646484,6.775974096788868,0.043639582859441785,2.606870651245117,12.185907363891602
CASE00520,-3.286177396774292,-23.425487518310547,20.139310121536255,7.852995157241821,-3.859650433063507,29.669726371765137,183.0384100675583,0.7626437591452303,0.1132960561438408,1201.0,512.5441444402619,0.6406976117930896,0.12011817930004605,0.09637148240441301,0.054100080309097055,1.6015684074907006,48.481239318847656,44.30801200866699,4.173227310180664,-1.4883460998535156,7.303083419799805,36.269365310668945,189.4979763031006,0.746484913635208,0.15535397553972055,882.0,137.5081815747703,0.7274239836269497,0.3850983288704781,0.1002248830000486,0.05958830469324123,1.9166198990138654,65.09805297851562,57.254913330078125,7.8431396484375,0.0,9.4117431640625,34.509796142578125,189.80393981933594,0.685120445240181,0.21689259974636282,1145.5,233.11102505029658,0.6515467032987329,0.31862789231987154,0.1002248830000486,0.038760257721574924,1.5756157475570993,63.50170135498047,26.0082950592041,37.49340629577637,11.807100296020508,-0.81964111328125,31.00497817993164,177.46927165985107,0.7401045410196144,0.13200857234836683,1033.25,276.34523245389994,0.7773866678973713,0.514449265995278,0.13661946149636703,0.04905133242473182,1.2077363656994977,-15.96608281135559,58.71813740172096,0.5434929796586426,-3.669912338256836,15.321954681035091,0.06678508222260901,-33.3201789855957,13.202719872069386,0.06378711789146638,-29.650266647338867,4.573477946442151,0.008566980954864658,-3.669912338256836,-33.3201789855957
CASE00522,,,,,,,,,,,,,,,,,60.864532470703125,60.25224685668945,0.6122856140136719,0.27475547790527344,6.381269454956055,25.817075729370117,106.41851139068604,0.6692515062060983,0.30994308905645374,861.5,230.2026281344329,0.7303671985050716,0.2954279015236865,0.08629390391599842,0.018581870525114275,1.1879209837821878,103.0,107.0,-4.0,-5.0,28.0,35.0,107.0,0.6923835625324098,0.30446663356219245,911.5,296.39289802557687,0.6787368392730003,0.16134259259240583,0.1237047503700297,0.04228590656721176,1.2589771786470778,,,,,,,,,,,,,,,,,,,,4.612285614013672,40.65346896758117,0.3950772643351608,,,,,,,4.612285614013672,
CASE00523,-26.717233657836914,-8.535284996032715,-18.1819486618042,-6.958051681518555,0.487457275390625,16.78709602355957,43.26327836513519,0.5300947766260095,0.3277483758929533,209.75,96.12849473491198,0.5432094766902871,0.09078212290439398,0.05904761904758277,0.032713716503921825,4.215839208662257,19.779052734375,3.2774481773376465,16.501604557037354,11.591902256011963,-1.751312255859375,30.076114177703857,53.83408832550049,0.73597764940175,0.15017566864310822,82.75,12.695963925594622,0.6633606779420314,0.39804469273465054,0.13019969278025795,0.03228619799237031,4.215275965962568,36.862762451171875,44.70588684082031,-7.8431243896484375,-10.980377197265625,1.568634033203125,23.529403686523438,103.52940368652344,0.6323106053088993,0.24371174881977722,130.5,37.526657191921586,0.7000432634600479,0.4145356662152454,0.12387096774185936,0.027592044735534692,4.552512522158126,31.187511444091797,38.25175857543945,-7.064247131347656,-1.3284873962402344,1.8004570007324219,30.02062225341797,88.0992317199707,0.8238533641500179,0.11014594029404896,98.0,33.50373113550191,0.7536302680046347,0.3882681564218697,0.0866359447004076,0.028404329907482567,4.579167520465213,34.68355321884155,47.66160628239247,0.7037933461836379,24.34472894668579,17.73817451468046,0.11351480617951473,23.56585168838501,10.292217343026964,0.06487608646203513,-0.7788772583007812,10.807040505156552,0.036115979826010135,24.34472894668579,23.56585168838501
CASE00524,42.10354995727539,44.53392028808594,-2.430370330810547,-0.848052978515625,4.513969421386719,24.371959686279297,25.369754791259766,0.4512264812577639,0.5482227474807768,316.5,141.2382738495483,0.4895716388279117,0.022321428571286217,0.10684290238178873,0.0011753594291108878,2.049969828514252,69.70350646972656,62.72414016723633,6.979366302490234,0.7373008728027344,4.678295135498047,28.369815826416016,29.616183280944824,0.43465747454291664,0.5700856013415531,318.0,130.08650967721442,0.5131829285248317,0.0325255102038742,0.14498141263920558,0.007115122258367696,1.780793068904731,72.0,89.0,-17.0,-13.0,11.0,27.0,26.0,0.4666532057282057,0.5300161791282817,311.25,146.86111636508826,0.5097250965647844,0.03988439306335327,0.09527743356726522,0.0019729247560075617,2.159940735481419,65.80445098876953,72.95304107666016,-7.148590087890625,-4.8899383544921875,9.497119903564453,23.37596893310547,23.12620258331299,0.445048561947466,0.5563396681605165,332.25,146.6396518681083,0.46213334385983823,0.033163265305910954,0.11331405755181975,0.0009654738167696579,1.9847627398118748,9.409736633300781,27.365244248266947,0.27906130070023527,23.979366302490234,2.853238417508182,0.0077444066224562355,14.12795639038086,4.5645044727455515,0.018355377246071676,-9.851409912109375,6.570672199070699,0.029382879696557816,23.979366302490234,14.12795639038086
CASE00526,-2.421564817428589,-1.1371341943740845,-1.2844306230545044,-3.977023661136627,2.279167413711548,21.775136470794678,70.8282241821289,0.6443515884836102,0.23793959275277032,18.0,2.345207879911715,0.6364364801539553,0.3863636363197314,0.084672021418726,0.02391681981822615,1.3857582922498002,40.093929290771484,19.233041763305664,20.86088752746582,16.764230728149414,16.20901870727539,29.107990264892578,63.37403678894043,0.7404834288658209,0.25831019577815945,10.0,5.385164807134504,0.8500550375032145,0.9431818180746385,0.0003346720214178893,2.5175599808659106e-05,,68.23529052734375,46.27452087402344,21.960769653320312,12.54901123046875,-17.254913330078125,23.5294189453125,81.56863403320312,0.5745407021994214,0.426917609491636,12.5,3.774917217635375,0.8097447010600447,0.6020408162650979,0.1348728246314094,0.011656302711409166,1.1808257031878213,48.24728775024414,33.7413330078125,14.50595474243164,6.100566864013672,-10.660655975341797,20.087324142456055,59.106011390686035,0.48649473080364974,0.5310893190067157,23.25,4.815340071064556,0.6206172299605255,0.39772727268207647,0.1188085676033507,0.0020140479846927285,1.634159268735921,22.145318150520325,45.70377324493113,0.5869939320046201,-1.0998821258544922,28.45528604713076,0.31446188589289864,6.35493278503418,9.886769894807513,0.10319233341430067,7.454814910888672,21.420743122187726,0.2962345201618004,-1.0998821258544922,6.35493278503418
CASE00527,-16.82476806640625,-6.060260534286499,-10.764507532119751,-0.4842815399169922,-2.3802871704101562,32.99062252044678,84.44306302070618,0.844433561652111,0.06054408245737437,54.75,28.9169068193678,0.7435502283078038,0.20273972602554577,0.031237575964087442,0.048288483134380215,1.564145476100446,-3.0174310207366943,7.071295261383057,-10.088726282119751,1.6738181114196777,-6.174382925033569,52.92441368103027,104.12795925140381,0.8246773205998867,0.09608863266026602,69.75,34.52082704687128,0.6507229832549268,0.22374429223539963,0.04373260634972242,0.03131056856465239,1.5484382318586882,50.98040771484375,49.411773681640625,1.568634033203125,-9.411758422851562,26.666671752929688,42.352935791015625,98.82351684570312,0.788168824686705,0.1914798034832526,112.25,42.78653409660568,0.450536367714641,0.12610229276784743,0.10955869824495396,0.04748159547477041,1.467931377392158,42.315940856933594,31.90537738800049,10.410563468933105,4.466796875,7.9729461669921875,47.32541370391846,104.00597667694092,0.8097100994030934,0.08148083630807751,45.75,22.520823697191894,0.7627473363745255,0.34885844748539857,0.08212642698921899,0.043247514869189096,1.1925974182201795,0.67578125,14.05273607607526,0.13611368647281544,-11.657360315322876,60.734018280575725,0.38623814811275814,-20.499289751052856,45.81516320678184,0.2558860493922167,-8.84192943572998,14.918855073793885,0.04772214259255682,-11.657360315322876,-20.499289751052856
CASE00528,-28.989688873291016,-43.47988510131836,14.490196228027344,3.0856170654296875,-1.6172904968261719,24.238612174987793,50.234766483306885,0.7143787961284999,0.2231840386671891,1817.0,898.2583147402534,0.5292311318137429,0.12942937947086222,0.12181798783739232,0.027123279306313416,1.5691157613150186,-4.953142166137695,-36.243770599365234,31.29062843322754,14.847174167633057,1.4440207481384277,27.1797456741333,54.59814381599426,0.5852563074763063,0.38134343798479703,1637.5,271.6785784709571,0.5712859757110244,0.1239394443519182,0.14569508161739617,0.024438648219550385,1.6568264316867276,21.176483154296875,-8.627456665039062,29.803939819335938,14.117645263671875,6.274505615234375,32.94117736816406,86.27450561523438,0.6308755084230004,0.3275657521581182,1690.5,378.7825893570083,0.6924731347737421,0.3448162998115172,0.1227355169102611,0.05548746445208107,1.3138755225375731,24.756105422973633,8.194942474365234,16.5611629486084,3.2946062088012695,0.48035621643066406,33.01635432243347,104.03229141235352,0.7658954094850701,0.17461175996674988,1447.0,465.8900084783961,0.6753971884875462,0.23906172017947172,0.10652939293714857,0.019235130938464608,1.9187522842889049,16.800432205200195,25.888112711993255,0.2539603134457978,1.4866886138916016,24.68206078486608,0.20112058610787092,14.72946548461914,27.546253873672256,0.2548669918708002,13.242776870727539,5.381356155363388,0.023383700777259583,1.4866886138916016,14.72946548461914
CASE00529,,,,,,,,,,,,,,,,,7.4244585037231445,11.966345310211182,-4.541886806488037,1.4240708351135254,19.480014324188232,49.890045166015625,152.72111129760742,0.5599024011742666,0.4038276951765516,6926.25,2139.8630067132804,0.606123781804103,0.06457437086238893,0.06791380150522129,0.03583718458403504,1.1579704121861223,52.54902648925781,60.39215087890625,-7.8431243896484375,0.0,64.313720703125,80.0,210.19607543945312,0.7176588198157096,0.22834799305295156,4413.0,631.216286228421,0.7360693801732857,0.30334280096126215,0.07638746006821828,0.05430263490143263,1.0764793293034762,55.940425872802734,81.01420211791992,-25.073776245117188,-11.05633544921875,66.46915435791016,73.46181678771973,220.51723289489746,0.7263818444501527,0.23612899237527207,4052.75,824.4547819619945,0.7431156416063867,0.34099369190639484,0.06675510314580828,0.049267136842228165,1.1695073533012013,,,,3.3012375831604004,46.75250370109112,0.1754048466864106,20.53188943862915,49.8683676341694,0.18932376020853492,17.23065185546875,7.787380659932852,0.012524405820909685,3.3012375831604004,20.53188943862915
CASE00530,-36.34289741516113,-39.57784652709961,3.2349491119384766,4.135345458984375,-3.1116676330566406,37.38309955596924,57.28513717651367,0.5787311638831192,0.4143326477491156,311.0,85.62417882817914,0.5515185532512422,0.08750658935114652,0.04953483564190633,0.04681039031153469,2.3233446330231216,-9.59302043914795,1.4607068300247192,-11.053727269172668,-0.3519110679626465,1.8168411254882812,39.662912130355835,91.5796012878418,0.6837888303630749,0.28419223795063087,204.25,35.48503205578375,0.6135249366426517,0.15340010542881707,0.04759148232373471,0.06190260003189843,5.053940496494997,-0.7843170166015625,2.3529510498046875,-3.13726806640625,4.7058868408203125,-4.7058868408203125,47.058837890625,84.70588684082031,0.7170053231441175,0.27627423284774144,210.25,11.96609794377432,0.7556785843900842,0.6139896373025182,0.038784370477552704,0.07353464459686171,4.894525572751895,2.991515874862671,10.738414764404297,-7.746898889541626,5.503919243812561,6.558425545692444,44.41142416000366,74.49082565307617,0.7394424761279584,0.2536973126794625,168.25,19.715159142142372,0.7552890606793289,0.5007907221902963,0.04883192061192936,0.05578596056392987,4.888551544568976,-14.288676381111145,28.460204313906974,0.14824327340512106,-7.9164592027664185,10.329581019952887,0.026386698626277977,-3.3068283796310425,13.23024424191425,0.034037215280091696,4.609630823135376,3.6658820387606066,0.006915008349661201,-7.9164592027664185,-3.3068283796310425
CASE00531,30.456241607666016,29.417223930358887,1.039017677307129,-1.0890007019042969,-0.8216114044189453,17.09922742843628,18.576358318328857,0.5463069979112275,0.46128414298416603,119.75,35.13812032536743,0.5928372587992806,0.26390870185072884,0.10220596386198624,0.0020846106683013715,2.124485275191546,59.325626373291016,43.687599182128906,15.63802719116211,9.434677124023438,-7.821773529052734,21.719093322753906,18.26132297515869,0.6781447108362747,0.3199921296767357,74.0,10.954451150103322,0.8408178630983032,0.6219686162536096,0.15064848686381702,0.004169221336602743,1.3792319841476983,65.0,61.0,4.0,1.0,1.0,20.0,20.0,0.5546805049835568,0.44221552682112203,124.25,48.30825498814877,0.5421221529062833,0.09960681520184002,0.13302294645811658,0.0017576129164109603,1.757948582576,,,,,,,,,,,,,,,,,14.59900951385498,28.375027729098342,0.46879351923859525,11.63802719116211,5.3717725037017985,0.03977186243446773,,,,,,,11.63802719116211,
CASE00532,43.58738327026367,37.770986557006836,5.816396713256836,-0.5175094604492188,0.8298797607421875,28.675981521606445,54.221678495407104,0.5713417438112323,0.4273032474981215,1860.75,996.9574652411205,0.6460894579999077,0.021337592660842307,0.1018069359404295,0.0026674099173286587,2.591647733806568,65.48228454589844,51.548927307128906,13.933357238769531,-0.4621772766113281,-5.886940002441406,38.38345718383789,60.53557848930359,0.6333879182571215,0.3652954474211927,1870.75,734.773221817453,0.6968688670086983,0.16418888479331442,0.13060069085057793,0.00821184486638745,1.6902856556275496,97.0,77.0,20.0,1.0,-20.0,40.0,144.0,0.6486362411737074,0.35168534198215534,1884.0,601.441185819528,0.694844918638479,0.09826224328590116,0.09978675911260618,0.02052846043457082,1.7843925850172446,93.15597534179688,71.39498901367188,21.760986328125,3.0742263793945312,-10.363571166992188,33.167076110839844,70.23446273803711,0.6011059541742481,0.39788671042430435,1738.0,808.6936997405136,0.6683403109874761,0.04758979399596691,0.1352645558728367,0.01640756549320556,2.1381367219006595,8.116960525512695,22.25220562501339,0.13514711371856547,-6.066642761230469,30.960209343003953,0.17554314073799113,-7.827629089355469,27.24332106498351,0.1630895445609501,-1.760986328125,4.831318484111781,0.012969678505752284,-6.066642761230469,-7.827629089355469
CASE00534,45.285072326660156,51.96426963806152,-6.679197311401367,-3.0124034881591797,2.880983352661133,22.81836223602295,26.541749954223633,0.5134247436424579,0.4834412148453,83.75,32.32162588732194,0.4472759508670442,0.06013363028819301,0.06665414945537616,0.0029141394996202346,2.0691489742455467,72.5710563659668,54.92703628540039,17.644020080566406,10.680002212524414,-7.9114837646484375,32.59613609313965,32.73956775665283,0.4828328148926194,0.5158238881613805,81.25,26.290445032368698,0.5274711341434459,0.17371937638811316,0.1411941419449095,0.0034353677028043416,1.9495560983058586,125.0,107.0,18.0,5.0,-4.0,30.0,33.0,0.589683934085917,0.40796173127083557,56.75,22.873292285982796,0.5786498004501028,0.18762886597551282,0.17461509575633757,0.027648786959811496,1.312600460657989,110.75802993774414,120.77980041503906,-10.021770477294922,-6.9721221923828125,5.072704315185547,27.31713104248047,27.98543930053711,0.6244390450570002,0.3762728453856698,67.75,21.299941314473145,0.44991352291675385,0.08685968819405658,0.08186256102125072,0.0037670583775578645,2.215791618404842,24.323217391967773,27.619541005749024,0.2812494864595287,-0.35597991943359375,52.077764424904984,0.571568203587314,27.665790557861328,37.36490856222711,0.37749608445478344,28.021770477294922,14.712855862677893,0.09007040474583512,-0.35597991943359375,27.665790557861328
CASE00535,,,,,,,,,,,,,,,,,1.2020103335380554,-4.065610408782959,5.267620742321014,0.8924585282802582,1.103115126490593,34.130812644958496,161.2034454345703,0.7812115637312593,0.1526292489194439,1734.5,361.1831252979574,0.7295342947707693,0.26306589757020155,0.03225559431634202,0.01089433255873982,1.4874596224517962,29.019622802734375,19.60784912109375,9.411773681640625,-1.568634033203125,15.686279296875,50.196075439453125,181.9607925415039,0.7891739079270722,0.15772522932902538,1420.0,94.0558344814398,0.8417842545929397,0.6904181085830314,0.0537139453756442,0.031485605473792415,2.092346629133421,34.87141799926758,15.298223972320557,19.57319402694702,2.7613449096679688,16.34479808807373,48.76718783378601,175.67125129699707,0.8059373634653604,0.14694779525907428,1382.25,233.3852769563667,0.8230344171228762,0.5883346929258896,0.0746447715476836,0.02084462948618608,2.500786845133009,,,,-4.144152939319611,29.79712917204115,0.17044777479117101,-14.305573284626007,32.97931068740012,0.20666276155936958,-10.161420345306396,3.554079842691351,0.010936147866850222,-4.144152939319611,-14.305573284626007
CASE00536,36.36133575439453,30.07959747314453,6.28173828125,0.33452415466308594,4.272869110107422,14.102279663085938,16.830678939819336,0.559119881787029,0.4383288092039695,84.75,30.531745773866255,0.5321159922073835,0.11586452762716819,0.1595263724431442,0.021542013967103646,1.6227882691239266,55.99266815185547,42.98098373413086,13.01168441772461,2.424274444580078,-5.58104133605957,28.541192054748535,26.335890769958496,0.6373453837397693,0.3773811281454492,109.5,13.901438774457844,0.7317092868778037,0.6078431372440669,0.1741657696444044,0.03987384546067812,1.22970938480928,88.0,89.0,-1.0,-3.0,4.0,31.0,35.0,0.5614974312760033,0.46423762921700157,145.0,35.34826728426727,0.6333343355998731,0.281415929198559,0.06910656620006651,0.03077832845234547,2.2618810271386343,66.06596374511719,57.911380767822266,8.154582977294922,1.0784645080566406,6.543073654174805,18.69827175140381,29.015113830566406,0.6196509085396034,0.37541799112782737,83.5,37.24580513292739,0.4951310527288676,0.07486631015909329,0.1351991388586971,0.06642824960574836,1.3957084721268214,6.729946136474609,20.59131426958366,0.3044217491342432,14.01168441772461,29.710257572903494,0.2786586546611963,4.8571014404296875,9.795494437838663,0.09420226732639934,-9.154582977294922,21.43026861444661,0.2841544430731194,14.01168441772461,4.8571014404296875
CASE00537,50.422027587890625,42.22270584106445,8.199321746826172,-0.05983734130859375,0.4039764404296875,18.577476501464844,52.86927771568298,0.8447128310023145,0.12217872553862237,893.5,531.6589602367292,0.6659201290585228,0.03012241235657878,0.11702380299955847,0.017673157903227838,1.4367711950725066,70.96442413330078,41.62027931213379,29.344144821166992,12.905502319335938,-16.374740600585938,30.608898162841797,116.54575634002686,0.7440799105285113,0.22031360176361925,895.75,134.21135384161803,0.7853773935196339,0.3781965006727051,0.11046564732100063,0.04851164066407291,1.6393271739727084,123.0,77.0,46.0,6.0,2.0,26.0,161.0,0.6863982383478066,0.29865985829615044,1583.25,689.275117424095,0.672016982659358,0.10891700092557302,0.11883231946801871,0.03842145173520794,1.7914636576690481,,,,,,,,,,,,,,,,,21.14482307434082,23.709966320900403,0.24551312893569963,-16.655855178833008,50.983722897889095,0.5790239379843104,,,,,,,-16.655855178833008,
CASE00538,32.34921836853027,37.458717346191406,-5.109498977661133,-2.0106334686279297,7.629364013671875,24.523398399353027,855.2425346374512,0.6355680497811085,0.17133167204903915,1139.0,486.3470982744731,0.6548953149111547,0.09678611008487552,0.0676950683028283,0.028638767847842986,1.3680952940035869,63.82155990600586,49.167911529541016,14.653648376464844,5.248786926269531,7.095294952392578,28.575444221496582,717.7017211914062,0.6340255911895852,0.36616109407659697,1258.5,199.65532800303626,0.7871263339604857,0.5774842999625254,0.12196110210693392,0.01936474005864675,1.403728108348024,85.0,93.0,-8.0,-1.0,30.0,31.0,903.0,0.7643338626974862,0.22696815362034298,834.5,211.92156567938054,0.8347913586804854,0.6114710201255839,0.07753530909930612,0.03519964920934883,1.6050725554921423,,,,,,,,,,,,,,,,,19.763147354125977,41.54731361003085,0.3616855708775639,22.653648376464844,19.83916547302739,0.1371599166414343,,,,,,,22.653648376464844,
CASE00539,-2.1974369287490845,7.50847864151001,-9.705915570259094,-4.8339923620224,-8.92929720878601,38.92988967895508,46.16469049453735,0.5046536688053974,0.4975699525770795,2389.75,435.47179874246734,0.5951430402190728,0.06099518459064125,0.061681691350066854,0.0028936072359343067,1.288848872337568,16.576977729797363,19.483964920043945,-2.906987190246582,-3.5690813064575195,-21.692758560180664,43.506444692611694,30.217650830745697,0.8321859563118,0.16944030492397952,794.0,76.87652437513027,0.8599754426859854,0.7049759229528852,0.12656954282033073,0.015250980048618754,1.5034835613866417,21.176483154296875,52.54902648925781,-31.372543334960938,-21.960784912109375,-1.568634033203125,47.05882263183594,40.7843017578125,0.7647412351005702,0.22356569901820403,1116.75,289.72519307095126,0.7774865850287167,0.4692108864220243,0.09802264434426675,0.015647927115043044,2.164026516587749,18.23017120361328,51.75920104980469,-33.529029846191406,-23.9150333404541,-0.26683998107910156,42.08820927143097,36.1456995010376,0.7570378266698514,0.22898159131146828,1113.75,321.4291329360175,0.7268686397867731,0.24719101123575665,0.08374919510623474,0.001773942752020275,3.5557288735158177,6.798928380012512,21.796959506416997,0.0868913902515399,28.465556144714355,3.3519238654809524,0.009126615262138092,30.622042655944824,2.721405420356458,0.006929567000197062,2.1564865112304688,3.90499314712591,0.017785523443445805,28.465556144714355,30.622042655944824
CASE00540,43.56099891662598,36.59884071350098,6.962158203125,3.281003952026367,-2.400369644165039,29.502086639404297,60.83990454673767,0.7000948543076408,0.22845231220415774,586.75,335.66752523888874,0.5922815473621397,0.06745242828732256,0.07174570854894609,0.028417179989567755,2.1412686847130167,62.457345962524414,46.58494567871094,15.872400283813477,5.313381195068359,-11.213211059570312,37.7295560836792,61.4014333486557,0.8206769134184577,0.13283409638523733,477.75,132.59595582068104,0.7870925737988664,0.6015336552107334,0.08800656090040214,0.04316610988164004,2.144333139206483,85.0,67.0,18.0,6.0,-7.0,32.0,57.0,0.6089826535824302,0.3739283529027184,634.0,273.80741407054705,0.687586768310195,0.2303262955850969,0.11309069313647435,0.02601619140248622,2.0120207507004206,58.786556243896484,60.711753845214844,-1.9251976013183594,-2.0254650115966797,2.5009994506835938,29.089076042175293,53.699339389801025,0.592954058356886,0.4003855331074887,640.5,341.186532559537,0.5396297028423047,0.045157625674460154,0.03727270156385926,0.03990527606669956,1.628464125163379,8.910242080688477,20.686995632681327,0.12145120804400046,-2.1275997161865234,28.100792521108005,0.13135882565665805,17.797597885131836,12.026820218914983,0.04213617812886687,19.92519760131836,26.373584918322205,0.209549852152684,-2.1275997161865234,17.797597885131836
CASE00541,38.346134185791016,39.43045425415039,-1.084320068359375,-0.5269775390625,0.3924140930175781,26.437238693237305,57.51062624913175,0.4845376929972713,0.4880809475421962,527.0,244.15671196999685,0.478141030047418,0.027925160569595295,0.07619390448759528,0.0019503890002368538,2.00338358036474,55.48225784301758,45.90355110168457,9.578706741333008,3.7685718536376953,-2.8464889526367188,35.27458953857422,63.34916865825653,0.47626856738132056,0.47298439587249796,705.5,252.27514740853883,0.5301408814449078,0.03658196034616984,0.10031197504193645,0.0033404452490244456,1.4903532077297927,73.0,81.0,-8.0,-3.0,7.0,40.0,82.0,0.45957012390095625,0.48937639371770025,794.5,291.1850786012223,0.5024693953655369,0.12288828337841175,0.08783297336207833,0.012930755802675274,1.4602949511274226,72.9636001586914,78.06003189086914,-5.096431732177734,-2.451885223388672,9.726753234863281,39.02365684509277,79.50432920455933,0.49129463323180533,0.4738856459003756,728.0,213.6621164362087,0.5108915427788164,0.05864283719615012,0.09215262778972153,0.005301609879096862,1.312107513290178,10.663026809692383,17.613494775175294,0.11099284936396703,17.578706741333008,17.55818493554008,0.06984839167775284,14.675138473510742,17.678984720245484,0.06516148694764541,-2.9035682678222656,1.4136873591462664,0.003506573385821208,17.578706741333008,14.675138473510742
CASE00542,46.75627136230469,43.28278732299805,3.4734840393066406,2.248411178588867,-3.288820266723633,16.47601890563965,46.03916549682617,0.6135653049441633,0.26455875295821046,287.0,126.64912159190051,0.504661735435829,0.03938461538437302,0.05304719435149289,0.03196247882919588,1.8678817989428058,116.47760009765625,68.72855377197266,47.749046325683594,29.918399810791016,-3.810504913330078,29.34258270263672,86.17402458190918,0.7042635003446065,0.2510114316552983,121.0,35.94440151122286,0.6748298724439833,0.33415384615178984,0.17159048680771868,0.05056383086520888,1.821903870460724,142.0,113.0,29.0,9.0,0.0,34.0,105.0,0.7647427973588453,0.13805531824023362,203.75,82.2841874238301,0.6968102483093678,0.39938837920245024,0.12606837606825894,0.050665161187584046,1.459606162109703,,,,,,,,,,,,,,,,,44.27556228637695,71.42857784955949,0.8959022353125281,18.749046325683594,28.405794344584972,0.22333078211707194,,,,,,,18.749046325683594,
CASE00543,41.302188873291016,50.78292465209961,-9.480735778808594,-4.276508331298828,3.787097930908203,15.9453125,17.814472198486328,0.5901384128531044,0.40497769273408085,371.75,216.18553952565838,0.4563799726423695,0.03287406333083666,0.05560413558970444,0.014303815540563381,1.6245290677658397,77.8273696899414,58.965633392333984,18.861736297607422,17.209075927734375,22.87212371826172,31.0810604095459,21.147916793823242,0.7385051047569219,0.27112519888381453,342.25,82.2841874238301,0.7716771411803167,0.44670050761313346,0.18455840748923175,0.014767819538136242,1.4621935010251608,83.0,92.0,-9.0,-4.0,18.0,31.0,28.0,0.5564528358225957,0.4396174487637574,637.75,256.37021570377476,0.5952006889268076,0.06695513550428842,0.11820379610096281,0.008387764571509406,3.5213138597584015,72.0879135131836,78.09495544433594,-6.007041931152344,-3.6869430541992188,7.5839691162109375,24.390671730041504,22.770206451416016,0.546581300419182,0.4520896958149053,582.75,237.66822989200722,0.5397587356760315,0.08460236886612375,0.10837919860083926,0.002837562908234033,1.4805321247436354,28.342472076416016,36.27721663116191,0.5194686653115623,27.861736297607422,4.975193747472759,0.016310999901882946,24.868778228759766,6.208316901596666,0.0282084389363772,-2.9929580688476562,10.636990444576256,0.0661812701548925,27.861736297607422,24.868778228759766
CASE00544,,,,,,,,,,,,,,,,,70.18518447875977,41.11912727355957,29.066057205200195,13.349006652832031,-1.7349777221679688,31.928807258605957,504.91444206237793,0.6566292979325495,0.3420414874569156,1274.25,223.32417580727798,0.8000133421232143,0.44176555534598994,0.09785482721355211,0.021688898460598724,3.278833907367283,122.0,83.0,39.0,23.0,5.0,33.0,794.0,0.6847410879372532,0.30855125678009804,1369.5,394.95157931067956,0.7275505285956734,0.3353274755403905,0.13176833053591802,0.0389448983529162,1.3723506335962623,89.96402740478516,77.0223503112793,12.94167709350586,8.751388549804688,12.59759521484375,23.604442596435547,836.7982749938965,0.6154301506297271,0.3434404847698222,1479.5,517.805223998368,0.7182666750380002,0.386262321843168,0.09999310233828433,0.0398736534173233,1.4242830548157468,,,,-9.933942794799805,49.906559025033914,0.48537059345023853,16.124380111694336,19.277491357808806,0.17046186496165608,26.05832290649414,31.836623206696867,0.3130468245311211,-9.933942794799805,16.124380111694336
CASE00545,,,,,,,,,,,,,,,,,67.5003776550293,54.69167709350586,12.808700561523438,23.195310592651367,-8.33538818359375,45.6914005279541,114.45894050598145,0.755356186364556,0.1609763579992224,97.5,31.476181471074284,0.7710476189761182,0.3501006036182082,0.056676557863417396,0.042611811985987486,2.0799394110371328,78.0,73.0,5.0,15.0,2.0,36.0,118.0,0.6159413476646014,0.3006499986156559,172.0,41.49096287144949,0.6495585058283466,0.28460793804177537,0.08071216617198708,0.011020653367304494,1.4780151878672705,,,,,,,,,,,,,,,,,,,,7.8087005615234375,17.32807090156198,0.03859626260992835,,,,,,,7.8087005615234375,
CASE00546,46.07375717163086,52.908382415771484,-6.834625244140625,-1.8329200744628906,4.767234802246094,29.03670883178711,37.84286880493164,0.5019898962875952,0.48042002090994695,346.5,114.85316713090675,0.5582744414473497,0.03220433092708382,0.0803036356371551,0.001464792135425097,1.0116746507166918,79.93939971923828,73.38268280029297,6.5567169189453125,1.4761695861816406,-2.4981689453125,38.37904739379883,38.42140579223633,0.712513111846497,0.2902452428632035,249.75,82.5056816225404,0.6816284758750266,0.25874514158657,0.11865761086684112,0.029809275003393212,1.6035315929567215,74.0,90.0,-16.0,-9.0,7.0,43.0,49.0,0.5298027224568788,0.46686762511148916,420.5,153.51628578102063,0.5598372198967394,0.03444505194076301,0.08320015980814702,0.0010570664894820289,1.0162051131315966,63.22944641113281,66.21730041503906,-2.98785400390625,0.16285324096679688,2.0737838745117188,35.13196563720703,45.050331115722656,0.5470016785134167,0.40425910252602004,349.5,159.34632094905737,0.5257499190062883,0.028872848417385494,0.08409908110259279,0.0008607541414353664,1.8927288249254104,13.391342163085938,31.500466321636893,0.26152916532140597,22.556716918945312,5.393020129938982,0.009400420716614835,9.544570922851562,16.029671400756587,0.06215308060965536,-13.01214599609375,11.009508392121624,0.03586441167276457,22.556716918945312,9.544570922851562
CASE00547,42.183265686035156,14.932384967803955,27.2508807182312,6.4954986572265625,-6.579364776611328,27.969968795776367,108.0770673751831,0.769849517956103,0.17620161852883623,177.0,97.87747442593725,0.5119392573502836,0.05280103026366516,0.08685399882081578,0.025860380069216603,1.537888397741311,60.23344421386719,16.79501247406006,43.43843173980713,5.730339050292969,-12.449295043945312,31.022804260253906,102.85216426849365,0.7417612210921977,0.2077381847503388,133.5,51.10039138793361,0.6333038205607766,0.19317450096462863,0.1507172332478862,0.022638716558910157,1.5187294587682043,68.0,22.0,46.0,23.0,8.0,23.0,120.0,0.6284094945072406,0.2679296763570785,134.75,27.003471998985614,0.6419432376317586,0.33391405342430946,0.12811947337369203,0.042621737521486625,1.6070828911829484,68.38671112060547,21.71693515777588,46.66977596282959,22.354373931884766,8.126838684082031,29.526458740234375,124.000412940979,0.5698299148150089,0.3572429635283182,163.25,46.337754585219166,0.5285871431625312,0.1590470057942109,0.1206523875022192,0.02966977949018706,1.2584583520399757,16.187551021575928,19.970404555618877,0.1268863699161525,-2.561568260192871,12.947614002613033,0.05213465598033237,-3.231344223022461,12.575707582245036,0.03023542364126747,-0.6697759628295898,3.7157216359880274,0.022406882231429608,-2.561568260192871,-3.231344223022461
CASE00548,-1.6771255731582642,8.31229305267334,-9.989418625831604,-4.701396465301514,7.33499550819397,21.599143028259277,33.96809101104736,0.7045002566419699,0.27543249026148886,1643.25,578.6866055992656,0.6826862338958413,0.28156537834371265,0.08124794505534057,0.02303573608664522,1.5230903199858628,17.603004455566406,21.20243263244629,-3.599428176879883,-0.057311058044433594,23.092538833618164,28.384700536727905,35.1558256149292,0.7856577958281767,0.20397518079611066,1413.25,363.77697494481424,0.736433681488856,0.26684588603399284,0.09818434223504195,0.020519036573242052,1.0993983429486969,44.70588684082031,50.98040771484375,-6.2745208740234375,3.1372528076171875,47.05882263183594,42.35295104980469,47.058807373046875,0.8596599496650847,0.14723371797913065,1208.25,275.8771239157027,0.7815525302838817,0.383472570887533,0.08748036386219357,0.014624064740045439,2.5660829379580017,40.107582092285156,37.35186767578125,2.7557144165039062,2.187318801879883,25.55223274230957,32.641334533691406,37.47104835510254,0.8035877973725952,0.20094695761595052,1455.25,520.7059510894801,0.6979970032170179,0.11259970913573109,0.11287765316186658,0.025179203655579727,2.0057126413413946,6.389990448951721,18.796119199961453,0.16238828964176175,2.6750926971435547,25.19464613609333,0.20521820833384175,-6.355142593383789,20.225131072465196,0.1494186374530084,-9.030235290527344,5.922191266352304,0.03590378535771055,2.6750926971435547,-6.355142593383789
CASE00549,-0.39508378505706787,-6.930747985839844,6.535664200782776,0.4964352250099182,,12.609456896781921,28.775891602039337,0.4642106120416506,0.5287295717617372,67.0,22.94558781116753,0.23651960783953685,0.1254901960735102,0.13213557594274702,0.00634160090191558,1.1204579130633223,24.965784072875977,3.0589274168014526,21.906856656074524,14.327598094940186,,21.619945287704468,23.525774240493774,0.7028281332627666,0.2898991711061639,20.25,4.380353866983808,0.4969771241751829,0.19215686273756247,0.16692150866441524,0.03371226356005986,2.106819100377374,57.254913330078125,47.8431396484375,9.411773681640625,4.7058868408203125,,17.254913330078125,37.64704895019531,0.5263083057422052,0.4646582744961129,53.0,13.209844813622906,0.6622075211401144,0.28517110265075396,0.11480632008140315,0.020042590504819612,2.3966405794669283,45.825374603271484,37.88031578063965,7.945058822631836,5.167570114135742,,16.17668056488037,23.77142572402954,0.5891889055490416,0.4146848620208054,41.75,9.443913383762052,0.7022875816868006,0.4784313725302576,0.0843527013250709,0.01661342853563563,2.268974595944928,15.371192455291748,26.18153387702161,0.5362067005279719,12.495082974433899,32.522674552807025,0.6053294667940878,13.961797833442688,20.530905376342577,0.319485823599483,1.466714859008789,11.991769176464453,0.17335948120922173,12.495082974433899,13.961797833442688
CASE00550,,,,,,,,,,,,,,,,,88.07743072509766,72.39692306518555,15.68050765991211,13.4930419921875,-9.899402618408203,31.010238647460938,28.898521423339844,0.34787313715032664,0.6342083873429527,44.0,15.763882770434446,0.5178523078662921,0.08176100628416597,0.08994951812716866,0.016176402032531734,1.573100453382461,138.0,128.0,10.0,1.0,10.5,44.0,46.0,0.3691561401981687,0.6401845198763739,56.5,11.412712210513327,0.4775734774935776,0.07926829267809339,0.14502065167441477,0.005733998414989634,1.4801765435585468,,,,,,,,,,,,,,,,,,,,5.680507659912109,49.51166169681007,0.43259062281548777,,,,,,,5.680507659912109,
CASE00551,41.681884765625,27.751232147216797,13.930652618408203,3.4211769104003906,-6.267753601074219,28.07277488708496,99.0860948562622,0.4647814821595503,0.52242026426791,1193.0,534.2204601098689,0.48538093921865294,0.01194426011942939,0.10120164609050165,0.002268076682064323,1.4024377849348466,52.719261169433594,34.55723571777344,18.162025451660156,4.489631652832031,-4.012199401855469,37.123661041259766,91.61414623260498,0.3651791095215892,0.6314666884640532,2153.5,728.8173639534118,0.5467523168774016,0.02444149524438792,0.10610699588473872,0.009183215123468261,1.1203940223575672,105.0,82.0,23.0,13.0,18.0,48.0,143.0,0.4179147104712645,0.580717487602872,2238.25,568.4757580583362,0.5680902069926725,0.11575244586114569,0.128065843621357,0.013353370783400709,1.3977163167621847,,,,,,,,,,,,,,,,,4.231372833251953,11.820850379365243,0.05339631102455952,-4.837974548339844,52.013911058842424,0.3586149365707203,,,,,,,-4.837974548339844,
CASE00552,-24.853927612304688,-14.11646842956543,-10.737459182739258,-2.554485321044922,-6.045942306518555,1008.4045896530151,1021.3999727964401,0.9432767393004802,0.052767529065768384,206.0,169.53908104033124,0.7487059422026143,0.15509797409446996,0.030637305915151878,0.008174510664708201,1.7685466103740228,-4.518054962158203,-3.6521682739257812,-0.8658866882324219,1.0739529132843018,2.3954694271087646,17.758032083511353,51.78131580352783,0.7639900242002364,0.2300640192758675,252.5,48.91063279083598,0.861870136521886,0.8180006642284358,0.09503392582104857,0.03508227493603937,1.6665887485031365,13.333343505859375,32.15687561035156,-18.823532104492188,-12.549026489257812,6.274505615234375,18.823532104492188,72.1568603515625,0.7217598772147791,0.25172848604997866,322.0,85.49853799919622,0.8288283927563398,0.7964463840374176,0.09228655871452679,0.025598328766706608,1.5502052620194415,18.170275688171387,35.81498718261719,-17.6447114944458,-5.048315048217773,10.394233703613281,24.157755136489868,84.08267211914062,0.7796020555804614,0.16701784450612833,196.25,45.04095358670818,0.9043304424527026,0.8708070408473239,0.07272197477414448,0.020655777411100633,3.2900393140469197,9.871572494506836,364.31543293775127,0.3571765740454288,17.957645416259766,18.051393507069932,0.2548946013011364,16.77882480621338,23.504849617003334,0.3081351248811636,-1.1788206100463867,5.975073782217626,0.040837543045310745,17.957645416259766,16.77882480621338
CASE00553,38.28288269042969,41.35750389099121,-3.0746212005615234,-1.3771228790283203,7.1669769287109375,20.678305625915527,746.4914855957031,0.8119409370096734,0.08288042208790435,997.25,423.65633183041183,0.7331096455095149,0.3735130848529619,0.06747591900920608,0.027435663640939325,1.2183068634257739,61.26730728149414,55.18311309814453,6.084194183349609,0.12648963928222656,5.0207977294921875,28.399422645568848,749.9558925628662,0.847704775612279,0.06838795565601484,916.25,322.7664596887353,0.6838376430668591,0.33738655388110195,0.11229604875166488,0.040854098338343185,1.082799452534183,90.0,103.0,-13.0,-4.0,25.0,37.0,165.0,0.7163927370837633,0.1501642290188683,1130.75,52.1889595604281,0.8011904569317324,0.4990548204154502,0.11475329270684353,0.018555817150010305,4.833387441033577,73.72484588623047,86.00230026245117,-12.277454376220703,-4.865703582763672,18.702770233154297,23.64207172393799,145.35263061523438,0.6825946446590218,0.28931118859371974,1307.25,245.15339585655346,0.7402997819274652,0.5085029518014728,0.09942009042652869,0.01878036499230966,3.556229322559618,9.158815383911133,31.143995515083176,0.267922487648546,19.08419418334961,92.0487731741178,0.25278459016595173,18.361648559570312,86.17481286802548,0.11169286033893996,-0.7225456237792969,27.79488632038388,0.15496866181187538,19.08419418334961,18.361648559570312
CASE00554,-16.822214126586914,-16.490997314453125,-0.33121681213378906,3.6235485076904297,-1.926302433013916,25.609710931777954,37.85315126180649,0.6489819381351323,0.3261237881184624,94.25,33.38693606786942,0.5517387171722569,0.12515489467007243,0.055260434632593815,0.07217980887298488,2.07433503602785,-6.460179805755615,-1.7014201879501343,-4.758759617805481,-2.2684125900268555,-23.54282283782959,54.144911766052246,41.88735389709473,0.9115015715560743,0.12350281765224612,36.25,17.06421694658152,0.9229035779067607,0.9913258983768113,0.09127285270776732,0.021212606552415674,1.457014909540586,24.313735961914062,13.333343505859375,10.980392456054688,10.980392456054688,-20.39215087890625,36.07843017578125,73.72549438476562,0.7576802124956067,0.21800499356984018,60.25,16.284578594486256,0.7648053711598233,0.5938566552833463,0.03318385650221926,0.02701404089477097,1.7814739978780765,24.193265914916992,20.67549705505371,3.5177688598632812,5.352132797241211,-17.870885848999023,45.82043147087097,59.152294635772705,0.8182336070763261,0.16341183553687946,53.0,25.758493744782516,0.6611055401937177,0.2019826517942753,0.07657813038973675,0.03140070827326968,1.6142765674075807,-4.427542805671692,23.881821875039815,0.14610988266344802,-15.739152073860168,32.03002314078716,0.21117930607895216,-8.276528477668762,28.150363666798526,0.15562279850877817,7.462623596191406,5.450929571672724,0.018610260302711706,-15.739152073860168,-8.276528477668762
CASE00555,-19.961700439453125,-35.25897979736328,15.297279357910156,8.83304500579834,-4.234165191650391,18.086424589157104,108.36795616149902,0.704591179291545,0.1800145235447017,2465.0,1259.3194590730345,0.5678352728217917,0.016889193198666615,0.04183947304220078,0.06360346318497585,1.4618926988173,-12.303289413452148,-14.659738540649414,2.3564491271972656,7.930131912231445,1.6738653182983398,19.14531421661377,89.74715995788574,0.6913611443944279,0.2353835639727781,2344.25,834.9522067160491,0.6760683645248698,0.3027501997031252,0.044633946195297675,0.06620618974922726,1.7720752854662656,3.9215850830078125,-0.7843170166015625,4.705902099609375,14.117645263671875,10.980392456054688,23.5294189453125,123.92156982421875,0.639913458134655,0.2850596106712126,2034.5,690.813107866375,0.715901356606746,0.2658040665432977,0.03336734014947844,0.05967054904933096,1.7321374786836063,10.295499801635742,-1.2612805366516113,11.556780338287354,10.57706093788147,5.313228607177734,21.16881838440895,123.0525016784668,0.6750602001769785,0.24147785249488632,2062.0,757.7869093617281,0.6484551154926342,0.11788200387988253,0.04698485218123634,0.04036681577008806,1.4818538719424075,-12.94083023071289,9.539030086573412,0.05860934010566508,-2.3494529724121094,17.90666034371131,0.17839374203970151,-9.200331211090088,22.217036993845277,0.2906555424973898,-6.8508782386779785,4.64930863247497,0.03964482954533439,-2.3494529724121094,-9.200331211090088
CASE00556,,,,,,,,,,,,,,,,,62.53653335571289,49.35557174682617,13.180961608886719,4.040931701660156,3.770305633544922,25.44715690612793,122.78520965576172,0.7241052955161601,0.1931810468269806,6786.5,2228.4494048553133,0.7191547626039635,0.169105240322016,0.06824946144886859,0.029338574172603583,2.4520556801637374,83.0,71.0,12.0,4.0,12.0,31.0,154.0,0.7116436784173216,0.23523674024887256,8110.75,2508.273945863968,0.7227564964436315,0.2251298626341654,0.06642257423631802,0.01677344723260341,2.943236759705479,,,,,,,,,,,,,,,,,,,,1.1809616088867188,20.580330997621232,0.16141734924906712,,,,,,,1.1809616088867188,
CASE00557,47.58968734741211,12.412009239196777,35.17767810821533,2.4473114013671875,2.401214599609375,15.035343170166016,120.65041542053223,0.4011822484576324,0.5453155865032185,267.5,108.95985499256136,0.4047377080899054,0.04181184668940985,0.15547221275091896,0.02391728299664278,1.955137867870458,65.58602142333984,27.179031372070312,38.40699005126953,9.569953918457031,5.442394256591797,28.0169677734375,136.74169540405273,0.6218125053798754,0.3608459835200236,129.0,12.509996003196804,0.5799457994552407,0.24854819976482523,0.18649846573410672,0.03215954667548583,2.091606079503038,97.0,48.0,49.0,8.0,23.0,29.0,169.0,0.5919221339863247,0.3688055045480519,182.5,60.24325688406961,0.5083455826181434,0.0876232201523809,0.18615751789912666,0.07366523162965977,1.4305110068111855,,,,,,,,,,,,,,,,,3.229311943054199,19.96580397145778,0.25845773182832077,-10.593009948730469,27.966875001180977,0.2546219165782503,,,,,,,-10.593009948730469,
CASE00558,-12.300270080566406,-15.81404972076416,3.513779640197754,2.6433143615722656,-5.203525066375732,46.60986590385437,60.34821701049805,0.7041253193595507,0.2903518196954018,168.75,50.22138488731668,0.6136428604257412,0.12849162011083456,0.0845003560407859,0.04485072582853705,1.6221767182847702,29.567068099975586,37.41536331176758,-7.848295211791992,-4.715160369873047,0.0010747909545898438,54.51937520503998,81.99432611465454,0.7761678537007975,0.20646838069881082,154.0,23.947860029656095,0.633150374945269,0.3952513966452846,0.11872774744831771,0.06930977814296978,1.7594985743364868,40.00001525878906,46.27452087402344,-6.274505615234375,-3.1372528076171875,6.2745208740234375,53.333343505859375,78.43135070800781,0.6884999704993473,0.2977571010178536,158.75,47.001994638525716,0.5962314456434159,0.23734610122956673,0.08388321860902735,0.04202958093672678,1.1596605373179472,42.84720230102539,45.80714797973633,-2.9599456787109375,-3.0502243041992188,6.04566764831543,46.95439958572388,64.7241382598877,0.7002751469503186,0.28969982994278864,166.25,52.954579594214515,0.6042856005427474,0.11452513966400472,0.09314028008540558,0.020816214735687424,2.7322372258295644,-11.362074851989746,48.40730702851497,0.20845359698911986,-1.5737895965576172,11.163983945472216,0.025723331106575605,-4.888349533081055,14.927693611369202,0.04169233412739492,-3.3145599365234375,4.937339102161429,0.015441547789557463,-1.5737895965576172,-4.888349533081055
CASE00559,43.367279052734375,45.90528869628906,-2.5380096435546875,-1.2042922973632812,1.4279232025146484,24.087629318237305,25.28049659729004,0.5466419146994502,0.45466026215716,219.75,106.26470486478566,0.5105883106182907,0.056800416883497656,0.09048670881248344,0.003160220994474789,1.7210868824963088,62.972320556640625,66.15231323242188,-3.17999267578125,-3.500398635864258,2.969911575317383,30.59973907470703,30.51141929626465,0.5735190761208966,0.433892419950039,319.25,86.5429806512348,0.5603467832400233,0.18238665971765303,0.10747200853065163,0.013679558011048212,1.517153077111935,74.0,83.0,-9.0,-6.0,6.0,26.0,30.0,0.6306689676183114,0.37421439683988583,188.5,79.32370389738492,0.5844176287362632,0.07501293326396787,0.0627618249675811,0.00734806629834173,4.404689830400226,77.67599487304688,91.66202545166016,-13.986030578613281,-6.779754638671875,5.918224334716797,26.381507873535156,27.57703399658203,0.6333557098658725,0.36792915666125287,188.5,97.94003267305969,0.5636859680068335,0.07608129233936384,0.05514509863656398,0.00618784530386672,4.07231147864059,-0.6419830322265625,20.64285892885644,0.16166229773718854,5.82000732421875,11.104696088189105,0.05891338695890563,10.806037902832031,13.917081454798598,0.07789964788852331,4.986030578613281,2.8253450323915263,0.004075677326658985,5.82000732421875,10.806037902832031
CASE00560,,,,,,,,,,,,,,,,,79.6695556640625,64.6318588256836,15.037696838378906,6.536094665527344,21.90833282470703,38.278228759765625,61.94094467163086,0.7138116844609641,0.2866905850643906,2196.0,469.09753783195237,0.7028865998743401,0.2301280142898816,0.12013828867759663,0.038715675908575706,1.5179397671333594,91.0,108.0,-17.0,-12.0,23.0,36.0,65.0,0.5897640991801506,0.4024131607621449,3767.0,1401.165407794526,0.644389259103607,0.2109551998829895,0.1030012219473515,0.02028193447985497,1.9337760807757172,,,,,,,,,,,,,,,,,,,,32.037696838378906,10.939014082954111,0.028212057060590736,,,,,,,32.037696838378906,
CASE00561,3.2320797443389893,-23.121795654296875,26.353875398635864,11.493811845779419,4.497858822345734,33.80442667007446,86.18399906158447,0.4461221626693197,0.5423317991516832,41021.0,21041.2180612245,0.5072472428947169,0.001884061486710417,0.08431143872953589,0.028651572738521175,4.673114765846678,13.604214191436768,-14.935649871826172,28.53986406326294,13.038266897201538,6.628589630126953,38.997560024261475,96.24876594543457,0.4666982923404749,0.5325128267186212,41635.5,15677.273080800755,0.5932086308408551,0.08960980678339892,0.05501779690307499,0.025714383402777853,2.3383229537879826,25.882369995117188,-11.76470947265625,37.64707946777344,17.254898071289062,10.980392456054688,43.92155456542969,101.96080017089844,0.4516192885732712,0.5480818767489718,46501.25,19260.501724708523,0.5541892460549899,0.01993264442132106,0.0705286923268148,0.022749933697236064,1.8211473232099578,25.992948532104492,-15.30355453491211,41.2965030670166,16.235352516174316,11.705694198608398,41.127888560295105,131.89325141906738,0.47997955798854075,0.5186602202849719,41019.5,18462.156218871078,0.5591478722332593,0.006076680183876942,0.0689521353251837,0.01595609509525875,1.1025306394061176,2.185988664627075,10.942822618144337,0.030779058825830208,-9.107215404510498,11.462980795150273,0.031150424553289417,-12.756639003753662,11.47575265630419,0.027890475115674978,-3.649423599243164,1.498519404910633,0.0029901939924952005,-9.107215404510498,-12.756639003753662
CASE00562,38.00110626220703,33.02762222290039,4.973484039306641,2.123434066772461,5.686880111694336,22.63563632965088,29.01556634902954,0.29417230123855453,0.7085903055481362,127.75,45.80051855601637,0.3084828286429957,0.05397727272573928,0.10136086344391666,0.0009267840593136745,1.7313378143380693,53.476118087768555,37.555477142333984,15.92064094543457,7.212799072265625,-14.431705474853516,25.146458625793457,30.14396381378174,0.4021463678374265,0.601635094155067,87.25,15.303185942802891,0.6239051292742542,0.11647727272396372,0.09854528390380786,0.0010903341874278524,5.792117348488134,78.0,63.0,15.0,8.0,6.0,18.0,26.0,0.3783896558286402,0.6436390726709146,122.25,48.328950950750006,0.37918675773027954,0.03733333333233778,0.19286719849745254,0.0016355012811417786,2.284066182986821,49.91479301452637,45.62946701049805,4.28532600402832,-0.3139934539794922,5.872434616088867,23.8362398147583,26.38638925552368,0.3084897041569496,0.6994371895558711,123.75,43.10669901535027,0.36813921712406894,0.03693181818076898,0.12013139371130864,0.000708717221828104,4.691764764290307,10.94715690612793,16.22104864927107,0.14009676331712326,0.9206409454345703,23.414850193082202,0.30159474105182427,11.63531494140625,4.495865971530981,0.017211033064972146,10.71467399597168,27.909607359636706,0.40547991225177576,0.9206409454345703,11.63531494140625
CASE00563,,,,,,,,,,,,,,,,,-0.4372938424348831,-2.248240351676941,1.8109465092420578,0.5710630416870117,8.414479494094849,25.020805835723877,98.52825021743774,0.6933038782207149,0.2649840434267868,1872.5,219.87894396690194,0.655754322747405,0.2580623667375679,0.005906406179008835,0.0938285573405279,1.125485104990708,7.058837890625,14.9019775390625,-7.8431396484375,-1.568634033203125,14.117660522460938,29.803924560546875,112.94117736816406,0.7936857419737638,0.15898583921519363,1283.5,190.23998002523024,0.8001337737138879,0.4718712678355196,0.014670365145028017,0.08918610743011915,1.3309094940530746,11.466692447662354,17.088175773620605,-5.621483325958252,-1.2022619247436523,18.843464106321335,35.27509605884552,114.29856872558594,0.7944633273756856,0.1694179149780537,1282.0,122.68659258452001,0.778738869505084,0.41357942430676065,0.0376742628948519,0.055964744676259975,2.147869321836328,,,,9.654086157679558,8.536342813644621,0.05054628547383111,7.43242983520031,12.812251715729987,0.073680459566803,-2.221656322479248,4.687202961909675,0.02345681224473686,9.654086157679558,7.43242983520031
CASE00564,,,,,,,,,,,,,,,,,62.05159950256348,59.46588897705078,2.5857105255126953,3.656749725341797,8.88503646850586,33.44156551361084,106.56469535827637,0.7602134222659837,0.17116864859064518,1503.25,118.45120303314779,0.8019850252754371,0.4473785907508062,0.09279645805909362,0.016469560925605402,2.340969488394844,121.0,104.0,17.0,21.0,29.0,54.0,128.0,0.8489016503654437,0.15396005978114743,1342.25,178.11846479239597,0.8319856990662563,0.5506788489452008,0.10382513661200116,0.051124736612310366,1.7624180365320932,,,,,,,,,,,,,,,,,,,,-14.414289474487305,57.86075502436911,0.38938451798208484,,,,,,,-14.414289474487305,
CASE00565,,,,,,,,,,,,,,,,,112.16757202148438,55.189361572265625,56.97821044921875,46.05012130737305,49.02829360961914,81.98834228515625,130.67361068725586,0.7693036413261659,0.22318966759269604,1499.5,284.67744905418834,0.7349317987837756,0.16935925877589214,0.1709926362297295,0.05372254537672767,1.1856720999433008,161.0,101.0,60.0,22.0,16.0,56.0,175.0,0.809959018573587,0.16947075857527327,2346.25,884.2955883074392,0.7632822179681986,0.33097142857134454,0.15060972017671276,0.03944322315818047,1.4841378450008642,130.68042755126953,90.1678237915039,40.512603759765625,11.463573455810547,-7.534954071044922,38.81942939758301,133.72969818115234,0.7931481059248969,0.1981066772821697,2980.5,721.7816498083059,0.7874170736979317,0.46791073991896964,0.09941678939615912,0.054223488901424664,1.4286146453387787,,,,-3.02178955078125,38.342405817546194,0.12957431933570288,16.465606689453125,26.704299027915518,0.13984680652568834,19.487396240234375,27.77830641904172,0.17317717168339725,-3.02178955078125,16.465606689453125
CASE00566,-23.804574966430664,-28.934593200683594,5.13001823425293,-1.0624961853027344,9.884702682495117,20.886862754821777,99.42791509628296,0.5205657317982111,0.4583046116746184,2929.75,1061.6935468862944,0.5217358582277615,0.011084252107770129,0.09077949533543216,0.01230541912927636,6.6778027957638,-15.484397888183594,-16.15671443939209,0.6723165512084961,-2.6808416843414307,18.020180702209473,24.055779933929443,106.57334363460541,0.622734258497373,0.3126021860646344,2251.25,480.9887602636885,0.6484355512178284,0.04327575025054933,0.11008747260419034,0.015589361525014243,1.9884631201071774,-2.352935791015625,13.333343505859375,-15.686279296875,-15.686279296875,37.647064208984375,39.2156982421875,139.60785675048828,0.7412109599382458,0.21528724684278638,1596.5,55.52702044950728,0.820945960217258,0.5621212121209079,0.09110921468607895,0.030061183717638596,1.9859924383538299,3.0585858821868896,11.758174896240234,-8.699589014053345,-11.755044937133789,43.46025848388672,42.87247085571289,136.99948978424072,0.8242778043382312,0.1503427155289704,1069.0,55.80770556114989,0.7713134813093452,0.28718825540929943,0.12935665936110774,0.03057104803129879,1.668082747519374,-4.457701683044434,8.61911672807928,0.049222792101357105,16.358595848083496,15.163866258530108,0.12331788328510143,9.37190556526184,20.87464057096736,0.1572040803909874,-6.986690282821655,5.731254785144336,0.02569297083472782,16.358595848083496,9.37190556526184
CASE00567,16.20377254486084,15.429716110229492,0.7740564346313477,-10.998464584350586,15.456300377845764,23.75972294807434,233.77453231811523,0.6062265642729884,0.3823105792064259,18.75,3.344772040064913,0.562634825443017,0.351648351609709,0.12099308610898495,0.03266677950527537,1.6342791075063612,147.40198516845703,29.963058471679688,117.43892669677734,93.52132034301758,-26.108139038085938,95.83528327941895,47.49983358383179,0.7794459960178411,0.17963669276130276,6.0,8.093207028119323,0.8612561471255046,0.45054945049993966,0.31395348837110637,0.053582223081932064,1.5540906582661143,135.686279296875,107.45098876953125,28.23529052734375,15.686279296875,-23.5294189453125,50.196075439453125,330.98040771484375,0.7881651428192772,0.21244179966748142,7.25,4.14578098794425,0.9547832150543846,0.9306930692147829,0.15744814581974403,0.06407621442559565,1.097834854874977,87.80939865112305,61.2236442565918,26.58575439453125,13.87994384765625,-31.32616424560547,37.423980712890625,282.51525115966797,0.7136810142789843,0.2841586495336009,9.25,4.02336923485777,0.9518942327024225,0.9780219779145032,0.1316781898173109,0.05532316173802372,1.4780287236434841,116.664870262146,122.8660899153045,0.8278794672734868,89.2036361694336,20.125827743943812,0.16792162514513959,90.8531723022461,49.61992493245454,0.3346793976236217,1.6495361328125,49.59340965431349,0.4012399811405043,89.2036361694336,90.8531723022461
CASE00568,41.98676300048828,34.8079719543457,7.178791046142578,0.14482498168945312,1.9214305877685547,19.59271240234375,140.8010711669922,0.39898721370105916,0.5964411717426034,885.25,343.3710638653176,0.4912099045165325,0.018715882505800065,0.06567929008869786,0.02265334459688867,1.9321778221992767,95.734619140625,73.92391967773438,21.810699462890625,3.9985733032226562,-10.018386840820312,31.155784606933594,155.96923446655273,0.7938993135106205,0.20444360359616093,282.5,35.443617196894564,0.7804086217437306,0.3784767351172902,0.1614173228345448,0.03928651188984636,1.4264827145073025,107.0,102.0,5.0,-2.0,14.0,29.0,204.0,0.6930637378974602,0.2812301095667495,502.75,108.14891354054372,0.7237267572201611,0.2723317123105392,0.09511311086108291,0.042956878052565574,1.443655554003447,,,,,,,,,,,,,,,,,14.631908416748047,54.26515514693952,0.6936713333447387,16.810699462890625,11.276577488795615,0.052432901428653526,,,,,,,16.810699462890625,
CASE00569,7.123985767364502,6.767943382263184,0.35604238510131836,5.5636606477200985,-6.4581756591796875,35.10730171203613,38.957895278930664,0.7874478999788472,0.18169040214231208,275.5,46.03531253288067,0.7773073918561847,0.44229607250621666,0.08194888178911557,0.015595313125364437,1.1455164174946768,25.67949867248535,21.408613204956055,4.270885467529297,4.1868133544921875,-1.2126493453979492,35.09177529811859,37.92910349369049,0.7577224959110104,0.2201799271070259,395.75,130.13526616563243,0.6432451531312592,0.20030211480302024,0.11056975505854352,0.025067510684398473,1.2335878274070782,68.23529052734375,77.64706420898438,-9.411773681640625,6.274505615234375,1.568634033203125,51.76470947265625,65.88235473632812,0.703862294029159,0.2483219589191077,381.0,120.97313751407789,0.640075943187858,0.33846153846051746,0.0835197018104144,0.04612348359731677,1.7455455525355779,72.55678176879883,74.75914764404297,-2.2023658752441406,3.996490478515625,2.1621322631835938,43.18669509887695,48.070430755615234,0.7697672696954555,0.2055554445825907,372.0,150.12161736405588,0.6298236605256873,0.07794561933511195,0.09097444089454447,0.023968018107123516,1.4689753479823222,3.9148430824279785,20.585086632704183,0.0893889640260052,13.682659149169922,41.90146415388425,0.27847137707672537,6.4732513427734375,43.09809990871299,0.3363926859850396,-7.209407806396484,4.763700157630002,0.01653180723315871,13.682659149169922,6.4732513427734375
CASE00570,,,,,,,,,,,,,,,,,40.910823822021484,28.41625213623047,12.494571685791016,3.2440223693847656,0.7562274932861328,25.61539363861084,136.75738906860352,0.4851405808678175,0.4720650292645141,350.5,95.63864281763935,0.5715419204036769,0.2293798916301663,0.09543307086604154,0.009798942431211754,3.5345793297174684,57.0,43.0,14.0,-1.0,0.0,34.0,166.0,0.5936197534887943,0.3553371096744135,252.0,67.18258702967607,0.6281553458457169,0.1602924634411682,0.07895013123351291,0.03148806500761338,1.0954108550201096,,,,,,,,,,,,,,,,,,,,-1.5054283142089844,15.538152840638976,0.10390533814748845,,,,,,,-1.5054283142089844,
CASE00571,43.99280548095703,33.88862228393555,10.104183197021484,2.6233482360839844,-5.752235412597656,22.691679000854492,41.55928325653076,0.5372408392839239,0.44695664829746906,2920.75,1032.146156074807,0.6756404913586121,0.243422589840533,0.05864612625829184,0.051437716011274795,2.1096417385441173,66.02484512329102,47.82217788696289,18.202667236328125,6.401910781860352,-8.830158233642578,31.2677640914917,52.590145111083984,0.576282605973359,0.41675539288450086,2757.5,579.4525433545011,0.6989035169285123,0.22884246927415822,0.08809145372293108,0.03938236994105858,2.1223788166847934,99.0,83.0,16.0,4.0,0.0,31.0,62.0,0.6553571425031868,0.3324148590405732,2471.0,863.5389394810172,0.727385189878931,0.28625815808543953,0.10787789868359868,0.008036897380144143,2.976893915341687,82.41362762451172,82.44072723388672,-0.027099609375,0.2946815490722656,9.18157958984375,24.877952575683594,53.938419342041016,0.586762014122348,0.395615793293071,2825.5,1050.4390748634592,0.6843299957465675,0.35328753680062,0.07718955047477745,0.009593947948900054,3.007156227305596,8.09848403930664,23.197761962417793,0.2044631813023662,2.202667236328125,30.80927797681891,0.25102682135643717,18.229766845703125,15.52978442391945,0.10583727483576608,16.027099609375,15.569559909488724,0.10821558986307514,2.202667236328125,18.229766845703125
CASE00572,-27.549758911132812,-56.31423568725586,28.764476776123047,13.378329277038574,8.088093757629395,35.166054248809814,65.31292772293091,0.7042386320061386,0.3232984662743661,613.0,207.5728787679161,0.5927284205686603,0.3041322314041209,0.1274352703044257,0.06175617294449517,2.288936437796163,-19.329317092895508,-46.92052459716797,27.59120750427246,12.17163372039795,12.539838790893555,37.6800293661654,63.34261631965637,0.6840509847530578,0.3361978701902341,625.25,139.8470146266984,0.6547061524326582,0.3435261707979517,0.14171656686622763,0.06030314369438468,2.1205513944144583,-19.60784912109375,-46.274505615234375,26.666656494140625,12.549026489257812,12.549026489257812,37.64704895019531,64.313720703125,0.6829823173059453,0.3376382461443907,636.75,147.90262844182317,0.6503344936043276,0.3320383320374721,0.1511905765932498,0.06704344994824168,2.048004020785386,-11.258395195007324,-43.025224685668945,31.76682949066162,11.077389240264893,19.777082920074463,45.90695333480835,73.60018038749695,0.73690702724379,0.2741191058863619,418.75,54.02950582783448,0.7070362718081183,0.4793388429738861,0.11976047904188251,0.08128702430300366,2.167861330041364,-1.173269271850586,8.66435076426922,0.02010010501537261,0.9245510101318359,0.4570975288387968,0.002166418312609673,-4.17562198638916,9.24892938607001,0.022405367642499764,-5.100172996520996,9.209115391558923,0.02384853990612376,0.9245510101318359,-4.17562198638916
CASE00573,-49.703819274902344,-12.437445163726807,-37.26637411117554,-13.082993507385254,986.4099407196045,1016.1973546743393,199.91085362434387,0.9498624128093746,0.05106791979469632,87.75,66.56716532946254,0.7588908101516626,0.1585820895512526,0.06312470252257073,0.010961755437107442,1.8973985915549234,-10.120388507843018,-2.8849477767944336,-7.235440731048584,-7.604806542396545,1.4461493492126465,24.75146809220314,64.56467080116272,0.6842090043393754,0.29330455577441694,180.0,58.31809324729333,0.5258562550814025,0.08271144278555528,0.08894574012369767,0.017887017079716582,1.5905286338892595,-5.4901885986328125,25.882369995117188,-31.37255859375,-21.960800170898438,3.1372528076171875,29.803939819335938,94.11766052246094,0.6851402142167939,0.2760728749956878,177.25,33.16153645415122,0.6192584249529511,0.29209621992959856,0.060566396953795475,0.06669454927439727,1.7065235340217961,-5.680563926696777,27.092174530029297,-32.772738456726074,-28.738958477973938,6.669432520866394,40.651686906814575,95.91039180755615,0.8723302077430928,0.09272587078843657,88.75,16.20763708873073,0.7813517665987275,0.44527363183802693,0.08882674916701046,0.043282885266307115,1.2534523276259837,30.030933380126953,435.87542139259904,0.29245236685273984,24.137117862701416,6.503051116564677,0.0526221557114699,25.53729772567749,146.84922375295972,0.13266750856022227,1.4001798629760742,142.38276227704065,0.08271004711827071,24.137117862701416,25.53729772567749
CASE00574,,,,,,,,,,,,,,,,,103.21983337402344,72.45376586914062,30.766067504882812,17.366554260253906,-7.331451416015625,23.341835021972656,23.432769775390625,0.559785522842115,0.40075688136109716,73.75,35.074028853269766,0.523825004531464,0.04604051565292743,0.2388743455493474,0.05174232151696009,1.4314179353429457,96.0,93.0,3.0,2.0,12.0,24.0,25.0,0.5078538266594558,0.489067361997081,128.0,37.49666651850535,0.3636375788774101,0.10316139766883259,0.139561518324379,0.006865973612275486,3.227765361152029,,,,,,,,,,,,,,,,,,,,27.766067504882812,6.680307789815103,0.04756759852547639,,,,,,,27.766067504882812,
CASE00575,-6.640196800231934,-47.26059341430664,40.62039661407471,19.792712211608887,-2.5894904136657715,37.62858009338379,122.12791633605957,0.5784519322771823,0.3901750563652345,546.75,179.94634617018485,0.5976670086393508,0.1755181347144575,0.09129517570640891,0.02824856264147322,1.558623446794162,33.65570831298828,-0.04077070951461792,33.6964790225029,26.53212833404541,-10.56361198425293,44.58641242980957,178.19862365722656,0.6524743254286776,0.31436176636653923,421.0,102.21790449818467,0.6501667653532271,0.262629533677906,0.0110198190195939,0.09182327219135547,1.6340560684252896,74.50982666015625,30.588241577148438,43.92158508300781,28.235305786132812,-4.70587158203125,50.196075439453125,180.3921661376953,0.619837007075034,0.35058591104262876,482.75,170.94205889715965,0.5928143517884813,0.14345047923276855,0.018181313495803538,0.01625549902705207,2.631798936965681,79.33267974853516,23.108449935913086,56.22422981262207,41.188392639160156,-4.022392272949219,50.71465301513672,168.77262115478516,0.6842504000965369,0.2580437994730957,378.25,143.79564492709784,0.6499958746619497,0.13892487046587138,0.05954033198244059,0.041856586256953286,1.8368030522978984,-6.923917591571808,38.79291739637076,0.24123319363479534,-10.225106060504913,40.088386474720934,0.19546315363176298,-22.52775079011917,43.24215154014078,0.24124240764545996,-12.302644729614258,5.503284544591334,0.007479991866951024,-10.225106060504913,-22.52775079011917
CASE00576,42.0,35.0,7.0,5.0,1.0,21.0,98.0,0.548447960568074,0.3967729807112309,4117.75,2391.6116297384074,0.6357345241028401,0.05006513136872956,0.09248945861116886,0.017256706104456287,2.283640318922718,55.89805603027344,40.25779724121094,15.6402587890625,8.079305648803711,-3.2341136932373047,22.614481925964355,97.5091323852539,0.6178509736524852,0.33241121965085774,3546.75,1242.7820353947832,0.6644689392171973,0.08818118214089084,0.11826434315786,0.01242473675046023,1.2055489090070168,42.0,35.0,7.0,5.0,1.0,21.0,98.0,0.548447960568074,0.3967729807112309,4117.75,2391.6116297384074,0.6357345241028401,0.05006513136872956,0.09248945861116886,0.017256706104456287,2.283640318922718,55.149335861206055,50.07063674926758,5.078699111938477,4.029449462890625,3.6138057708740234,20.13372039794922,95.83199501037598,0.5594701397381296,0.39226931054755504,4190.25,2237.4646784921542,0.5882265762525806,0.12052032857398863,0.08986864214229662,0.009911379528395898,4.742076984036018,8.6402587890625,13.848784745376445,0.11754407232494236,8.6402587890625,13.848784745376445,0.11754407232494236,10.561559677124023,1.731004705245934,0.003704330796245458,1.9213008880615234,12.903425514106742,0.10998535975290634,8.6402587890625,10.561559677124023
CASE00577,,,,,,,,,,,,,,,,,60.110572814941406,43.35114669799805,16.75942611694336,9.129772186279297,0.6462974548339844,28.496252059936523,73.25904536247253,0.5882584824036787,0.40184106730294794,672.25,146.14953814501092,0.6210139594505432,0.3074590661000456,0.043487446741067116,0.05840630727605629,1.8919966398953565,86.0,75.0,11.0,5.0,8.0,30.0,98.0,0.4604618850543927,0.5275906050959283,1015.0,385.5236698310494,0.5052379709902212,0.03111111111104826,0.07137575266732231,0.017577749978179524,1.9102162093177635,66.64080810546875,52.75514221191406,13.885665893554688,4.584583282470703,-1.2457122802734375,26.09347438812256,72.36169111728668,0.45480894435810126,0.5174331316793696,936.75,459.3072909284154,0.4908836558881088,0.017586416009667302,0.10412338462618256,0.016350042184271586,1.714237032210211,,,,5.759426116943359,25.246040290049816,0.20978821695999544,2.873760223388672,5.763123831677698,0.018838786944445966,-2.8856658935546875,19.80572101264846,0.14958189266514127,5.759426116943359,2.873760223388672
CASE00578,33.12483596801758,25.457185745239258,7.66765022277832,1.3941059112548828,2.9219484329223633,22.620569705963135,54.50010561943054,0.5186049680898442,0.4394939482637039,419.5,172.2752158611331,0.47304664545357705,0.04757328207569643,0.11895017793583723,0.004675801248852553,2.5348659939595737,64.31633377075195,33.29349136352539,31.022842407226562,12.856752395629883,-13.938117980957031,27.10833740234375,68.32788872718811,0.6878004245722946,0.22814644108145857,213.5,31.980462785894765,0.7434283398861558,0.2393080249868366,0.10346975088958765,0.02595365629901069,1.7728588987759146,90.0,67.0,23.0,1.0,2.0,28.0,93.0,0.5580135037018011,0.42871729855668333,387.25,107.6089564116296,0.6099904274258612,0.17311320754635326,0.1438612099642848,0.04240774170636524,1.4131649695315285,,,,,,,,,,,,,,,,,23.355192184448242,30.98647901172778,0.3813626261405188,8.022842407226562,26.970212679393413,0.22175818381394882,,,,,,,8.022842407226562,
CASE00579,41.86432647705078,34.17226028442383,7.692066192626953,2.342409133911133,0.7359714508056641,64.79611396789551,60.2489168047905,0.04912851674446219,0.9517013032832835,3604.75,1269.6707004180257,0.241126027554834,0.002164814547550635,0.12139860139855288,0.00017335469063120706,3.8697183852533907,50.362709045410156,44.84711456298828,5.515594482421875,2.595855712890625,2.1321372985839844,26.143348693847656,26.220141887664795,0.5496569313366045,0.4462819974983685,853.75,366.07538499604146,0.6244311414774953,0.07418097849606843,0.11872127872123128,0.020920444065374067,3.4261169183791,63.0,81.0,-18.0,-10.0,11.0,27.0,30.0,0.5004157420606017,0.4926186941337893,1109.25,508.81547490224784,0.519174438188359,0.039239646978901234,0.08683316683313214,0.02232808415329947,3.4148292649928784,,,,,,,,,,,,,,,,,-2.176471710205078,24.979878998929546,0.19649810671171028,23.515594482421875,12.75426656494987,0.07274479184343577,,,,,,,23.515594482421875,
CASE00580,,,,,,,,,,,,,,,,,74.51923751831055,56.824405670166016,17.69483184814453,9.673240661621094,-0.8104705810546875,41.19908905029297,33.01149368286133,0.8713302171522618,0.1463527142685377,70.75,11.255554184490428,0.8591043160076771,0.7119175627208247,0.11260450160764462,0.03178849860475516,4.548962015077859,87.0,90.0,-3.0,0.0,20.0,32.0,62.0,0.813066654903297,0.19769107728081414,169.0,76.56696415556777,0.6931759131433765,0.28847771236211744,0.0678456591639435,0.020779992903922906,5.748941953102238,,,,,,,,,,,,,,,,,,,,20.69483184814453,8.648133843785107,0.05177232873819815,,,,,,,20.69483184814453,
CASE00581,42.50325393676758,51.590471267700195,-9.087217330932617,-3.411283493041992,8.345100402832031,15.284664154052734,25.85220432281494,0.6197392417786585,0.366723863227485,3025.0,1384.7315624336725,0.647785412467922,0.12173963840286191,0.05313420582411103,0.019421240641808373,1.6461942627295898,100.3530502319336,85.80448913574219,14.548561096191406,7.327461242675781,1.7969131469726562,39.850547790527344,42.9525842666626,0.810786374028334,0.1903465247455686,1751.25,211.67826411797694,0.8091144552241465,0.4612261588338753,0.08957115951126557,0.04256294680943181,1.5250483553388854,107.0,125.0,-18.0,-6.0,31.0,34.0,73.0,0.7495200985733105,0.2363555087382168,3345.25,346.8511027804294,0.7824177915204344,0.46821931101393727,0.09397788187568287,0.013260003740995075,2.245621957301557,,,,,,,,,,,,,,,,,23.635778427124023,59.273787432788836,0.7452095391804371,32.548561096191406,6.942766292795185,0.019202540930972754,,,,,,,32.548561096191406,
CASE00582,-4.793739318847656,-22.947608947753906,18.15386962890625,9.654669523239136,-1.2512203454971313,30.564712524414062,60.81302785873413,0.5663940761551263,0.3484068684423318,168.0,79.5581548302875,0.6288568538171254,0.12974203338293064,0.0983517805581699,0.03239396294326701,4.623832376834187,5.260563850402832,-5.540379524230957,10.800943374633789,3.663864016532898,5.304605543613434,29.664928913116455,72.46209716796875,0.6370036709211281,0.3036166720863511,159.25,36.196512262923896,0.5619151492143604,0.1433990895285023,0.08535851780553094,0.06673483578059906,2.4122673164809707,19.60784912109375,3.9215850830078125,15.686264038085938,4.70587158203125,14.117645263671875,37.64704895019531,87.8431396484375,0.6498227445655941,0.30486606818039413,170.0,19.987496091306685,0.5724334600441779,0.2428271518527444,0.07850096246386037,0.06812548570493124,2.3053257074957996,21.849605560302734,3.8789491653442383,17.970656394958496,3.861410140991211,11.747400283813477,40.53169286251068,80.65038681030273,0.7497061272031051,0.21397936057594877,96.0,10.124228365658293,0.7012993171449315,0.34446130500497374,0.10773580365729804,0.058603623870092145,2.3593098571136792,-7.352926254272461,11.27594202842439,0.03692852021064992,-4.885320663452148,14.735012116541961,0.07432108378817083,-7.169713020324707,17.11398397827993,0.08729167890070197,-2.2843923568725586,2.6285810753030905,0.017517728260661312,-4.885320663452148,-7.169713020324707
CASE00583,43.830867767333984,45.04922103881836,-1.218353271484375,0.5244979858398438,0.5871086120605469,23.08464813232422,27.165132522583008,0.43065325863311715,0.5576699429561918,65.25,26.82699200432281,0.3730196451157855,0.06463878326750423,0.07083452824757432,0.0010645848119230064,3.435543064362176,88.0898208618164,57.30286407470703,30.786956787109375,20.874847412109375,0.2233428955078125,23.713035583496094,22.488651275634766,0.5573551940363826,0.41480913121533436,32.0,10.606601717798213,0.6902724968206203,0.2737642585447238,0.2414683108682493,0.0330666494612449,1.1265406142413878,115.0,107.0,8.0,2.0,5.0,26.0,30.0,0.5326222370036661,0.46373906934828957,44.75,13.045593125649749,0.4978563911483367,0.16845878135596923,0.15744192715756397,0.010807148848309307,1.2625273231276442,,,,,,,,,,,,,,,,,32.00531005859375,44.954153912960244,0.6693953818513949,22.786956787109375,27.51937844010531,0.31053796795505595,,,,,,,22.786956787109375,
CASE00584,,,,,,,,,,,,,,,,,-15.56383228302002,-32.72496795654297,17.16113567352295,5.391965866088867,8.151636123657227,48.52097988128662,107.97459411621094,0.5322596520088726,0.46796814900944167,77929.0,31741.759150998547,0.6580044049008745,0.2837383883614014,0.037350614548933396,0.04089636509812233,1.1152547124861245,8.627456665039062,-14.901962280273438,23.5294189453125,9.411773681640625,25.098052978515625,76.86274719238281,147.45098876953125,0.47462690569592897,0.5251608123847958,86772.0,32380.230287939583,0.610571954200606,0.04222737981836065,0.06988155643335246,0.008249607627159695,4.943766426390016,11.533329010009766,-12.237837314605713,23.77116632461548,8.225059509277344,25.681607961654663,70.90585803985596,144.272554397583,0.5254597425759745,0.4737486181156514,68722.5,29781.4111695534,0.6241509518754855,0.04749357302909194,0.0749940475046093,0.008540439892158032,4.97575425299287,,,,-6.368283271789551,25.91185396143712,0.08586450231545255,-6.610030651092529,26.70223071680344,0.08445466874407735,-0.24174737930297852,5.051828316962817,0.005686730304570845,-6.368283271789551,-6.610030651092529
CASE00585,-3.5634124279022217,-1.6056224703788757,-1.957789957523346,0.4682961702346802,6.994460582733154,30.008138179779053,44.442694664001465,0.6636209997246098,0.3270943927375858,4160.0,2073.4638892442763,0.6529368363937914,0.05995393966850532,0.07895354438665997,0.014003303075833976,1.5240383853687063,28.27732276916504,14.327897548675537,13.949425220489502,16.506220817565918,31.348135471343994,42.833792209625244,42.925339698791504,0.8386026802323965,0.15653636865356807,2318.0,198.60639466039356,0.8291894198705946,0.49220372258079587,0.16601613162216886,0.015747972830338432,1.736372963757811,50.98040771484375,93.33334350585938,-42.352935791015625,-4.70587158203125,65.88235473632812,61.17646789550781,70.58822631835938,0.8799815542575639,0.10826889272624776,1831.25,359.9426169544251,0.8199415953649294,0.5913679271019823,0.11594757840387628,0.021463784132818152,2.8090878704934537,43.127471923828125,78.89297103881836,-35.765499114990234,-7.486698150634766,51.59544086456299,48.29337692260742,63.95549774169922,0.8502976734552987,0.13453160886371202,2079.5,266.95739360429786,0.8581720039486879,0.617699248687919,0.1027371879593311,0.02083048763830052,1.5194968829518627,15.907215178012848,35.030182728800156,0.2421148028248282,56.30236101150513,26.47564185568165,0.08095794728423089,49.714924335479736,16.01432243250185,0.039749273873433154,-6.587436676025391,10.983062204326373,0.028770307841178473,56.30236101150513,49.714924335479736
CASE00586,30.626973152160645,34.88490676879883,-4.257933616638184,-3.4221458435058594,-1.1365547180175781,18.127363204956055,37.715089321136475,0.5641310017917116,0.4251939801338701,454.75,158.05121796430421,0.6657868275508765,0.19205630970288573,0.06414912936648641,0.008664557832484421,1.4477928294551747,84.65237426757812,50.65082550048828,34.001548767089844,13.846502304077148,-15.434013366699219,27.808490753173828,43.60622978210449,0.6263692956139479,0.3565759838115554,378.0,86.67467911679859,0.7646116138754978,0.3451483157356834,0.16654203610716453,0.019245404116809313,1.6561237433434481,99.0,84.0,15.0,4.0,3.0,26.0,51.0,0.587782731489392,0.4112146060980743,463.5,152.4147302592502,0.6690793167220958,0.0933888118351979,0.15810276679833452,0.01695319305001449,1.876748456779119,,,,,,,,,,,,,,,,,38.25948238372803,53.64446377769584,0.7589855834273769,19.001548767089844,14.297119920396673,0.09203018175584325,,,,,,,19.001548767089844,
CASE00587,,,,,,,,,,,,,,,,,-0.9061093032360077,33.23948287963867,-34.14559218287468,-10.233400344848633,38.75478744506836,41.81142234802246,41.463167667388916,0.8629539863411457,0.1161276647175797,686.5,124.82888287571912,0.9108732306412337,0.7805168986079619,0.040353356890456195,0.08879908981724091,1.286616023768129,7.058837890625,52.54902648925781,-45.49018859863281,-15.686264038085938,40.784332275390625,43.92158508300781,53.33332824707031,0.8590682606313127,0.10621340399393905,632.25,86.26231796097296,0.9076097249131407,0.7468730825502681,0.04723989006674148,0.05325342857193005,2.7813405609020627,-0.07942521199584007,52.96753692626953,-53.04696213826537,-26.267653465270996,31.914026260375977,37.364500761032104,45.11670112609863,0.86998147936127,0.0878159493494891,717.5,363.58114637588125,0.9095849845177698,0.8414094726898059,0.06534746760894658,0.03316469630387666,1.5231272366512993,,,,11.344596415758133,8.35798538481353,0.043788406366572497,18.90136995539069,2.9687800977282928,0.018974742031741505,7.556773539632559,6.0416283884986,0.028849676980509435,11.344596415758133,18.90136995539069
CASE00588,,,,,,,,,,,,,,,,,62.4874153137207,37.04854202270508,25.438873291015625,14.817440032958984,-2.1267051696777344,34.75315284729004,148.15741729736328,0.625379772194822,0.35007319934539755,12676.5,2254.1793961439716,0.7618785959455917,0.5132000818609228,0.028878332049698478,0.051420292884599005,1.9481235508696502,90.0,55.0,35.0,28.0,8.0,40.0,190.0,0.5797177049625422,0.40084448037420767,16503.25,3558.8813112409352,0.7133243893815835,0.42730128510229154,0.03631431511937538,0.047336805676525574,1.8959067717968827,,,,,,,,,,,,,,,,,,,,-9.561126708984375,26.224982531591895,0.14555948204900893,,,,,,,-9.561126708984375,
CASE00589,40.70461463928223,24.50759506225586,16.197019577026367,7.109223365783691,-8.481210708618164,17.73662519454956,340.89694595336914,0.6159199517288514,0.27989901330097117,157.0,63.11497445139307,0.7131237013632759,0.30921704657770843,0.055210918114058295,0.0025306250419898932,1.147370851618848,76.03474426269531,39.75181579589844,36.282928466796875,18.890830993652344,-12.193363189697266,30.863614082336426,295.95401763916016,0.7053444416256631,0.12446025177011837,68.0,21.365860619221497,0.880176247633673,0.7234886025696383,0.2005272952850488,0.047969901238427884,2.4945377845883043,102.0,61.0,41.0,27.0,2.0,17.0,187.0,0.5216733692489858,0.42904851129740773,143.75,50.38538974742579,0.6751881387793915,0.32822966506862944,0.16268610421810997,0.01117506102613236,1.1645818690118783,,,,,,,,,,,,,,,,,20.085908889770508,42.22557157916831,0.5351544498709319,-4.717071533203125,45.33967147601757,0.38888211199281086,,,,,,,-4.717071533203125,
CASE00590,44.25550842285156,44.32233238220215,-0.06682395935058594,-1.6818580627441406,6.131292343139648,25.914642333984375,40.424331188201904,0.7416057663555117,0.0520328466709152,71.25,26.88284769141841,0.6991488308846672,0.4839857651159433,0.09773001205293518,0.00807883201101232,1.335129928270683,42.760276794433594,52.44690704345703,-9.686630249023438,-8.396730422973633,19.185216903686523,27.482144355773926,31.388951301574707,0.6873629982082056,0.3017678527149861,70.0,19.42935922772545,0.4433372745065984,0.19750889679363862,0.08959421454390358,0.0038884662295156458,2.185762691319933,54.0,77.0,-23.0,-18.0,24.0,36.0,38.0,0.7240870068016464,0.2689910211450204,74.75,13.045593125649749,0.7346013592696145,0.41296928326940324,0.0725190839693928,0.0009902305304977732,1.2623296771490442,58.644126892089844,61.693603515625,-3.0494766235351562,-2.5762786865234375,11.858959197998047,27.8867130279541,29.0617618560791,0.6928147548385856,0.31729512964619194,69.75,37.995887935406905,0.5679257778613673,0.07117437722293284,0.09130172760135465,0.0015215737419843832,1.9219668197326598,-9.619806289672852,13.015141240564168,0.008957314676751376,13.313369750976562,11.449947568439967,0.06233733017823414,-6.637153625488281,14.185166184664988,0.0855950077738762,-19.950523376464844,5.113450429514709,0.026676135234910622,13.313369750976562,-6.637153625488281
CASE00591,,,,,,,,,,,,,,,,,117.87537384033203,93.28725051879883,24.588123321533203,10.474227905273438,-13.622322082519531,33.506492614746094,41.54379844665527,0.5240577275165995,0.4745583188164159,231.75,75.05123250153858,0.6498740812742004,0.12560975609679506,0.11754122938518985,0.008648747765229491,5.2597233661219445,137.0,133.0,4.0,0.0,9.0,38.0,55.0,0.3600891941318239,0.6401163985027967,408.0,174.7669877293764,0.4850135628460245,0.1105964099588269,0.09925037481249449,0.00476750760203463,2.2835715354126935,90.78805541992188,86.50629806518555,4.281757354736328,0.6264457702636719,4.486835479736328,29.961040496826172,42.90299892425537,0.32726225368528605,0.6750956050165493,389.5,184.9020010708375,0.42196071056820283,0.028048780487633852,0.08955522238871608,0.0006112189233377732,3.1769442553436384,,,,20.588123321533203,19.400469951938845,0.09239451407961738,20.306365966796875,26.992903733621088,0.20048389795410737,-0.2817573547363281,46.3850730721566,0.43186315305668616,20.588123321533203,20.306365966796875
CASE00592,,,,,,,,,,,,,,,,,58.74934768676758,53.99817657470703,4.751171112060547,2.3631629943847656,20.52790641784668,39.91596984863281,176.92390060424805,0.6335648221907171,0.36741820939018116,1159.5,346.47402500043205,0.6730700053617314,0.13681229079037266,0.1015148477992894,0.020555388190737402,1.3570696617594622,87.0,98.0,-11.0,-3.0,46.5,39.0,303.0,0.7621395775341668,0.23165997974773017,1041.0,445.0466267707239,0.694875263848693,0.08896591565561693,0.06875519028662733,0.021948700292648154,1.1825950200132576,,,,,,,,,,,,,,,,,,,,15.751171112060547,24.739822308407234,0.12666278794659996,,,,,,,15.751171112060547,
